SpeedKmH,CornerRadiusM,TrackGrip,BikeMassKg,TrackTemperature,TrackBankingDeg,TireType,LeanAngleDeg
200.058645139334,42.5398193596137,1.02565191121811,150.75477306699,43.5195093743611,2.75629412563741,hard,65
60.6112138773038,51.9655808371697,0.93971188820143,164.700075932377,45.0183786874566,-2.20959952385747,hard,27.1368524743852
146.139990798093,51.20196813605,0.820310801588814,154.258602013276,24.1092703600648,3.04976391954352,hard,55.1822808071233
140.302381351789,146.118628383299,0.764698870467468,161.619420801277,39.3424570379209,9.52447619622279,medium,25.0567826238208
95.0056067543715,206.826879293605,0.867864083360759,153.787625274715,37.8904894163559,8.06784666484948,medium,5.92876896002563
209.840966078068,152.705919088291,1.01887147779967,164.768384023423,54.2771573612993,8.04504418668121,soft,60.5816055849562
117.687335846296,145.709531519239,0.941965423097189,161.112993094365,44.8219181694319,-1.74535685299233,soft,39.0425753815711
191.605392855171,240.64531076515,0.90042250204658,152.348142093674,53.7254547514643,8.87078696419027,hard,39.289594247371
175.959682253132,65.5374440614055,0.97306214709891,156.248918668109,52.6843743185031,2.71336268395435,medium,65
137.532835634283,201.539358765364,0.907564525585539,162.20026293885,45.5344696744533,6.01583220630987,hard,25.874630690483
161.780211344934,122.623870887245,1.04631005264502,155.519796255777,52.3053950189582,2.49136123165933,soft,62.9669508763372
168.963072010602,141.197220573632,0.914062525890504,157.11103243159,30.5737124172334,4.58902251394104,medium,46.7941918305994
146.985732130659,131.926545263025,0.813075727089754,150.374113220288,49.2707684002862,1.23230496130685,soft,45.2205034231882
195.544070606174,61.7306701029616,0.904938306985208,164.693132738481,53.3926076269746,4.83095425885472,soft,65
63.0425690375531,202.170562475478,0.951540877398976,164.595525300614,36.4483170884627,6.23575024182007,medium,3.87780802975565
79.0693522444631,91.9284094399619,0.941823750658201,160.122296646562,24.9095061949903,-3.474306728469,hard,29.897226096298
166.271326941988,73.4268987534944,0.941896446797184,154.453330974393,49.5139157417538,1.40682868488608,soft,65
66.2300512305916,64.0012932114203,0.835082122810692,162.777660856222,31.7831166368584,5.53228894717206,soft,12.9357816823377
102.779434432099,157.018748559018,0.992979573504135,157.367866590503,50.3864628754124,1.38265448068267,hard,24.9035639562516
120.912402631561,134.681678833643,0.911739977178317,151.898748443651,52.3626509920278,3.41095275837662,soft,35.4608425758443
102.43834948905,54.4707159719766,0.772908235404331,164.569305671896,53.949488843695,6.20828771298689,soft,40.5954056254661
204.565937255359,180.779790891067,0.778880976130613,162.412453644772,39.5219595529131,1.4913495895506,soft,46.8634775759663
115.799985186147,159.387379030139,0.969721619184358,160.007085363238,29.5518904351884,3.33802907362561,soft,30.6722068275798
111.697924355216,200.938793410217,1.02746949190091,151.07334461062,46.6473693800027,-4.82915153722462,hard,31.2226761264452
194.100402120696,31.1250270691803,0.771366707082146,151.773903784996,42.1343153706526,-2.08811238800944,hard,63.3128511008328
117.097821582977,181.650786021012,1.03312280664858,152.555976041659,42.7306115587541,4.91887860162136,medium,29.6747695250987
198.876479791521,119.108400481277,0.809055084493109,154.619906432489,52.5692935370563,0.310048899725474,medium,55.6735363168174
63.499058824668,207.808030261602,1.02136852312724,156.063220376456,47.8773255804446,2.40810244937895,soft,4.33353328144535
170.99497365666,38.7588957053831,0.809663149494233,153.069613798716,53.8747950184234,0.413612660540042,medium,65
172.600825721045,118.052782828943,0.980985584104197,161.124401585294,47.373632668271,8.49001564222808,medium,52.5334139116207
182.045401234002,93.5645463112124,1.04031736008949,150.676850317745,24.7876459366939,-0.289802299202211,medium,65
168.166170067842,229.842329739402,0.882489916163176,155.215235579716,38.8450373242259,-1.27621752620189,medium,39.6280456386803
102.645162143388,217.047560667076,0.9510279237639,159.636089443221,51.80785061937,2.30374026058537,hard,15.5409112919289
185.406597514632,46.1207933206691,0.907450062280384,163.703317844688,34.7006050108328,-4.73832681788274,medium,65
123.561267638923,98.4396714571368,1.02983526310389,154.686719822368,34.6744966374884,6.44140028934418,soft,48.369670005928
68.8243810801531,115.513928550238,0.981381772910473,154.914380605055,43.6899514307768,0.728760245042452,soft,19.7213218880922
189.986214148805,195.561362989957,0.946614807670487,156.113843123521,52.2864021063192,0.779479278650567,medium,54.1340541480085
74.3355508394909,244.234307228833,1.02407037993098,163.645385316698,21.4835084872429,9.83732555759647,medium,2.23911195116802
182.074828820167,131.114266418408,0.976008742095111,156.943582513405,32.4994077074265,1.10754023002872,soft,64.5362178103484
161.052833049136,180.91583280047,0.781827933890136,161.957137054635,35.9824718925849,-4.07509659803801,medium,43.7937306924404
81.7827143714607,88.8162455184342,0.760040459970249,164.562156524517,45.6257737156135,5.18442514652115,hard,20.9952937133724
130.672646837648,236.264999885016,0.916825813274859,163.18327455565,20.5737812880814,2.38585183610389,hard,23.3468673297357
204.215143043309,54.1616322956943,1.02985826461155,152.765628659188,27.7291875802648,-2.15970106487949,hard,65
162.455622633898,176.804922110074,0.784201651985604,150.420927331901,33.2367679735531,1.19968282211484,medium,35.9651794770827
179.168024742157,44.981698451391,0.941214710452512,160.610770218296,46.5774268344636,9.73976464475017,soft,65
185.577881119421,224.516269207311,0.948533508424176,163.895968501669,31.3734314944491,9.57698448196748,hard,32.6604923393293
101.561919280316,69.2304970227465,0.783831301776865,150.010198696264,46.2164884396086,7.6707970072033,hard,32.0906130469515
108.48767545561,27.8082218776872,0.863931950596081,164.362485792611,47.2258010074645,-0.190438685434592,medium,64.8457155117981
106.597829113974,159.795919152182,0.945681275295535,152.401900345879,43.5589008537152,2.98151501559878,soft,26.4175936492003
123.490628334491,83.9598440862122,0.807770163802939,161.388218184011,24.5656466143326,-0.231562808442809,hard,42.0533955011375
142.355299712319,160.211412127809,0.841861958131825,159.390237161705,36.4438679241789,6.10382678531151,medium,32.6969390752546
134.350965190699,140.819967785404,0.853325162968526,155.410899735582,27.7160091535566,4.37972013616007,soft,35.4663819473284
172.628414450692,87.8229265142617,1.00619212789405,164.81930284515,43.0645557924152,5.69177045997202,soft,65
129.715355276098,194.774833922714,0.879020446061172,151.757416964523,32.1344424666147,1.37435106998249,medium,27.5858388756247
149.840522513188,198.229963041692,0.921974937733188,164.836535172374,47.1017054084342,-1.94784931245146,medium,41.3802169551337
192.375359055615,206.237508632769,0.812024517386586,162.277781346383,40.9468893606467,6.53927822835802,soft,42.840430822079
142.002081041497,144.605817060712,0.835378830056731,156.861431705768,26.216412300099,1.18533589433287,hard,36.7591730083895
125.912423899594,36.2427254005688,0.947618890373283,154.579577513179,33.0005821096664,-3.66375721192341,medium,65
141.400258915752,154.783682706229,0.829039790012186,153.076880411274,32.225577114739,5.80849744018826,soft,34.1226107981197
187.873322517048,166.049588299813,0.859839408661081,151.760044966081,39.6083901045988,-1.56827388263327,medium,51.2096079076617
124.6750378398,133.646553232116,1.04186062321983,151.881164191967,34.5894047094583,-2.97280459597208,medium,43.0216863299382
83.7552326323702,129.080172367477,0.78014272381715,159.68248120729,41.7423362232559,1.93328135537554,soft,15.3990433971299
187.221422093173,92.3515720336505,0.906538236329652,151.344656699097,42.4001102983458,4.58279576944269,hard,56.2332113033491
174.551328280092,155.263485259656,1.03895633189001,155.222300782044,27.7807659025415,-2.71748340031038,medium,64.1042724300372
142.092907835495,46.6811955120012,1.04698972816726,163.335031805038,32.6915874655971,6.56115918693226,soft,65
112.566355299103,78.1961575145219,0.937830060133743,151.942237962197,32.1360240863199,-0.689269257687356,medium,51.2560353922859
147.014659604809,70.0216627490708,0.819258547677093,156.568406791921,31.2933445558562,-2.07500491037581,soft,60.019202765401
205.6993618204,244.563635777898,0.771486336780114,160.208697769758,49.942759458337,5.86085032653747,medium,37.2535612820606
179.313551957943,172.771303217655,0.826612369425277,156.713740375691,39.1600124743073,3.63537786862204,medium,43.4391923164915
200.874969250039,92.2016684392506,0.972680309180624,154.159718874212,29.8882165860644,-1.83479990022477,medium,65
84.0613650962159,219.004648082212,0.899328373946799,155.767718023021,53.6091610346229,-2.36000079795731,medium,17.4137850229447
61.9574408097495,157.914694229177,1.00749894351366,161.831870892074,44.1317405204261,4.66908581171049,soft,4.78790418669761
207.280834600275,31.2853055079292,0.890723579806767,159.631453331916,37.0364762800432,3.07044279751849,medium,65
180.991166191552,78.5963444703157,0.792532297272269,150.816398160705,35.1885189123114,2.42117381398351,medium,57.9205638098301
198.106842345835,35.6022502241791,0.998308133963989,162.09874409947,24.2583712244041,-3.44140032056143,soft,65
127.687352018568,152.337961863167,0.986872791541688,150.153677528847,20.5906080766693,6.60312512711193,soft,37.8026126156894
176.556590971841,124.086744182877,1.02232514680999,160.135544576002,22.7436282598931,-0.629308610051003,medium,65
140.232576408175,93.5874956782683,0.76573102183138,160.87915703207,23.6380776712617,9.33271493257876,hard,33.9767364962854
204.003165410924,167.825243002498,0.954329930098605,164.793485798858,41.8368827737821,4.72805789917603,hard,51.9551050388237
169.267729756317,54.8441086593652,0.85227717555451,161.993743278447,35.4251986304483,3.31961726350657,medium,63.0624645471212
60.7301294175902,181.170319891554,0.852205469053194,155.586553180702,43.5733914821831,1.38988711726507,hard,3.66872878826046
73.7237443685624,182.713690725305,1.03151095324898,152.821706373101,36.4630656833022,5.53737850507208,hard,4.25861624793775
178.50585817242,28.7261462981809,0.912329627878578,159.57159943276,21.822930383014,-0.266022041169215,hard,65
202.740644567039,209.553568704553,0.932969480854085,164.915777968569,22.0915296241534,-4.06567909518013,hard,52.4570615659515
209.638389973173,71.4724360403954,0.891754581997912,154.25640401636,50.3830865773049,-3.26241910671929,soft,65
201.619661986714,230.40089530473,0.937561026809702,158.120370437285,44.0014273069246,9.25317740443779,medium,43.7785984799931
167.890539583652,244.943146220555,0.847160375679672,161.3730919927,29.0079547878884,6.6156891732353,medium,31.2116824839346
159.984573776372,193.031200395079,0.991540690804083,158.122639891255,40.2393544495363,1.89167028561943,hard,43.813357844363
134.159884006205,35.2811432529521,0.792258496697789,152.412484984633,39.0698141308908,-2.88387070618148,hard,58.3432280181336
91.2898762371322,40.4033623403589,0.920011895081956,162.373476881401,34.6001190308857,8.97435785017228,hard,41.7322199355147
104.333760000613,38.1027421708895,0.942898349960762,154.580634699078,30.235660345163,-3.39837640670061,hard,62.9717150417999
71.2273777597868,171.533231533204,0.883874753980241,159.227535450072,41.4046242142082,-0.6399080377458,medium,13.8087136940085
193.138286030938,124.415816919012,0.755262769305248,152.119301525193,34.8954171575834,5.16362665657367,medium,45.2176955857876
108.049985340929,43.1739795408344,1.00800935269573,159.332078393837,31.2851972047256,-4.52669255630808,soft,65
177.643481686305,234.761417433912,1.02515909657167,151.358068547461,38.8941174384011,-2.41413741048467,hard,46.1984780305278
92.7168002780752,220.949135921394,0.848625490607849,159.023046027248,53.6683355512268,-2.57783651524816,hard,15.1028623912671
138.856346978894,192.971603255334,0.91787826743504,161.839575103652,38.9047045720383,0.557614199088465,medium,31.8690231748038
75.7404559465073,103.585430887544,0.982627376114614,159.248986108433,28.0676956428263,-4.82869988688186,soft,29.0269560098659
195.681403452697,129.135053972294,0.839176247442969,164.491813445243,54.1104578905317,9.69084998895818,hard,43.678118109567
190.322551120885,63.2053051272845,0.953521010259682,152.000754749102,39.3087076439073,9.99735073956886,medium,62.9324466621622
73.873317919071,126.779729043381,0.867004695624738,153.824415083961,30.2097178293022,0.328297089615017,medium,11.2002439441213
158.003646180517,163.862533222433,0.81276646697712,150.225381076701,34.8701901562438,2.64584413759946,soft,40.4012927977261
199.991450574857,142.276097437613,0.822789972280304,151.768887081032,44.1500986099374,-0.832551820204318,soft,57.7717570512195
76.3168970866538,113.895344569838,0.768919981138622,162.640446626441,46.3118679909098,3.68847324743413,hard,13.2814611909283
139.005704783536,72.9085153860961,0.845048461338463,156.066298715588,22.3087180742866,-1.28180657919734,medium,55.4770286203958
127.155244178076,80.2168815557027,0.997116151946704,157.377329573156,30.4694247956488,9.81001267386489,soft,50.9301414846457
166.614536889913,44.2749278678236,1.03579606455033,159.872429942353,43.5665920826273,0.241201051885139,hard,65
168.938901372141,98.8432431327802,0.866654685936875,154.569070086486,21.4280764973141,8.88473598721613,medium,48.1351298414953
146.668606762027,208.550137155751,0.823219178376806,158.105727326092,54.6241889038156,-1.33391278605212,soft,38.1589934143033
208.250610832673,232.813937783837,0.862789469804069,154.397819018389,47.0905183499665,7.20613492111209,hard,40.219224437806
70.1687731815461,99.4216480676139,1.01393414083388,151.182307094908,45.4100221288465,7.91506011629415,soft,15.4864939910297
87.1510632201064,137.838786507662,0.765449217158196,152.607212220715,47.8280498852441,8.73077707703219,hard,9.88964012363179
133.024269574371,227.956725449371,0.857520515909623,152.782193358094,46.4306063927081,6.45983119136588,medium,20.0007070605884
100.380075994906,80.304220131822,0.845869614747645,150.684715808206,21.6425763876349,7.53700555374184,medium,28.3879823899598
175.404758896813,60.3677452281987,0.773947694298676,163.299124146385,40.3976639314569,8.79117800896826,soft,51.0484491089067
118.334154685026,155.573600951747,0.937185696348285,152.291258786125,26.4025509200981,5.50472400847721,soft,28.909218105105
205.902941040315,101.399117938625,0.868408158014237,154.089074462282,32.7845499878811,9.24175135331571,medium,57.3489536272448
184.466925622169,23.831186291363,1.00842785661121,163.936578702842,44.5242360450632,5.8993311372116,soft,65
200.568068011224,213.156040810702,0.882479764953229,159.53947655658,48.0346209832754,7.25170673053159,hard,38.7898987608376
93.6390861372075,57.1881072739931,0.993265857982783,154.336903945163,40.9763497892251,-0.415043961005241,medium,52.1675129010882
162.634732675313,155.563264155919,0.811379605742132,163.859608966591,43.6914295218833,7.00891992995845,medium,37.4279722255802
131.334393956103,151.192452061533,1.03814863800423,154.588472610531,51.8291215061353,1.62180459033218,medium,41.7545436287296
155.753327103079,146.134962029994,1.04286156465959,155.919187792617,22.414971058988,0.68568835393362,hard,50.9470962100006
164.493473091071,120.773810642526,0.901618776508438,156.031079127393,49.4195878279878,-4.67664487439555,medium,59.2101316172126
94.0478737102436,68.6027669140747,0.77474126164775,153.109043560412,34.600998933695,0.097552662766196,medium,35.602167968298
86.8368825867283,84.6371727342798,0.876272342030651,151.401194776147,53.6675562455395,5.77512666618337,soft,29.0719089116339
79.7609580699815,59.7204471736598,0.91611008635636,159.148860168319,27.103464777786,-4.84739264143869,medium,39.5457942523138
148.894694985334,145.575095215629,0.975220829312272,156.873149764551,28.0457541167444,2.99193038919895,soft,47.6720950497856
193.174087712719,93.4945438839696,0.775776665021446,154.990034976772,54.4128573040194,2.60485129601031,hard,49.6029680858242
165.477730996679,43.0301669176748,0.903004042862202,150.455401713538,36.6925956597399,-3.74952706038588,medium,65
104.517678875975,52.5038269947451,0.885371653688239,159.533130896127,36.1185838028613,1.98186165774339,hard,49.0915211880038
88.409681084804,68.5834155188141,0.999304531200885,163.572179208932,49.9630269082627,1.71843415888877,hard,38.4687217408927
61.210425668888,60.5839606977925,0.970149592333205,154.91023144801,24.847843888628,-2.79533000084558,medium,27.7900257030973
127.395132907784,189.385393759402,0.75081934358431,152.686141699131,52.3789763840854,4.2662130287288,medium,23.2104458911496
125.74356344966,194.101442372801,0.883530343514708,153.335114747854,49.578784766246,0.158611624484911,hard,26.5598124476916
166.109625931828,82.4871860896217,1.04153749560647,150.136847091238,22.4932548734989,8.97984345546656,hard,57.1552138624693
103.64781184077,94.5204843959915,1.02390273159734,161.972638407444,31.1434993011172,-4.16804024017938,medium,46.5993634182237
136.296660210707,129.786075293848,1.00155051485412,157.75107475521,50.82473247396,5.03809152663807,soft,44.8698776026995
83.4282642990337,135.604518775574,0.985804834938712,155.961256280251,34.5519757799901,4.64989996279662,soft,19.4658246524844
70.1579679784964,203.976790816912,0.887539356746571,161.851685325887,22.0814147541673,3.09461982246036,medium,8.57962057362472
87.9763766716578,74.3050593162257,1.01395262999882,161.180974332638,23.9820429525654,3.65695929233582,soft,35.1303964815623
137.941216606742,167.350030851618,0.845829367910238,154.021265443566,51.8648643015327,1.60341779041588,hard,29.7346949524907
190.545537432221,118.783387880445,0.937187650102834,160.321027678846,39.3474009765855,-2.04182595226512,soft,65
153.445393607959,29.0864731949014,0.782525134962818,161.278734515472,31.4829897707102,3.6442360962468,hard,55.42367324426
102.984392894103,145.73734973266,1.03121449435248,152.259266795079,40.2285996537203,0.662390326749774,medium,31.0675565827145
180.08646893424,214.209948442547,0.958547929255561,163.503125509764,25.8854339402182,9.26654270501431,hard,39.8133628558694
69.4398617403712,33.2343815621929,0.987062746048256,163.969299510616,22.0060831397925,-2.34473893693906,medium,48.2297610974332
187.657696427571,169.916775783052,0.855943959733498,157.732785033769,25.4592395487008,-4.12526149145471,medium,55.1804803228574
79.6422371917483,168.438342728381,0.905935233292229,153.913157235654,29.2863331142896,-0.691918592380591,hard,15.5928941060748
134.011571741271,32.9270303307946,0.988092266684527,151.324353049536,29.1099966236484,-0.374163004423314,soft,65
179.633947734099,248.131524620186,0.755936168410958,152.839778369655,50.1311247933861,-0.263421297899551,soft,39.0968392442556
146.999969009029,158.938054465545,0.940600491621299,151.617641867552,51.9227454194184,2.1642548601727,medium,41.0212288097999
108.062325621665,184.903169420602,0.768732606169216,156.878965282351,51.1433165591202,5.89784917495108,medium,13.4524911504654
196.668501990376,129.834875662106,0.780615882734201,160.061906593159,23.0204149840667,-2.88776367559314,medium,55.8718303288121
162.717665583778,82.7965043702903,0.94640850658843,158.13002532143,53.4096223450099,0.197128457309161,soft,65
110.85270421764,99.6626934256713,1.01997036751384,163.981443695528,48.456678935002,9.01131902094975,hard,34.6367754793178
67.7028079866068,60.0463803332593,0.979847453686869,156.533356980927,28.2017248651613,3.51064463919728,soft,30.0969153144768
152.379435983732,77.8649343845513,0.856074067915733,160.989560124639,51.4338558090456,6.71641735816871,soft,54.1168336568437
126.972678705452,175.523530568252,0.814915187321927,164.477892364398,49.5471608342927,-3.23937344407318,medium,32.2979742473899
112.367715933881,223.375056005192,0.924339873272202,164.219981043761,31.8586135701309,0.27972790055185,hard,20.6866084589744
67.2476015372553,29.2285608535899,0.922427361525728,154.40117382723,22.8813982861196,5.58532202961732,hard,41.8269543373535
153.643372071362,189.169241835965,0.859269259139359,155.247643227199,36.1258258887036,7.83067679509956,hard,29.775859534303
199.518759065911,211.586600029824,0.788706998909157,159.507328524288,32.1393499804248,-2.01278983912617,medium,43.770992221628
202.146716163625,103.326778986357,0.894712081556625,163.206401063021,26.7263870686215,6.07980744660466,soft,61.7902380962552
209.724894369266,189.577504075116,0.787915789039601,155.293924306759,25.3381156430866,9.84214315398967,soft,45.2540038605284
96.8254990728308,135.104033082729,0.797613087805998,151.312501978798,42.0374499303561,-0.740815423407771,soft,27.9675095630403
94.9292116518723,102.006369229041,0.97773453228992,159.376026969786,40.5626547633986,-3.82074243355256,hard,37.25293738359
128.05404239719,25.6129732693623,1.03988929657019,155.016203674026,23.6551478751053,-0.0896287474759534,medium,65
85.7986253796368,188.346357110494,0.774614752768128,160.513131547872,38.2530447542923,7.83186794129326,hard,6.09778895082699
102.800249656245,174.406271711137,0.992718451782755,151.216699158806,44.3941638472824,4.24455965534323,hard,19.5073619504236
82.5231576951929,236.862365900153,0.941378461644376,161.665082885159,45.8200461412933,-0.631501916153015,soft,12.9404790383923
196.508909975316,32.6388259666501,0.972444466771855,154.50956832975,33.3595811867911,-4.65817833335811,soft,65
187.084805364599,213.750288509902,0.755271478880256,161.512127690856,22.272275345541,-4.45391027023249,medium,48.1174182158977
181.50926235549,125.263125400939,0.86102857954422,152.892800629611,52.32173646775,4.6435652643926,medium,47.6085500332632
73.1877335869748,202.455620769908,0.806048143765857,158.551154058537,28.0317303185283,-2.95729126440263,hard,12.7999679815563
188.209733321178,34.4223694089601,0.927237353839332,155.03977917663,34.1829384332158,4.98793367868198,medium,65
158.286261305091,29.815619270238,0.781133692013088,151.768108207493,53.024268326018,0.702500695130633,soft,65
129.280646326787,249.024814828437,0.799455978041236,151.786239612122,25.7853029187637,0.228731122923748,soft,27.2426441122315
84.7674425409277,76.4123727599573,0.878351679637941,162.628536033678,48.9463426207342,0.284132433693724,soft,32.5968428944578
188.601602963561,223.221977378268,0.764204239418196,153.655650655551,36.7624176142117,0.394847059198037,medium,39.5982909757125
201.712667351411,172.475208291045,0.962662846000561,164.321886781876,29.4561513012694,0.346237878631851,medium,58.7394742309095
121.794751005995,136.348550377728,0.985594671123653,150.511105999985,23.2176739955564,5.89276814114896,hard,31.6402573777162
108.914970990412,247.452640236668,0.923343589945442,160.700815290183,43.6389271417323,3.78305292551937,hard,16.3519343824596
187.876510314875,119.049514117195,0.978955663147078,150.201877548201,39.5207269024944,-4.84708783626482,hard,65
205.139476891011,104.80168031405,0.929965826788503,157.979662665788,25.4486532835168,9.02312082075826,hard,54.626773932466
130.969920614103,148.821111776666,0.931680499656204,162.340520697928,45.83660142457,9.96077715096516,medium,28.6036554407455
92.9038141415458,63.4427268580142,0.887216330819249,156.732513115405,24.096815881312,3.68883331834663,soft,40.1650439205024
103.745775363455,71.1128612393078,0.780507147303906,154.87599282418,45.4869688745023,0.391083835623146,medium,40.0278365121514
150.072849022068,138.214713854411,0.864549992017781,157.501367931188,46.398816451148,0.790248864754826,soft,42.8159612674838
180.303614552124,63.7028044045386,0.880147123748581,153.672408356655,29.0989711940313,6.14830702293531,medium,59.5286880877724
196.911104324745,187.533493223208,1.0127349979578,154.137741533376,21.6375009099047,5.92391427273233,soft,58.8332533858545
189.736490127791,245.643601696911,0.911425738761416,150.346800738556,32.9493393787987,-1.59707031888533,medium,48.0092856420747
159.349631444273,64.026013445484,1.01169720164256,155.696313668258,23.1804290872281,7.25102417763022,hard,65
111.870902305196,34.5731233425976,0.770614368398067,156.176631839409,51.2626845010663,9.78167722672869,soft,48.7660447594641
159.943259931685,31.3439970250384,0.96800736050435,158.039824545597,23.9606007634299,0.69808271466756,hard,65
125.48337995551,223.912089029777,0.907184201016814,151.662189502957,24.7521022059145,-1.54565294518986,soft,30.1766801430231
116.419622867864,244.658038005454,0.757991593444838,152.966625026176,52.4458355561934,4.28593033334465,medium,12.7398132286237
160.525371453678,50.276352597063,0.807737224597407,157.990092295016,36.7469838527291,-0.880364361193436,hard,60.5029744384203
156.847794147334,126.348730252246,0.96745415417318,162.857673341434,27.1373609538361,3.31757492688738,hard,51.6129417708602
201.747698482832,137.54212226144,0.924995555538893,159.07090704909,50.1165197750075,3.09848156566504,hard,55.3693918302149
202.699041414993,42.5242526187978,0.798864295299931,155.936472927337,34.4489323482049,-3.4117321865486,soft,65
93.8772257966514,35.7811812585748,1.02037080731964,158.444551609372,21.3251060116316,1.7328953228216,medium,62.4746875147722
146.532883223216,155.271848018388,0.964221523229633,150.83603306021,26.5920842013043,0.313487552681034,hard,42.9045798998941
194.160960937142,41.2394257876732,1.02856542691855,158.542687063486,21.1591866607822,5.015635738378,hard,65
64.0221504679379,188.196217927544,0.796327842268022,158.236244414697,37.8618307446616,3.40670451114091,soft,7.74330126231673
74.3005062571775,238.746770017137,0.98730649318667,150.337095135246,23.2590955142755,6.67070503590299,soft,1.43547184584144
140.893376811434,59.0711989006154,0.988908413349913,164.382739369418,53.4810105545269,9.72385225618236,medium,56.1388914198919
122.730118926211,94.1561221602991,1.04642051296071,154.649814875131,53.3660655026649,3.13454005746703,hard,48.4083343482522
94.1816235412134,223.570104779743,0.844934891889581,163.737353367668,34.9476528591158,8.78503300980545,soft,7.51009151739097
196.309998250076,246.465799017176,1.00164348942919,157.915087422234,51.5041738349793,-4.0722754276792,soft,56.7155316423987
165.496628282236,25.6337417542976,0.901209392638214,152.57750058455,44.3436025250818,5.44233926008815,hard,65
67.4617068511533,48.3841154636968,1.02224690880314,164.030573267229,49.427270543602,4.67595929793977,soft,33.0190255191871
168.703179484697,229.897455428918,1.04457945499771,162.741961080583,36.9206315205611,-2.91118915291505,medium,52.396071924673
69.0936730036085,177.984034936522,1.02603861938822,150.717323069924,31.2315638160371,0.1976532925079,soft,12.3995356260253
107.300629058839,164.004714850738,0.777529466908997,163.06880458316,39.1454345399672,4.0713634960898,soft,20.7394110765015
72.0042444589173,243.932203148133,0.904880709675605,163.768615623787,34.6529177725679,-4.77880999855088,soft,16.344939857211
141.21211653408,111.111501023435,0.767719805232966,156.676131197001,35.4513231582458,1.66924894278047,hard,38.479218763062
199.542730306454,27.7270178115438,0.870127098710978,162.827896673848,45.4289332001967,3.74546175937129,hard,65
103.328648289599,41.5774443731634,0.753161272546033,151.594242983507,33.8664084039145,-1.49800485939149,medium,51.3776624596829
175.304933948696,99.1570270636461,0.827007959384741,150.164151196101,27.0048064878998,8.12285983248912,hard,44.4308001985333
91.3203935737112,153.770584176301,0.800654900341294,160.736117306383,22.4880404608876,3.10894443366994,medium,18.6702933952521
154.787673467024,41.4877065069118,0.879964873025805,150.320467162861,25.4854029595085,0.178443651930464,hard,65
159.536088178033,42.0714454115895,0.783034418099095,157.625263461209,42.2969036926451,9.14511964405066,hard,45.3251114958872
184.179419200412,248.54158973289,0.878578215413628,151.78783300297,34.0094138750777,5.64900372741827,medium,34.24505128244
85.331941755268,56.1673348325805,0.944096260312316,161.890927139277,42.4612342810978,8.16279388056602,soft,33.623220446236
93.6896276948975,27.2767605811371,0.936912980443292,152.062243013254,30.1931574118415,4.25299276927006,hard,59.7185645131455
92.8572179513231,211.046831419968,0.977832969618136,159.393287186875,51.9497522950151,3.82085219654723,medium,11.6330695852979
82.0809061726666,156.098774954095,0.946638378766762,150.330832435989,27.5034722435523,7.34499842909002,soft,11.8106091366756
93.3234386854373,94.8266621294628,0.961030404543298,154.929725429439,29.589111454445,-1.38573310883961,medium,39.4287104998232
150.616956396026,127.862027475541,0.965511713183901,160.893564032883,44.4313072273618,1.61903163019366,hard,48.1331175088966
205.971042244471,203.859908191196,0.96566101271777,162.657952093693,49.8265033742389,-0.881755972841161,soft,58.3315031178125
176.356021566515,91.6670226034489,0.928720693125397,153.589849044593,27.6626030524342,-0.0411367353520138,soft,65
135.990487564376,227.226041788868,0.879045802908613,151.3710988257,48.4440490170704,1.02823924986661,soft,32.2561204373716
149.127309718486,135.458114235189,0.790008487321848,163.823069449231,32.4520233912195,-3.45175864533279,hard,44.7349335179308
188.119359051714,218.471240756049,0.781424441462885,161.307905263577,49.7531226839779,6.455826338723,medium,34.977909887779
117.416391512497,215.74444471486,0.782348322203045,155.105452115206,41.2771497902732,-0.947240009029978,soft,22.8665671724911
67.9884115816131,124.20568165133,0.959173226307349,154.806403193485,48.0997014953969,3.61742642624203,soft,11.4770913912225
88.1360379897285,201.696162338788,0.82591407234476,162.14374204599,48.0737199408093,-1.74878499129075,hard,14.8914963020342
184.266364247854,181.49227282655,0.762811440963221,155.401734817645,24.1219378788191,4.2486402746338,hard,37.2444796044416
172.354309393325,36.7154844577408,1.00313753877633,154.647538626369,42.0875791540828,5.32778850391022,hard,65
141.822126975654,127.007073077501,0.907004951453002,155.556263229495,51.5924433384301,4.09688310999628,hard,39.4929700666957
193.891763276576,94.9613349432386,1.04717051268636,156.262289218698,35.2702949730105,-1.67017876325371,soft,65
164.159172438905,34.4124146596602,0.808455929662184,162.459799134637,50.6488410095223,8.05165571519469,medium,59.3162992000094
157.175416950689,183.311057461516,0.884066226338453,163.387088002029,44.272904011697,0.879100663577452,medium,39.8324571716301
95.0700132950811,228.515602829182,0.994946484016694,154.763061084457,34.1779505944524,-3.42805950471373,soft,20.3346563896403
61.3334870835226,55.507428742398,0.929566886178275,163.258531475615,43.9859603940783,3.51938776071859,medium,19.6382139636252
62.2630960698562,50.6305388393282,0.781514870098371,159.777149949478,24.9709678804397,6.91209395612596,soft,18.0500147269041
166.36282549973,232.26775411025,0.954912269649171,155.315624440157,31.6222600556348,0.409648361287857,hard,38.4053176287055
209.342578796023,162.301773927104,0.974881353116983,161.07707857479,45.493867597652,-4.96516493187467,soft,65
81.596435298044,94.1506343418321,0.927826989419425,160.685788181366,43.772256528236,2.94401860927662,soft,26.8477424388978
175.166725881617,124.342266394891,0.910792222223322,155.406458114329,38.6247010080486,3.99469669129283,hard,50.2634605272887
101.332808982043,39.5259019248715,0.980857153350707,164.520161503659,34.9363615905812,5.63390557760003,medium,57.769415903316
194.948525408722,80.8539040703675,0.997696706920071,163.153912012467,38.7065687037942,6.17816227933039,hard,65
112.198702628626,59.4165716062089,0.77326783437185,151.244204401844,23.2673463804861,3.17282929870416,soft,45.8530459000912
158.86220376051,118.875622432768,0.872818218898022,163.344971617336,38.0506673367582,-4.28872916882667,hard,56.7479077054893
85.7372015101878,24.4109664902262,1.00117799522214,156.696687491655,45.7254041584242,-4.27331012757304,soft,65
140.415662225898,144.931807977464,0.785409821674701,164.469895404421,30.1846954902027,7.77771778456107,medium,32.0909683840241
113.067527984716,80.8094871872987,0.995940400585931,156.75044207086,33.2258156956178,-0.0851483116279175,hard,48.8852183804882
180.885910783797,117.474186806276,0.938780123806921,162.119006726619,29.4234379427239,7.36504535101894,medium,54.5659445473842
208.045407555634,42.3956307055667,0.761671499795382,159.143398221383,45.0219134947444,2.1817377632848,medium,61.0519188348689
125.433543710216,112.526447747241,0.834390926362415,156.911814186816,23.0991281571063,4.97260265255184,soft,36.8525674003801
66.4506402610575,147.72208401944,0.828645048556997,158.397452307254,37.0652597346052,0.625964425558637,hard,9.19875676848833
209.691756612332,157.084429133968,1.03494885113076,157.559352857605,31.7826336691198,-3.97742674134737,soft,65
193.758474319319,215.952009463514,0.988396383489967,152.419512048015,39.82769993088,6.70815496679373,medium,44.5786519432028
74.0908869151843,29.1707620161256,1.02027682058334,152.809277253996,42.9535021056232,9.14147595826445,medium,48.251630406177
206.360853795928,22.6221028558432,0.935972817985585,150.12547340691,53.1710482322344,-4.69139753853533,soft,65
202.279713531987,50.152514741946,1.00420428079428,154.507986811858,44.3122500281547,-4.83749239339653,soft,65
112.5481539506,222.839965908596,0.932780399587561,154.052368894203,36.4809853285596,-3.91285714177339,hard,25.8422903257528
127.325854636109,134.993520661763,0.881571447444925,150.925419426379,21.403208560887,-2.05948424986774,medium,42.7250137221226
71.1893113566505,148.266568114653,0.950824449679076,162.641223417672,36.8875045077118,-0.393555338097552,medium,13.7269368997132
134.959451749035,23.6204902251267,0.854012321860131,155.949834150703,40.3948334212762,-3.50306405099388,soft,65
159.69605797598,53.6578495102393,0.913547327429431,162.913668538092,30.9607699562731,-2.83359637382984,hard,65
149.492996759986,59.1343050108727,0.795691720703013,156.235071301012,22.8116244514078,1.70874615501176,medium,56.8116882515896
166.211448060654,206.19893874264,1.04094641381974,153.066667259696,37.7948562767453,7.06396283478608,hard,39.0073037673525
143.26479365288,219.183547391485,0.888991171398256,154.194470827943,27.5860794157023,9.96730597462058,medium,23.7594363491155
61.9753972615059,243.702335055499,0.982571343590036,157.948470092881,48.564638516214,-3.44560718646564,hard,11.2311362588283
172.365381157926,141.470152633374,0.995922183241407,150.422210025373,26.7067911398264,4.68210887995828,soft,54.7547312577317
180.85314407104,58.9487929500379,0.932538697051864,157.568684516391,25.1188090155144,-3.40333518505126,soft,65
75.9165408491073,210.43019060783,0.934965117843251,159.549253528012,27.1935620745506,-2.54229187447357,soft,17.9875258171491
74.1938961250694,105.339813317319,0.967382218468174,157.791927317546,28.6732509645785,7.61302511723103,soft,14.4771912283956
75.0205249889027,184.698780695804,0.802554207867779,159.865008867546,24.7818917159708,4.4262420734014,hard,9.92121980268306
90.7330510261501,167.69630944466,0.9664668561955,160.823283958113,46.1334639096551,6.58213313933645,soft,18.1408881629654
106.277999807294,82.1455434905696,1.02958550378219,156.938279591524,28.2529908348224,-1.78359496128316,hard,48.32114055231
175.645655052076,220.720471181897,0.752722610399739,157.979691975468,22.5095618473975,8.60392225287505,medium,27.8424300686115
102.539917460731,65.3506834072429,1.00626260542204,158.662165551822,33.0304848425752,9.7818074746629,medium,40.6899169318452
68.9574066700639,176.428523122401,0.790839745181862,158.172809557071,35.1518832558781,2.03489390002058,medium,6.94075996021879
156.691510578581,20.2818326141007,1.04355222270237,152.356222004989,39.3301636621842,-4.52472576773797,soft,65
75.5367299629004,224.473441382016,0.930914518526926,152.572163992322,28.6131193460073,9.92570078441895,hard,1.99258684443854
123.427569300215,28.4944896471371,0.782310988272802,154.041310036114,44.9390614319463,9.95827023532272,soft,56.8135887353632
154.552929538516,77.3565331674974,0.906328522422721,150.01147815376,41.1317242141833,4.34482552412714,hard,51.8827043787854
120.679876845028,48.4774202172924,0.894785669179297,161.626537320417,41.3977720709121,1.29500249610111,medium,57.2016297500406
130.206577761473,28.4969892181327,0.885621858985648,159.446645829925,28.7273011893843,8.22226323143505,soft,61.0386030792491
190.901304987154,94.2470633239079,0.847647374949721,162.415685475878,52.6654648372577,-1.05759386782165,soft,61.8728569311724
135.30501596102,248.829223828453,0.95166965259883,164.573591459211,23.2530982737563,6.03045714828642,medium,23.1620377825743
116.733623855755,217.191853481115,0.961452807430966,150.55284992967,29.2270667470185,5.5769288695359,soft,18.2189933167196
107.531105740631,176.717630492037,0.940958987822902,157.898492086827,22.3646122689848,3.93872972319464,soft,20.7339725565033
107.642153575184,136.786377390314,0.760302455995807,150.499917384966,54.8958395896215,9.88358453014977,soft,13.1064914179916
103.943575826015,164.471450384674,1.02081167912281,151.250068576259,54.0202016235654,9.83230287512767,soft,17.772229379025
170.387010020528,233.440313803722,0.756942071426361,157.257159260913,54.6937413533397,3.95727960101519,medium,30.9814396425478
63.1104862220061,86.9780066219116,0.79661146876589,164.221273912373,41.542617222427,6.76121359780085,hard,6.09594893805836
153.004744017364,60.580721809925,0.912065139768862,156.99005941668,21.7986225366515,-0.26233429469174,soft,65
87.9969024288419,51.4860737789371,0.999461145808822,164.810184753848,22.1590192697845,5.95992316804388,soft,49.7001723359944
129.118211051719,186.888474053261,0.920816630425553,161.664768559404,23.2736727403077,7.1397321867862,soft,26.3879619769894
208.939984816524,31.0917854163816,0.930630840548887,151.409917502325,42.8779001431713,-1.04334860177672,medium,65
94.0350548797789,110.843882360575,0.893065372739248,153.12739077205,30.3983932654547,6.25521576778383,hard,23.5126138051282
208.051472204915,132.047064601767,0.986268985313071,154.939659064941,20.4073477841156,4.86757261629488,medium,63.6437818717646
187.823427481708,185.893903308235,0.997960278692521,158.897162316044,46.0987069518865,6.67944016380925,hard,48.177564459897
133.182495018107,33.1857224946161,0.836912279862035,150.541946369362,47.9852542305759,-0.832763395044775,soft,65
208.53735749766,101.498015756163,1.04529273738236,163.211174740081,23.23449876973,-4.43230243167301,hard,65
65.8450663191988,130.499844317317,0.875263638474561,160.08049801872,31.3455208540566,7.02252871824531,medium,8.84831579498454
200.222628711077,236.555235490329,0.998629686688961,160.414103831911,50.7795498359795,5.84079067533651,medium,43.840412841522
178.325247988561,108.615955696836,0.824782715102367,150.148797245803,39.3813486379425,8.57121764040834,soft,48.1898498251341
181.906556618927,184.375897615786,0.781877677214107,159.746410763351,35.4553921749212,9.33954059020516,medium,33.8651008997973
89.1230882234839,61.4584721270222,0.899481309208538,164.01993594665,32.2735638625682,3.59095884602955,soft,39.3960448308984
133.469600108334,172.042368428327,0.762694214233339,158.134732624907,39.242569010459,7.71916593503976,medium,24.9392947915994
173.010290010614,248.559191487473,0.782454465567084,152.056222400554,35.8842180265283,4.90364867754352,hard,24.408337413614
82.3053366345866,46.9819377124878,1.02858161521479,162.622480318138,36.1987036382859,-1.55085996760662,medium,51.6035942225764
175.456286353779,190.680202442025,0.842162496534906,161.717132331464,26.665087219787,9.67050117458972,hard,30.4085695938455
108.946580988057,231.866786148277,0.795471707926117,157.749193152853,47.0414160335016,-4.14424329133699,medium,22.3106060303482
177.844324680471,175.61719765314,0.973574436918836,164.580692742349,29.2867306870158,2.33429722150927,medium,48.5832158278318
167.89676405141,175.036670335435,0.896652224648253,151.10300767939,26.7383925686305,-1.03895676643182,hard,46.6402720389826
148.108776131971,97.9587439362291,0.88285393266535,161.230231049505,36.8321337741371,-3.89409156949407,medium,58.3900380559271
111.471342353187,23.7880365192292,0.971286606068135,157.831801266201,37.7919557623482,-0.567951023006962,medium,65
183.766930043944,202.481901892784,0.866405136864269,152.880396723261,31.264608331181,3.77000358339361,medium,42.0941376717875
76.027352973505,105.457118966641,0.984810662648541,153.359834459214,51.4959061929143,-0.7948478695265,hard,26.0771258895099
163.486515167828,101.322345560593,0.931883890465417,153.581776391522,22.6317712345665,7.18833680292407,medium,52.2066438746853
191.282063008735,26.5008259773525,0.780829650953739,156.373646989718,42.1353238143701,8.34221947359641,medium,59.472134891619
178.090379500781,139.96492403696,0.944794189186892,150.345102253644,21.9504405770593,5.86475388982506,hard,52.2357568925811
92.2350020242327,70.6207918293083,0.877258845337654,155.964997982148,36.7443554418448,7.77498362072439,medium,29.9025850545867
209.922651833595,88.0589437636098,1.01253169326815,159.960956917787,43.679427235442,4.94278235697073,hard,65
100.940134603927,107.873490206138,0.940400378010775,161.689516069005,21.8263535080507,-3.60457140572107,hard,38.9072638244116
96.1514415781031,69.4431648794451,0.989667083556632,155.113774445294,23.7882164286529,-3.97269742007045,medium,52.8180827814254
132.723611015656,139.82925264081,0.842509461282038,161.959217334869,39.2287494385238,0.486908875227225,hard,37.5948294682765
158.35013355797,100.326285798346,1.01487635313178,159.985123582845,20.8890733674903,-0.633510458561942,soft,65
120.226949727483,21.9256199049858,0.901023805820007,159.444917309655,26.2629763222438,8.89391465385332,hard,60.1463239374947
119.739440835758,132.266188834325,0.984723222987373,158.90701387203,46.5822868548598,-2.48733775285056,hard,42.4834654558886
165.343338821451,205.071997254713,1.04450031695222,150.226286742526,42.4250487199617,7.55289216347417,hard,34.7535687918937
72.0393483883192,143.21339751938,0.984599481554128,156.050635113296,31.6685605232685,8.38769648558375,soft,8.45610727452043
115.365352656662,248.341652787097,0.877962576855155,159.38589338564,43.5759423392341,-1.57891136407099,soft,23.490921322032
105.518993565899,102.904346790449,1.04549026617918,157.696055757705,41.0937615356308,-3.96533622398892,soft,46.1803293252425
180.216972558334,74.3545066565671,0.946887865334411,158.409946849638,43.2841847481569,8.28906358287246,soft,65
146.865067804171,170.44476162211,0.758992754734768,156.674153481271,48.2136942397261,-1.67943648016099,hard,35.0762908179123
207.327191718722,241.029237979779,0.757361716137574,160.085865756233,40.1637260400877,-1.21590716270125,medium,42.815049299429
77.1093159658149,115.633202087473,1.01108123268207,157.571165771032,43.280924536801,2.06822207018919,soft,20.73743667017
193.269051527616,42.000838850343,1.00172754542393,155.057302681291,32.9448501277876,1.42688371573393,medium,65
194.241122346542,241.339675439871,0.94688414765478,156.667075757583,44.1821504039222,-1.06911497868459,soft,53.1084059559535
183.829908423756,176.250586103106,0.936802356533578,152.226701565823,20.1130713758343,4.66847123123326,soft,50.6049292996843
79.4749195839642,184.296945498835,0.838805989149095,150.524183514855,38.6274376881452,5.5562937736348,medium,7.07334121796704
174.574041951888,131.778916957117,1.03969367683263,155.720797314056,35.9577239465015,7.47479777776406,medium,56.4065950198734
140.212061459856,194.326805890396,0.97541790940235,164.900961883917,24.6132348844493,-2.41641422192648,hard,40.916508216825
78.859569003413,59.860732046411,0.881251979063983,157.255027684146,48.4214014534218,7.61320854694866,hard,28.9366010906187
79.515852799413,104.628605847322,0.910994436190051,164.875712203447,30.4010678686597,1.50617277722454,soft,23.5435352725033
118.875625983213,61.5509354703298,0.796506758861621,161.099149853527,45.6346044889559,4.08282219372359,medium,41.5777158440316
155.862130805073,40.760845086865,0.934029736912287,164.715417474863,49.9299094931634,-2.62533113155411,medium,65
192.491676467408,49.906269268194,0.858962611327997,154.353390970233,28.9075057550155,1.99641321935783,medium,65
204.513803517294,78.1494309653975,0.972751520611872,161.749063328655,54.5613339185412,5.26563239356059,hard,65
61.9161908456502,28.9492003291087,0.911432130917022,160.397124935798,22.5233288132626,1.05961550512121,hard,42.0505054052089
87.5911415652537,58.2708997179688,1.02465290834153,152.968234482545,22.9811617660056,5.63694230215238,soft,43.1719646684007
193.727365647128,109.45096024511,0.762426117275106,158.989824894122,30.391706250525,3.09406645633753,soft,51.8361563387742
134.370686005505,213.620781685119,0.820444920850317,162.928476403004,36.6926624615675,4.18724980871795,medium,24.8236204780393
195.215660870478,96.4774140565875,1.0005462591131,157.456994536268,35.7839913109651,7.89406599242589,soft,65
206.954419669475,124.217684653169,0.889922083248094,160.936610588377,33.3242571294565,5.00690538364435,hard,51.1411581569495
181.372373642461,75.9986562557309,1.04218659110326,158.077109563631,41.9187655228891,2.31418285045128,soft,65
205.604346097311,110.484811695167,0.897571135079113,158.295640304152,43.0304067273553,1.14669596336861,medium,63.5684833656475
142.858914128037,204.215830756272,0.79771174452137,155.175222393338,33.3705597768615,-2.22545263905192,hard,33.587167068606
91.6314685352562,118.607112327374,0.758017673173889,161.431044739217,44.1669304263857,-3.79739737805402,medium,25.6309334679855
205.201371216711,172.963154821038,1.04251184613633,153.62869563299,53.43783284773,-2.39192861737396,hard,65
73.4688773689193,209.013113651675,0.899002527169601,161.91003621793,23.3390560475323,-0.711945029925895,hard,13.8270461888849
114.600388905585,63.5956722939613,0.85333970167023,161.755985896343,34.0159765958056,-4.14539010469474,soft,57.3514309615244
95.3044649042248,119.514507782878,0.7845614844073,162.24983858864,50.694383555096,5.73285641939893,soft,17.5750513380739
119.06555171623,97.5742075928444,0.782239394967096,150.7732785125,35.9465645318207,6.85349069474761,medium,32.8588961634441
93.4263705679094,80.0875152480438,0.916344268839479,150.06553590198,30.6090137502585,-1.58745550893357,soft,39.727321358694
198.645930384242,75.5341354083195,1.0170122434576,163.589834778429,35.587253089231,0.957621718827816,soft,65
71.8280966443343,29.2444706552068,0.9868177549897,159.378180751202,45.7685099408195,0.523122414294229,hard,48.5373794253032
136.514598534886,55.8094160220931,0.764299759754598,158.155297972832,42.274622996986,-2.17773337963068,soft,56.9129295002231
115.460854150852,69.4365844266833,1.03368765758028,159.150988776444,46.1947132581913,6.22711077223269,hard,52.1530581215936
189.083807400717,68.4713779633014,0.859136046523307,163.849959725152,30.4011064541054,5.05273700790722,hard,59.0148896171793
158.87260928403,84.477765769758,0.958569853471511,160.62406786774,43.4661653381632,5.13248297172457,medium,60.6799178522477
126.488643688067,20.1680941443479,0.968806758922006,160.745623176997,22.10223022707,9.48029311978381,medium,65
136.384758879931,137.369112693389,1.04284597204667,152.22113402794,27.5895481761688,-0.255251448392587,soft,49.6192441251101
175.033562003879,93.9538243528338,0.766554324723818,157.708278655093,47.5697869585896,-0.267273716239917,medium,54.9217534499154
82.729465176738,101.923188469729,0.944248762112131,163.748457713372,23.6476936171776,6.9458628369865,hard,18.7872840667851
157.346437070197,59.3634969093312,0.774207720385427,162.472535348462,33.3383569536345,-0.210118466210215,medium,59.7837156170499
151.193493178806,128.830396886283,0.984866066612927,159.124994882255,31.4836151208404,2.66720018204587,medium,49.652462338662
126.326209829101,62.7202818897387,1.04047187785571,156.79134319541,28.8217288426398,3.33152137885006,hard,58.3038275223562
81.074762983692,103.706257821228,0.817643840443153,162.207837254495,20.3771408694507,-2.57108529793531,soft,24.1187297260078
179.556854100851,249.173157512308,0.926193588521614,156.188764062013,30.3413845182011,9.83587819736925,hard,26.1833466511266
142.349496250027,114.974943870674,0.883101273035928,152.952310275938,50.4197515275637,-3.69287921303316,soft,55.9143047452214
175.850891740031,47.2811577937183,0.853852761421033,154.801320080602,41.8531562819133,9.45827248592711,hard,56.4513284015672
163.419292835705,133.561364026207,0.804579749697791,158.170542870179,32.9489776625188,5.71390896572689,hard,39.8663787399439
200.226200115444,34.1234791216922,0.91840574363909,150.850619556532,37.7332488705328,0.870835884146586,hard,65
162.242817247458,217.197015700049,0.778768948061926,163.784716564883,29.29859474888,3.7348450103835,hard,31.5551802002108
81.5256591402707,238.291548879128,1.01050179614199,157.017489517383,40.4649619056705,2.02961469163156,medium,7.85573873820899
101.21111391922,68.099611435103,0.966757394123287,163.410354188907,49.4594626548891,4.0090417152181,soft,46.7669888357878
112.495776199371,36.7010812841296,0.8874728117253,158.301415452823,36.6685988098428,0.852025460031445,soft,60.6168049437526
193.709067927089,41.6506966870681,0.955728154373042,151.302900098979,47.7629937568722,-3.37474713340511,medium,65
208.212977836595,237.659125859523,0.956664441377388,160.033567234033,51.9896836089931,-1.95233220667669,hard,54.4412399051836
163.341611054535,118.211215060743,0.79146972567231,156.369840362978,25.7198166199131,-1.45992343766173,hard,46.3709718900689
177.544362275795,108.786713862438,0.969370597279609,153.791653572338,43.5734139778525,-2.67760250066265,medium,65
124.852644060587,94.7132351755941,0.842573118810477,157.71812240444,33.2459491324025,-0.872939619570993,hard,42.4115054178041
127.521019741503,63.6867577620774,1.00167291032929,152.233473588845,50.2567057734765,4.62620196768477,soft,63.4191345204979
117.14434012937,120.865841188792,0.775571946584439,156.248279751456,37.9116039232374,-1.08350170305389,soft,32.2970026851668
107.515286579024,54.1310543258733,0.921028242222288,163.759736604813,32.1223159651344,-4.99661272853517,medium,57.7499971809201
125.376180560665,148.074711038223,0.962991075609268,154.228063156408,42.4853604942618,-0.942615946491544,hard,40.1455095657569
65.3114311186883,159.276653703907,0.805675886425293,154.74970427706,52.2989457255286,-2.72939127909148,soft,14.9664663658759
135.374058349994,233.321761320693,0.84558147706555,160.788532897359,46.4658356679701,8.46276824169984,medium,16.9845731458932
200.903322222425,110.019424875646,0.794216020526485,152.075442395064,48.0878086983149,-4.02100435015116,medium,58.43180335783
112.90358654676,69.9627500327278,0.869930250807559,151.786538788547,28.0832629646702,8.91428123755572,soft,42.2455932569965
97.8971349830261,84.6850849280537,0.767018147301154,154.014880897569,34.8496641801415,-3.88423482824968,hard,32.0433571313071
128.142138959882,135.57501884746,0.81546226250919,160.56198167496,25.1312121197376,7.52120628098984,soft,30.8944593282524
172.077743782223,189.767972282342,0.928524758084374,151.943141100904,41.2202100554213,8.20839651354353,medium,37.7170060352987
159.095577286541,24.0116154458487,0.862879856365918,156.833670131119,48.9641533226814,-1.73497857614967,soft,65
140.403974590825,63.7478372011511,1.00799178005881,163.795243182075,25.8978669691068,8.0193808900173,hard,55.1293910509044
190.770111066057,185.512457060251,0.917133066898242,153.004751103881,53.0665488119346,7.91218257259706,hard,42.217092233721
118.368330411357,228.539730356482,0.793737468472947,158.910413126396,45.5086619037652,-0.176677649350392,hard,18.8918825930321
184.131500172313,62.0184831893971,0.838426430617628,161.95862548138,37.7488742193457,9.28718511635774,soft,59.8810347358196
152.845475065416,189.423312632745,0.793115885068584,150.427544166621,51.0335587562692,6.85541801831082,medium,28.4671114991057
72.7731349426339,173.078737123114,0.977968425749916,153.471612763574,43.3356180858436,-2.8464440738723,hard,17.8097527235635
106.528541590114,57.2481554161462,0.998594011907333,157.213583968066,37.2933708436791,0.647665283493693,soft,62.8304737666894
134.302981476762,122.110045836326,0.919602363741575,154.062707329669,21.229951239884,7.12503561763429,hard,34.8866646301591
101.223115459562,41.9497120897678,0.912946083004151,157.998781182025,20.4912989628771,8.9485236856944,hard,48.9199945219954
191.243762740425,32.3428230499946,1.00629401655172,154.721323500099,37.4171603119935,-3.60430118985422,medium,65
204.662844688629,221.06443536429,0.769079877572036,155.321602347844,31.4663129777598,0.181578629635516,hard,44.5801531935288
155.036724193918,105.886836327257,0.849364282879781,161.766859174354,21.0644966448906,-2.92040823357135,hard,54.5171732673874
191.621262796877,51.6283309087097,0.840325055147512,151.271378759474,44.2987542476472,3.10412915578918,medium,65
100.6703695935,60.1326133664507,1.01382409876365,163.867429461104,45.6044320439691,-1.25173657072368,hard,53.3327630740944
78.8820892684124,192.564684411128,0.877032384589612,152.845588454729,33.5373194659025,3.78319527988425,medium,11.74768525809
89.8221683889216,56.6961934276068,0.813021254307802,158.237068939078,52.6909782959261,6.69862872376857,hard,29.5751844373074
183.742252152763,38.4888591224697,0.996855616662486,160.805910633835,49.5034226188902,2.14426068922345,soft,65
74.5658793379072,147.436413862419,0.979836622930452,163.428240078293,52.4341951581818,0.844857636783924,medium,13.2635664713462
158.515864859586,244.510401964035,1.0424235713508,155.125385081298,43.4385645354272,8.70555960394911,medium,32.8937688951304
105.654618324521,74.3625440132627,1.03849998464371,164.015808201568,32.0265228563384,-0.254813612126581,medium,52.5717787079633
101.439160302441,132.797660514292,0.973558937816539,162.513706836668,44.7987004031808,8.92960156510238,soft,24.8600374469946
99.5113465758299,156.394825535955,0.893914244715596,154.213808957952,51.6728920824224,5.82029714237126,medium,17.8153979979724
125.668932374295,82.5453061203186,0.808847202051175,155.789068420006,47.9513070707969,5.14194335615367,hard,40.4138925287698
163.95082430383,181.69113794553,1.00753505558561,164.490458962142,49.4117183197643,0.890979805125944,soft,53.6491012153271
167.942865573404,111.382252607958,0.958939266019792,164.135045572837,45.4366349556123,3.22935007420809,medium,55.0735631098184
131.523237130159,80.565597544763,0.997099550056995,158.568463031501,50.491107813909,4.09177250624775,hard,54.6882885487915
98.6959304196409,222.837555587211,0.924636056185385,156.557606678959,52.6414041169721,-2.74424746453679,hard,20.8270529956171
155.766504090052,246.138538430205,1.02873288759375,162.216650324672,51.9203790530815,5.74966650846433,medium,32.2702205973477
99.3272025922196,207.518797454413,0.75292615763425,164.983850213158,29.3210882798966,-1.603810541154,hard,13.9140767066434
189.108672516436,146.457773831425,0.964098551805368,156.631147086019,22.8441149128311,2.77158072208517,medium,55.6968781242481
169.440810205679,103.660271864215,0.942637547832555,163.006182648353,49.7913401138694,3.15442435448781,soft,62.4762186357395
160.111811448772,72.9570890708105,0.850017526351526,159.213198931095,51.5000454831677,-0.974430817394839,hard,58.2879254575873
192.233570496899,118.281101269049,1.02515037215373,158.187153315672,52.4113365475873,7.09254109229849,hard,59.0418590760887
185.894036295985,80.0542685934017,0.806387157824859,162.915861207808,38.3538310578219,-4.38364921794715,medium,65
139.713358165373,64.1827214589349,0.943688087845568,150.452228439358,22.2264333201929,0.0287069025998505,hard,59.8352476747512
105.606047366071,184.651175549743,0.84403377315192,159.58929983914,36.8030924117647,4.41066305961519,medium,17.9620484598815
104.697302923509,188.8470526742,0.933386409265321,160.724877980962,24.2877610655065,3.63515907196946,hard,18.6975298397609
145.833036469872,161.238211819395,0.786564719955751,152.053038121778,28.8002982635623,-0.241107798536938,medium,38.6652597857396
188.667978268217,127.751905264832,0.988341366564237,158.623148910053,48.7580079121115,7.60924171422707,soft,60.9277585000583
103.733042934705,221.047337957012,0.884929927254148,163.576811577077,50.7569046603293,-2.31859942755511,medium,23.930059079552
140.085308050925,102.335597128179,0.860454208609543,158.306420456167,30.1301728439657,4.73846332441494,soft,49.5024632358058
83.268284305017,134.833331073317,0.932393630574832,155.016058177986,25.7491204118147,5.42579963035104,medium,14.6719874263589
174.063033086803,189.832855571323,0.819500536958126,164.510539621135,52.139474830714,8.79962740859637,medium,31.8756535978412
177.67051872471,206.179196912372,0.77580295147651,153.671201526441,46.0748636908197,3.45022555507921,hard,35.3295791425676
63.7824319038093,232.223294316881,0.758013707442726,158.814911578213,34.8330684736541,-3.74073635065099,soft,12.7857926021935
207.699879292605,58.04362756107,1.03270725928432,150.371398079138,46.0049736208925,8.96138819117522,medium,65
160.930082945243,170.019888610443,1.0361800357449,159.500398494737,30.8153144747255,-2.17199263843854,hard,54.5173260106524
152.78178817758,167.716797368187,0.988701632129007,161.104040571258,26.353495561598,6.82886566419773,soft,46.4465075513996
145.527638859437,48.2655667617702,0.964683083450025,159.034930544351,52.5584350693554,4.10671492971684,hard,64.625315674243
165.0809796303,246.680193463166,0.982535827971216,162.132419671636,22.8619338619856,-4.85759227396903,soft,48.0067415716599
112.899336512309,249.319704422959,0.968535632896734,164.728302613224,36.1502723166694,-4.75580445750662,medium,25.9170798281985
92.2059360812413,96.3296184544421,1.03266963394297,163.139597616149,50.6521531236481,0.509990565517969,hard,36.7252333204445
107.935186230102,99.8796403029917,0.794897601922295,153.0117933601,22.2931626762934,-4.24583891317886,medium,40.0262316084692
159.158826309624,247.872419778597,0.924529228957522,164.63944945832,41.8447928234783,0.327224961738615,hard,34.5815154620635
135.270470163798,70.3845011440101,0.866882659121601,160.257163583934,43.8868511221575,2.89102288856125,hard,52.3976841410749
164.795714063066,138.666656489034,0.837866942470255,162.443486681964,46.266460427478,5.81278189461697,medium,40.1924709198873
143.928559218346,128.094843945484,0.936713652192727,150.202668453375,47.1730063933805,-4.79883106544096,hard,50.9442434904094
172.526283949741,161.307514157773,0.875473113698708,159.061161141641,53.1865295814768,-0.974060103453475,soft,50.5959926967467
72.2110473538396,170.942588956905,0.832785769576368,152.474167038005,44.9548842373772,8.73828419961878,soft,1.83078591547956
73.5928163933133,104.363627240407,0.915014079874513,151.089332484414,45.6982762853544,3.14403988463703,soft,16.281662885014
184.044322250573,214.765329367238,0.987918641323147,152.487451372625,33.9228278990963,8.30154678146561,soft,42.3888156679842
104.406411644493,139.916100150304,0.808364244412047,162.445989925278,34.7377261878779,-4.76846905361696,hard,28.2888325470025
185.170122201648,99.5422901278104,0.981544735667032,156.45290014825,38.7832518608116,3.25739320512284,medium,65
166.987578313354,237.051390592249,0.812246063138201,157.177424507128,35.4995780026879,9.26531295722024,soft,29.4988108134846
208.564296348844,132.472973942645,1.02918057465028,163.801866267588,42.7831150501107,-0.844082328580941,soft,65
77.7410637406148,231.141192347263,0.897219981628336,156.747611179239,50.9304146218176,8.520081142229,hard,0
160.25263686528,172.273125118147,0.804506599358113,162.993947749922,52.1811421629853,-2.45208894658875,hard,38.6601535858811
77.4958301821869,94.7424220786709,0.998545104075985,151.050339718401,43.8853869545422,-2.62013413308151,soft,28.3302172398461
191.208594896741,63.6168069839198,0.885236968673739,156.937137459862,52.8590714537745,7.41806290058559,hard,57.4621078889365
204.034931144514,42.8648040980511,0.811444693321679,153.410262976857,30.7529457111884,4.64085227526972,soft,64.9543626457509
200.439504863148,38.5757803638043,0.946206243123151,157.148348971244,47.9415442200207,6.46187087020132,soft,65
116.79030892511,163.044396305295,0.890408757279829,160.539895822032,32.2940895094429,-0.331310324817871,medium,30.5510072379961
146.391918157771,151.906791123457,0.789183200902742,161.633876889136,31.6440353785618,1.68589463128208,hard,35.0291572721695
172.929399989612,147.699360921004,0.823661697444288,160.328755500704,30.5111609934352,4.48095735360429,soft,43.0719571723915
187.989991486619,115.968796850771,0.896243508877553,156.489549110816,31.2970429269254,-1.64200362308375,soft,63.3875209178391
122.025008883658,165.107393769118,0.953935785725142,163.860624868074,22.0841459672834,0.690126436927384,soft,36.3890758234251
152.848172579522,211.63151400849,0.932328831795862,155.017935228176,38.8381860432412,9.00541471813919,medium,31.2286327387371
145.027138025446,60.0861575073781,1.01808235274313,162.823335009567,45.5019189921562,-3.27966925866659,hard,65
85.2427170690513,91.7721800413376,0.804305141649758,150.525524525102,42.1012580736654,9.32936200628141,hard,17.0132754012517
136.890241654273,36.5743967903313,0.889286622417577,156.916304546704,51.2981756278206,1.24852997555406,medium,63.6215114003895
70.7465314465651,148.313439054356,1.03878193492778,153.553827657331,29.1048203261822,8.1626289859343,soft,6.8049187496671
194.390036020059,171.775753045386,0.95972075811215,163.085076261785,53.28557383763,-3.71363975044659,hard,58.161469387923
77.5338818130021,101.239127295645,1.03685231846528,164.785371969187,20.904854084765,-1.5475522602596,soft,28.8845183389857
125.74826457253,109.187948756024,0.947004219105154,154.244486396798,21.8482281310825,3.04861973128867,medium,43.6994807501661
104.058142746476,52.023777876646,0.762955909194933,158.669046140545,23.8183905290021,1.77351738251027,hard,41.3819378001469
107.2885330566,174.230717959681,0.929478887207147,158.676256538316,29.4134459584861,-0.362101109541041,medium,24.1114622017633
136.102747491972,121.519013635509,0.953239833550202,158.420972051121,46.2895222886331,-2.66064597544766,soft,49.8690577175681
115.172110353497,68.9208991679906,0.874595774206451,161.418913650466,33.3716920476819,8.68126948554276,soft,40.6315379894895
116.04384267581,152.124799121274,0.96609439906323,162.537359118038,20.6786255323178,-0.695213073519648,soft,35.2258773222054
150.405575228502,140.926730994068,1.0265918812253,162.017784794328,54.0757571385557,3.69703103434612,soft,55.2287297629349
155.798417865331,123.644048681455,0.943476242809068,152.681723675568,26.407753977954,-1.70471838641027,soft,58.3640646515306
168.658984176195,96.8783747930467,0.914590975035598,155.018915515812,37.2624449925319,2.97395944915018,hard,55.061902897547
75.9184729167661,56.0509347221714,0.951606241038995,152.146240454941,42.6857107906872,6.50033589268672,medium,31.3128830979923
203.861062838805,83.3104162301094,1.02354390691873,162.785033552371,30.0369301726253,-4.92356138163942,soft,65
91.3028733167465,26.5158608076133,1.04958274400717,159.939124264659,27.1143322962988,-2.90008354087597,hard,65
124.496711994509,183.41086857967,0.80273736802458,150.062911619629,48.6668855397907,1.97975125369009,medium,28.3928486014183
203.861744122,42.368679316815,0.777865910341131,152.524384890993,49.3355295525221,-4.14168487845073,medium,65
134.476654139509,243.792743034401,0.978304181203276,154.199431978436,32.3537921335082,8.05993312805045,hard,18.8961105841566
69.8589714596936,198.509100622538,0.947505649770956,162.750229989405,40.4768069298014,1.058935263771,medium,7.78843757437962
62.1565825478158,44.4802534260881,1.04633860804248,157.820500110498,32.8239686624949,0.19824449967866,soft,37.8582727272737
97.3868822036066,195.310148651768,0.849798786918921,151.058445100367,43.341979563821,9.51811331199657,medium,7.9874441000355
143.566549624288,47.3688084360651,0.977664631631283,160.383850494215,50.0252866168046,7.19792140382773,soft,65
118.00801999374,180.951447289815,0.860937279158336,155.281424975831,50.7113579922771,4.33418838983009,soft,23.0096227205611
103.957141486668,224.622863074833,0.75691032475568,154.502007968536,52.6408825142948,1.58093792516375,medium,17.7469431670206
175.227575206858,160.113342330562,0.99741297259191,163.488951293867,31.9080572655204,5.14481826823965,soft,55.2952747888176
174.421896755916,118.123944342538,0.888756852013491,163.147630758677,32.2780191685278,2.95798081790147,soft,55.6285377549269
119.364612708829,243.865880269145,0.864732033803982,163.728561720655,38.9751710017986,0.855892557183636,medium,17.8735351476401
68.6611550659177,44.3789824440252,0.92139369377149,161.837088803662,31.2230887992818,7.40132432041984,medium,27.1914049137149
80.1719267893715,77.953815995818,0.957501036790991,157.647029784202,38.2025234083408,9.34883800752582,medium,18.3596142403659
164.763950126658,175.516364275531,0.759064658895741,156.613052627364,25.4642436307965,4.40828254125615,soft,35.0762076336946
105.281938753936,159.482766061615,0.93529321247427,153.858390465117,29.1725949536858,8.16109002632517,soft,19.2099657051692
162.693618860562,120.079952512263,0.932609725973876,150.465179811083,51.5988248104225,2.63260648042,hard,54.2675724765086
132.252645345946,181.298082580533,0.976448386078071,158.345224063095,21.3768990938785,1.13545453323402,soft,36.6228000146104
122.91315646949,167.180883696131,1.01721321447469,151.083163998893,28.4134064525911,9.17749177302641,soft,29.116137659975
118.200754889451,107.763170534868,0.926822519201999,154.033893208924,23.7991366706281,-0.28798366676271,hard,40.3240900830638
175.720243584128,193.550682260795,0.842123492994975,151.919772784233,40.384663975801,1.26320810947496,soft,45.9637953990044
74.9879251795743,164.41672979718,0.802327092837925,152.409975642701,30.9301678488375,0.906622880040684,hard,11.5354468140598
122.480394117855,35.6804835194733,0.839842831016093,152.15616592306,51.3130919902439,-0.350188882267358,medium,61.19203445088
88.4092515447905,49.4067038071264,0.870514036589555,163.899789818713,30.5833759252083,1.23712306096344,soft,45.8325168845989
172.030419781703,108.27552613281,0.816580796754258,160.002220381368,54.5166081224087,-4.03261516936212,hard,54.0445035003342
187.955213641407,95.0797994924248,0.826984439357196,150.170225443304,46.5941004475616,-1.57684720548009,soft,64.905192269147
104.876759625661,214.920408823527,0.956629717356985,154.698338543321,34.5216902636473,0.0773615894226909,medium,21.8022760681277
179.053457239751,64.2707471389811,0.861384634246146,164.227148664386,40.170669645228,-0.902959705991671,medium,65
102.697132847948,79.7320062273405,0.945571583805663,160.825965914834,34.0315102156227,6.58499330229029,hard,31.7658021157964
180.061819094862,83.2230752486241,0.778414486977158,156.174220825091,53.8464519494107,8.77685179693469,soft,46.6647124787912
143.942769628352,88.629630141136,0.830232518355862,152.994279086403,46.7689374584424,2.57294662723147,soft,48.4137854711422
63.6934081339781,198.167824815469,0.906993072379521,154.138812472914,35.534710180129,9.33833061718043,medium,0
73.3848920672378,104.238740796575,0.759686925881013,156.80909858419,38.3686760913148,5.66635974491243,medium,7.09725753383379
101.220730786689,56.6596205503369,0.804462840659513,151.555230767279,39.4629803997558,1.65240041246164,soft,43.0968189918452
69.7847476006793,162.027272609962,1.03408248353333,152.006775418199,44.2171555409354,-4.12465190974716,medium,18.5357704869754
158.007111452125,30.0374950282051,0.833173507276867,158.943994818089,20.5591555169441,-4.9337683235481,soft,65
111.316918875563,41.8354689569758,0.8585612585663,161.192773375398,52.939358883826,-3.22948972355146,hard,59.7487492395116
206.723189678723,146.73813022782,0.791868711742898,152.801302400022,30.1189761648119,4.33933487435307,soft,49.1644219896727
136.291472124874,138.177229961475,0.88061021017485,156.137794074987,54.1918933216474,2.19744683137177,hard,41.1441350812785
74.3751679295281,220.940544004362,0.943135202159607,154.168706728908,36.6765862516996,2.57354334361424,soft,7.58462414167881
180.961640243392,57.5376562123088,0.957706338488166,161.893768872806,32.8612604212722,7.4035369292311,hard,64.162688389409
112.975841246,231.885948344102,0.959078941914805,150.464853830908,24.4260730119131,-0.051546816497404,hard,19.8574429127431
139.590245762815,144.372516317315,0.86369802086536,156.041016431675,23.0296552949903,-3.54789084169203,soft,41.739323856121
80.1207820761404,207.094949707521,0.799987640124716,164.787598441227,47.4990293354593,6.17499672324641,soft,6.43319054852911
173.755924699903,179.150348677609,0.775039795482662,154.351210187819,47.0414215142632,3.42877756650128,soft,46.0163291923322
202.654768138127,76.1269980862597,0.765803144948502,153.013465802232,54.1379226298127,9.11765456752748,soft,51.9026220730772
149.975481361524,110.683524194787,0.818710465627672,161.376784851607,27.7972508693983,6.79760634992836,hard,36.831669286993
175.3364354159,201.283658239304,0.820949835542187,151.911908963052,53.2382480862847,-1.17874230437663,soft,43.9262773776401
137.467609307662,124.604742216354,0.967264580331197,154.292326701129,41.964084608946,1.92307317774402,soft,47.388014159167
188.612107135251,214.025146413344,0.997684922403967,162.426417884319,25.8589689294672,0.155516478607688,hard,49.041835618588
153.5266807967,39.0797815309888,1.00706438824289,154.487059601759,46.9432806583898,3.87183070021793,medium,65
150.342344037794,41.4305847046459,0.807009416191817,152.885550532799,22.2664089889865,6.03944857851339,hard,55.3223934992965
165.982109034925,222.809583465773,0.794360277058458,151.583612266419,34.4014827515176,7.08320846842099,hard,24.6928629208386
127.907041131674,237.249792449019,0.769636067103738,156.739862462158,28.6179955576203,-0.227496212118036,medium,19.9863169272427
208.01568388766,80.8085005747585,0.996314684632344,155.263968073759,31.1217730199687,1.02475564969495,hard,65
97.4662567528313,233.622773819676,0.997990881428994,152.645350466659,40.1972054857251,-0.105274408881181,hard,17.1415906195351
190.950885926654,21.2303283557595,0.891170651437066,152.088018398637,42.3730342316524,1.34769430687809,hard,65
149.235004089243,102.206220215744,0.880586115536772,163.464004858235,50.642569062475,-3.5735439976881,hard,55.4215901341967
69.4108808587233,69.0557523308204,1.03140133566197,162.549072087048,30.2711151014403,0.979063226362678,medium,28.1852675330552
207.223286391447,187.828998211272,0.890543175070017,151.190250899321,23.4685548039139,5.94416466590032,hard,46.4466207697606
127.412296412242,176.833018496835,0.793828639754188,159.84003170723,31.925764970522,6.31968504990835,medium,22.6077640751773
89.4193249537879,96.4017769816263,0.965268080534186,161.651172738536,31.1025189442326,9.59404852585813,soft,22.7850108881356
181.042449707324,214.831844516332,0.84207280875086,159.56226561737,26.0025722410192,-1.18090031352808,soft,39.304926822201
165.936854420249,104.832378978668,0.871714809185772,158.150802966331,53.5894586385353,1.79178703727279,medium,51.953100944761
77.4747594127733,127.115363348683,0.945519401272636,157.152887845297,52.3237743931484,1.79203405456197,hard,16.4720698122185
135.811288774733,112.824327665075,0.910308141936513,150.516281083738,28.6893259330761,0.529410387642138,hard,44.3074429224178
183.995144113176,36.9267912967184,0.755600006051559,155.213805643168,50.1451906695801,-3.64245284142426,soft,65
180.383186253504,39.7499224919378,0.772481434480218,158.291112598346,28.0117151392867,4.20032770361315,soft,63.410406938954
209.06277728986,139.693988541447,0.7583232042732,152.035549995708,29.9321884256777,-4.18227247256364,hard,50.4968170443396
174.105531579546,142.499746966154,0.878702343690277,155.575742371244,53.762449803153,6.4297044889245,soft,46.7404925501878
198.197975590401,27.9891810813598,0.774234237323908,161.221614273573,35.5343786451157,7.93795590208566,medium,57.051296407683
189.878250174829,241.726159609532,0.900907569269149,162.003074598326,28.6763381723603,0.264182314520257,hard,41.7894363722344
180.172152484641,78.9426180125239,1.01456215642359,162.335096954131,21.5668522560775,-3.044157406643,medium,65
127.019436601803,143.115986670351,0.961188636203825,158.885237071944,47.2238894757358,-0.418642735480911,hard,35.0173299846276
68.1909362275432,40.7335969363369,0.813785265899545,157.689927866478,22.999603442808,9.57693523876822,soft,23.4469488534657
100.562908857913,144.332910635183,0.946298170399511,154.248971429197,20.8711203837741,5.63560722726615,soft,20.1240062699405
92.8481140574485,56.7780122386362,0.75924095200823,155.826905005157,39.4104732625772,-1.32154650285707,soft,40.3718634282004
111.433002338095,136.581733830665,0.758362838871417,154.727718042558,45.6506564474382,-2.07379791228946,soft,28.4009642276748
117.739082831221,42.6348466181528,0.923052147127503,154.948345228087,32.1433825006455,1.99945783233474,hard,56.8092470770283
164.373469169903,97.2943854988846,0.782460066930964,156.584742515772,50.635505375953,0.802467861977526,medium,49.2798072204656
154.853283340191,56.7049094862882,0.994415569284845,163.21283112627,32.1016761996206,3.85794025795729,hard,65
91.8851045274014,21.7453251062793,0.767487571294191,156.870250550297,38.6223277691133,6.78501266892221,hard,48.1760193827431
116.191283406382,200.702806031431,0.847366668299771,162.903589563903,36.9564344261915,3.03822917917923,soft,21.6707129413649
167.95796762324,209.137591691626,0.843288862396604,161.10944167969,39.21461265788,6.76232006715502,soft,33.9540761257065
183.596192518021,228.165492013868,1.01911447559656,160.722863616406,35.4001206519409,4.71555378231742,medium,45.0155552000109
179.04315684714,161.21100047947,1.03141368993815,162.997299493062,54.1854963512767,5.80148550582549,medium,51.7543843259997
198.107349523567,107.950231637406,0.875973616635429,158.9373543816,49.8668820458327,2.82053690238062,soft,62.6843407039943
191.023244393246,134.023822383377,0.923615632677859,154.685345802873,37.1933927801944,8.34312272290278,soft,55.972304816215
134.863434990978,131.433132874643,0.916649280497051,163.702339449942,32.6000754110505,1.60709784834476,hard,40.5454841858807
84.0760950326912,215.600963150511,0.813404177029376,163.504413282131,31.7867883296698,5.69749130290451,soft,3.82450322690424
186.688607249999,73.3105380197036,0.955612936692449,156.697518095777,35.1981720684744,9.44836285900217,soft,65
70.0790126917428,137.916890516351,0.755521676435784,162.972732906892,40.1869205939215,-0.115841668366812,soft,14.6687620481923
174.556165083505,121.967710873397,0.840486620312624,157.732030055288,31.0672887321198,6.08558745257864,soft,50.3567558965789
186.348805347969,93.5781233107229,0.943773179660713,155.121421420816,23.0926690458928,0.578227421159777,medium,65
88.594790720102,137.093093139499,0.909069295146851,156.89285655077,33.3670235797412,9.03886676151374,soft,11.3067121906341
137.092425535488,211.050791993685,0.953920704255326,162.667016175024,36.1351879928652,-3.6082203878126,medium,38.2966213523938
102.595725263069,32.7247112497929,0.926150714120933,162.030169146772,31.665373616131,5.43846681817336,soft,59.9317560646902
182.933770487711,203.893562491897,0.841098025957531,154.189040275953,22.4910401754149,6.61472353719543,soft,39.8280435264774
146.600818120728,24.9276756595001,0.94255350322753,157.585885866968,36.3035279646617,2.65370438805898,medium,65
125.424265672876,77.1335827211655,0.847120277882518,161.49846902601,52.8400904055521,8.89831204378728,medium,37.8312147062848
122.468870862544,153.678879697935,1.0212436326199,161.666745799525,43.8378285836401,-3.37662282045656,hard,36.3340448778555
107.129350083086,55.0256334963437,0.81949012975587,151.726475884032,54.3858372769396,4.01204157508709,medium,43.9681218451579
178.840501003703,35.5916995332283,0.80035027881077,162.022340996492,35.41660008327,-1.10310250217974,hard,65
206.399953928435,164.7993338959,0.987125946295581,157.85866686514,27.8923380681047,-4.86207271629393,medium,65
142.719224865132,80.6450013221675,0.789109393266636,163.196526972752,34.9662926544654,1.20316049422718,soft,50.6255879791222
80.4281182426667,123.187182141159,0.803808775036948,158.077968340282,47.6249990631849,5.7896687833444,medium,15.4916237305656
187.159652806683,248.621161089279,0.920726122658713,155.773375688581,28.5799136779048,4.56784450186292,soft,42.7978013931206
204.728213022267,174.797260898689,1.04258695484194,162.965295994686,51.765110062938,7.62988809753386,hard,53.6880681343576
72.2129815842266,147.558751597569,0.862370201818676,150.303265364525,38.5364220975709,3.47326782231614,medium,6.75937476840848
191.959912020373,29.7968776997551,0.985400686683161,155.648837478091,37.1527626886656,-4.65153702905998,soft,65
78.949630917784,225.221949884666,0.858167970582831,153.997383509569,49.4498201327046,2.84875506420769,medium,5.38217800758512
142.617528738328,234.185179169127,0.791170295492229,164.830369880762,20.9814420946615,5.49524257231231,hard,20.8861314083739
111.749939692192,230.775265935698,0.974709158964599,164.923981288029,21.3964041041718,-1.23909588343781,hard,25.3499340794247
123.791075000278,62.5085985169988,0.948267009508005,163.390535081166,26.0973003653267,6.98869702421845,medium,55.1572798938357
75.4871960040322,99.8236864964625,1.01626493590104,156.897077363988,41.8770106930171,-1.92789242397977,medium,27.7174253028215
64.2391192152738,116.34321925308,1.00953574028615,153.152334463035,20.5342376268497,1.39440739764426,hard,14.2464497243902
122.71180183428,120.166575626619,0.968947465621719,161.341205547482,22.1276520342228,4.72041772659148,medium,38.2226983561158
173.068534593899,175.446451062018,1.03352646757552,161.489595326794,43.7916075492428,-3.00664464321991,hard,54.4861565755342
91.7310354146376,239.600783559702,0.970528086634396,161.56369743197,20.2180629938931,5.24302365597613,hard,10.1313556960088
127.16308503481,205.495029243271,0.990644219740229,150.201712698248,35.3168016147428,0.434656621421613,soft,30.3899691614956
88.1437194172169,223.306325894378,0.772073849110533,156.75744514239,42.7289029752349,-2.79507543692489,soft,14.2472620528453
157.24498474459,98.8387381741242,1.02421695777522,161.70457083453,53.1336612094735,8.41691468331823,hard,57.2913683466181
90.9260227927002,29.5603978572405,0.936844009325086,159.379217752973,20.5545636964767,2.36292889430188,hard,54.3771479384687
115.891416503935,37.3221939400037,0.793385520242126,155.699893018908,43.6616053071985,-0.0177689804246608,medium,55.3915601577952
89.6949676347734,239.375165677071,0.890101451567779,163.868184320752,25.4504921346912,-3.4214070189531,hard,18.4063741692587
120.584197720447,35.1452381247193,0.918196910835538,152.852556729942,31.0588834900366,1.20685148776594,medium,65
131.628883130268,194.788259325553,0.9549006253086,159.848501505287,53.8995272767189,-2.43856030051062,hard,32.6194630669273
126.070942588304,96.8821653363633,1.00655251522393,162.493543460943,31.5421530179327,4.60027433808372,soft,51.7579254821928
116.995922834723,233.482398088778,0.872104822117277,154.916947916018,46.6435532465283,6.1480063713566,hard,13.2758197470136
130.324782307447,157.353724554318,0.837959723745679,161.985416077654,52.7627175247447,-1.4564994801029,soft,36.4595779903123
181.439023692179,126.734523402636,1.00293407530574,159.709494293696,38.970034054855,-1.65655016344173,medium,64.8308001485011
73.1756482758192,184.858491884903,0.818640623864558,152.965540219954,31.65707773501,-3.33587961395065,hard,9.81041307969008
74.3877602643108,23.3892496552409,1.0260645496506,164.573814115859,50.0171202505198,2.69768633281249,medium,56.5813702968738
207.179430293112,89.6434534662486,0.789429335072656,161.99559497503,25.1918933775938,-2.72511565643682,hard,60.2571932214582
127.642385150256,65.200991418269,0.859288322217655,154.092225687355,53.1441491913239,2.43949514808893,soft,57.6950874424198
137.663971117969,224.176501393775,0.829887577397318,159.806713973869,29.7661013016649,-1.75654705497734,hard,31.6861967295024
156.919732402144,219.281184513477,0.847472837703003,157.819467398894,53.9198560395822,2.73257359847613,soft,33.348843789558
74.040922586862,125.270350239648,1.00677320320781,156.165849375228,39.3513983655315,-2.76043154889646,medium,22.7999092237968
107.362432262241,189.86335987791,0.87468972236514,154.826553530772,28.8027072039077,-4.38005994275601,soft,26.665502113411
189.951950886938,122.883607749005,0.837865473620935,161.850868525826,24.3978885579766,8.64109155024807,soft,45.7592755374554
125.107100062635,107.564796362757,0.941299065282567,161.01836858066,31.2015228690458,-1.57439442634022,hard,47.3731059353464
82.9772332827517,221.871926925822,0.908605263682487,156.165704133797,31.0466838907313,9.51885360110929,medium,5.25435073503786
121.306015796306,200.212463105004,1.02584630137689,161.705131051825,34.8988863670101,-2.19178870811796,hard,36.078577509444
126.84836683698,119.252453977506,0.830255811864275,161.461332908091,26.2702212685374,3.30384016043882,hard,34.3841531129053
128.519942385425,224.263312530665,0.838629889535967,163.920777162089,30.590924065004,9.35504000149763,soft,15.7295350622664
115.131270154364,94.9602956621485,1.00109017178143,155.91261449796,29.5510552553777,6.43245339377128,hard,37.267672301924
92.5617915249864,168.994701526317,0.803113698921932,158.43038347798,54.0601074850883,2.39526362638336,soft,15.3461627866138
109.782712854801,134.338140941963,0.801900656891632,163.985822093912,20.3636389942486,6.5045243840324,soft,23.524120974005
188.319705083191,98.7045712712122,0.755255691116036,164.573563265193,43.7791851121405,5.8291456487946,hard,44.6811308315521
187.948118024091,147.561135340612,1.02537726575459,162.407193846282,34.1465502027339,8.57542291155753,medium,52.555879128517
76.6660396019318,94.9697130162124,0.835199938693273,161.642413103149,26.3334546784565,6.54092506050021,hard,13.856875479385
130.28296434791,96.8441309330177,0.812597649303507,160.378555835521,39.7623310289595,4.87212823860007,medium,36.1138553384715
92.5760922325372,99.3124760357154,0.826940258544212,158.591954650916,49.9759690075726,9.56838035022799,soft,21.5527318130434
106.547243858136,210.380003902976,0.935096000943408,161.520684680974,54.6162878967423,7.58324703659535,medium,14.3940982220938
106.821531280879,136.917131068799,0.769178252144064,155.873792389161,42.1891587846432,7.1741183300953,hard,16.2567879508192
162.043858071578,238.815096087132,0.92542100711358,155.098365467946,23.9318825296377,4.08909076006673,hard,32.6265922745001
104.038070301806,189.85849698003,0.834604008253986,152.112353612364,23.1160861027742,0.936771723599245,hard,19.6471222203817
69.4150219880576,40.4994444951464,0.766708190224913,157.990666813953,25.7974002319785,-0.680836851922703,hard,30.1589263850264
150.683588173719,23.78861971688,1.03940041127122,154.598923074229,48.8759771605826,-2.64936476601561,medium,65
166.520785083155,115.594921250011,0.918538276966239,157.126790292471,51.7700586462557,4.53687291146733,soft,54.5730671322717
196.547804867012,238.527086004225,0.781888579211961,161.416320908092,45.0407369744733,6.60708338841105,hard,33.3025499373749
88.3807434501712,166.26591022959,0.791896698419338,153.350312144231,28.1604811791756,0.186481585325068,hard,15.118409499411
120.198072741102,247.898799945156,0.974068328217537,159.602981436436,40.1524375413565,-1.04772864394779,soft,27.5456356607756
198.912340579315,191.230789007342,0.897886460780511,151.421017218049,24.2882289910441,-2.30247160950494,hard,52.7704317857008
74.3467165858281,175.787057216801,0.750615132589124,159.417275359697,29.1073533676279,-4.373872511568,medium,15.8922163083384
175.241172802976,135.518778713512,0.885274719604612,160.979795666145,49.2994407770819,1.23356374912486,soft,56.7999872981833
154.321029988595,30.1724903614655,1.00864855097183,156.723740908051,42.8610271606599,8.236443040511,medium,65
193.859660760747,23.5945449047278,1.03328893325138,156.768061498097,46.7668531938971,-3.79788645212228,soft,65
199.171539314341,214.033198516924,0.838902012970124,150.551712425732,23.4370480850013,-0.998993649018001,hard,47.0247198539687
143.109861065399,231.321806177053,0.799972942696733,150.532044759888,49.9296612689146,6.18893390671786,soft,21.8014972580592
133.520097424598,120.462225745688,0.790266056861449,159.867757185539,34.3613001567672,-1.48467348493453,medium,40.5523547775609
201.736848556579,235.797203834269,0.889843254783803,150.28360669382,35.4444159635555,2.81435781078428,soft,49.7458634420774
153.11857121704,35.0318790437537,0.877068330856159,156.695470484339,29.4842662892219,7.84403000098479,medium,60.8703773781836
207.773048163223,59.3849352644938,0.893828127863314,163.851097510795,37.0240196071238,-1.85747334544198,soft,65
194.864601025398,210.659551846571,0.963682188287193,164.685941990211,29.9913028725394,1.35676017681175,medium,52.3220872161989
143.899925610352,196.266333550842,0.820298087361264,153.377044599392,48.576183730282,7.60618249409432,hard,23.4262819416312
200.95249479204,194.46694836204,0.865324373886092,157.467550846116,28.55309241873,7.09766893470373,soft,43.8174086394492
125.886708842639,134.67206556701,0.894731313253161,157.765846667528,39.272156854726,4.96032885068859,hard,32.3681936360754
61.523897397028,100.434163848155,0.967998088713413,160.990782175544,41.6903865014679,9.19075309659377,medium,3.91946844389928
176.47608911054,247.848275952159,1.0385645090066,161.755937444481,43.9140874995144,-3.02047922952101,medium,49.3504850672255
123.097837242414,174.168459030958,0.818494563802514,157.519011181588,27.4436508053825,-4.07710905925459,hard,30.9507156275201
177.20863904187,43.2590213882282,0.90858874040323,150.51740703192,31.6251192298159,-1.59536421605905,medium,65
90.3144213771948,124.533912223214,0.782963567676601,156.003608128956,49.9735064349015,-1.80842341865886,medium,20.9306674223997
78.8242384767764,25.4244300487797,0.759995837021979,161.287444581679,32.57845043837,4.647780967856,soft,43.5073278816573
96.1513997223282,88.5731890937748,1.00596277105292,152.80748991948,26.1443380306737,-2.21123316851455,medium,39.8783569115141
106.7514806125,211.674649516595,0.814875675378864,157.300085025256,52.2871002661287,4.05864068632124,soft,14.8629284418709
176.092948508084,203.280816961335,0.883067207123164,159.899842030175,41.1123563859927,-2.06457290536393,soft,49.6371424271393
110.309079034312,70.3195175831907,0.976974312751146,162.701390228709,34.3502659417403,0.565326106002094,soft,56.9906718270128
195.911184201171,58.1802653373569,0.855651550604177,160.664236233398,33.1750505133626,-1.06400461443736,hard,65
139.280712673959,90.1066610730512,0.901163392789386,152.333925616153,37.5027387351725,9.5727002797782,soft,45.0814667838457
140.049822396752,218.45488402133,0.907359725817876,151.027983958306,41.036327503244,-2.91809531056507,soft,34.1952854911245
204.311542438758,135.540713234618,0.762369855291788,159.169977249511,50.7492276870419,3.44687172352483,soft,55.3184828179329
76.8569954240816,24.0812360735719,0.928204305067477,155.141247807305,34.7323378168201,-1.07396687269037,medium,54.7950068012872
110.439591006028,96.7778867949599,0.96733230068097,158.787969595315,37.2276734867766,-2.01603880885187,soft,48.7665437326119
115.427568876478,239.903110037861,0.80472750233603,155.419753862501,45.3298908201503,2.7423646866644,hard,16.2092102058452
101.487786915156,143.746340595923,0.943588488027102,155.402686174376,27.1971186790877,4.97824721939903,soft,24.8080731623015
145.664429817226,57.8214156707305,1.04423063735045,160.144812409956,53.5617249507743,8.2330051888802,hard,60.282354731315
102.287829801228,129.777938366832,1.01299805498733,156.605358526228,36.5021645456429,7.03231965999725,soft,27.6023566531587
98.2509392938381,225.654784496886,0.892571619976148,150.905620142381,39.5569275988423,7.48128183106367,soft,9.0574076535231
105.56359013789,244.395220015564,0.916266640449086,155.02970447995,53.5155910048245,9.26985151240716,soft,9.88269024452624
96.2938460277115,178.059162995019,1.03056790801999,150.920331628937,47.5202089870459,-0.579306043715297,hard,22.7769393049982
207.334409757986,198.751964007791,0.769902465890259,158.775905082976,53.6195861025008,-1.96831011519556,soft,51.478680739121
68.1756738980029,226.189130290775,0.757823318976227,158.077936056839,54.9618791394277,-1.61479253822575,medium,7.57898976590346
179.541247330092,189.23781766033,0.969887646605834,151.875108347976,54.3546502298313,0.190182480619782,hard,48.7377191977344
79.509146362067,174.757607255906,0.764223197823642,155.690421700363,23.9079496694339,1.30407752584828,hard,11.6440940236855
89.1722511891046,110.739984918516,0.852749831686854,155.954902737684,31.0923652507434,7.28712711980842,medium,17.5119372937214
203.388936093619,80.5685747623089,0.989039857997387,162.529951428674,28.5776510799684,-4.12002060283117,hard,65
186.085398910608,158.415405719012,1.0310311945535,155.98084550691,52.8705790436403,-4.77634197831695,medium,65
152.215221261446,212.561394855185,0.754885968670682,150.291409564228,54.4011877022483,-0.754009891029568,medium,31.9650294927577
87.9175549797759,65.0369291127309,0.919093260127216,163.19887306055,38.8337373011345,7.91744369078293,hard,29.8684748086868
65.6075795091996,75.2051050666273,0.908042056375078,160.490264021428,50.3849130124432,2.26132928888756,soft,21.3715920215517
84.5313206084631,124.294968526903,0.832143248570725,158.547933746578,38.1295607864329,2.70568018615856,soft,14.8186928758949
93.2011407084741,194.569232894026,0.898670063359822,155.363280538731,34.1494449532995,4.71325106717899,hard,15.920589498407
180.728266430298,212.592669805121,0.922801804906867,158.549563761051,31.5433813949702,-4.64245781697944,soft,53.0416122178025
182.391165452267,117.1392418641,1.0374374544892,163.806489843024,23.6368402954723,9.79202654025728,hard,55.0602396672774
128.764558113371,104.91671682348,1.03606116987569,158.671375514518,47.4665444473119,-1.47685969498509,soft,54.6801314399979
61.9044192982494,113.161956564341,0.922562785284943,163.669039627048,48.2855352302851,3.73727515860845,hard,8.65525689909715
67.9008982438915,90.362181082192,0.804318292299213,160.765174120814,39.152022628451,1.5420316745245,medium,20.1193403581528
73.3013557527256,166.176881420607,1.01592812332075,150.046439817354,33.6515395108262,0.33762539858537,soft,14.4247723842931
134.588365018552,200.220164524662,0.954305610890772,161.959038860665,39.8772092019963,5.68203957688125,medium,31.2983791083103
173.738899580294,119.74414620512,0.925587335970183,157.529469561626,23.0044986091704,4.19374180019219,hard,51.5068421441653
81.9257628936904,182.714793079083,0.907432571495367,156.867082388885,53.462849794708,0.284242023042341,hard,14.8721400596302
69.6838339697622,146.813493983413,1.02242788564822,161.93568422248,47.7236261958004,2.54513146777662,soft,13.8545815947045
183.455568650593,149.285253412415,0.768355827906529,153.957327219956,43.9305186612384,7.93716493807615,soft,41.8162280653535
198.793984331807,101.328129553735,0.886231731373021,160.178236795654,27.0173296749424,6.84461824968275,hard,56.4578129098017
91.0346782623264,52.6921477197288,0.964468191374516,150.846637136159,26.0172813091762,-4.42917605894838,soft,54.7998773299476
160.331443714613,21.7286572388632,0.761271147548049,158.242921243291,53.5395592103845,4.51945709630606,medium,58.7260952105821
168.870994193909,147.644126720902,0.928420199529112,160.711208203672,33.5369389844516,-0.956971119863178,medium,53.6515280125332
62.7755069573855,66.1614281061887,0.819086462482632,160.360766685141,20.4727098299621,9.10291506398378,soft,15.6278200264536
73.3456246063528,50.6828232097993,0.901246656141325,162.443964665208,43.5981288634767,3.11760980465555,medium,31.8483188155665
196.998544286622,138.311922123806,0.876473902733455,162.165728372787,43.0870850036646,7.86215880284374,hard,49.7621816149616
115.593315268276,97.0801035329278,0.791719844756215,161.523032277497,30.0605444620162,5.74277743749457,soft,33.828436469576
73.1392967415683,179.596790681788,0.877906485769311,164.004038739273,27.3734700146701,8.65584527412819,hard,2.57071444460151
79.6520963943637,29.272587245117,0.782037527291393,159.343896122411,30.240753911992,-2.80603855357984,hard,50.1059985670116
155.039649877915,54.2663741689382,0.945754860567275,162.105036260713,34.9130095926911,-1.67429809813063,hard,65
67.5197219885594,93.8542844955654,0.811554375321494,150.2501951027,31.3479291576508,-4.92225772537292,medium,20.3155533309478
89.1289670138605,115.782657036544,0.773073522253884,158.601214451491,40.8268965162965,8.34982246894086,medium,10.7771945707739
120.322410663684,132.481850577291,0.901300536793271,161.51548714759,22.1907884277806,-2.18445861202647,hard,40.9050644608545
205.261863982628,185.447955399964,0.995146389712796,153.165319759879,53.4372153475686,0.128278388652784,medium,60.5657614518369
61.1242970868847,63.5746093476386,0.829441605944001,154.450130213452,34.0804131800582,0.018335636275749,hard,17.622673371556
85.8087615113542,211.475349579183,0.808099630102527,154.706473267672,49.2717456203105,1.3633876839393,hard,10.4324965495135
112.529283259972,112.808261954665,0.776078196114284,164.790141985321,53.381612923964,-2.940063304884,hard,36.9955769363606
113.454359383273,49.8002350295254,0.912120291857527,160.224691719677,50.7340851820539,-0.0502233624313178,medium,55.7628965993418
135.129736079986,215.5427003779,0.775213859967253,162.838978396648,36.8309623860875,8.17789791680986,hard,17.9501977114861
203.73294503975,30.8909377363649,0.817008171377687,161.674728830428,23.4707333853734,-2.49008182894744,soft,65
166.107875427729,206.479469418175,1.04831784124528,151.730023096895,30.7099248795692,1.57640973125192,hard,42.8222150457015
205.989988703894,20.4126627456612,0.88052595479633,159.604412280715,28.6915934170106,9.02735863749413,soft,65
158.620931276841,248.242182288719,0.856334803263989,156.213719199214,31.8732034199301,-2.88185168773476,soft,37.7087805805044
97.4261096589006,249.273675706091,1.02714112350636,153.47433786514,31.0214847766181,1.54297287195979,medium,16.7857177796909
115.216764683795,42.3394093996616,0.83197224394078,163.542233593002,20.4937439441495,-2.69979657323243,soft,63.7877925746881
160.261059910353,143.214781573418,0.781188252087541,158.802353248648,53.1022415418606,-4.28429221991683,medium,46.7852312946778
166.922891678196,45.3306353966292,0.830215174737827,160.613131883023,43.6328490130319,-0.405038998770355,medium,65
152.725553289298,235.314847974754,0.761810148558592,157.752531520769,35.1415021579358,2.63147706362377,medium,24.5249213301774
209.904891380688,137.242492948625,1.02206014291722,152.095676867583,35.1295082334902,-0.203190332364117,medium,65
118.825873683415,139.882659939985,0.767913831245243,155.074242864638,53.163517026558,7.5208374946007,medium,23.2138626527529
204.460158834421,21.1202292914136,0.806824956338007,153.888077769498,51.4142649665095,5.3487733623883,hard,61.5505750531297
112.948900226622,125.507847662899,0.774429416847877,161.31281103316,33.7894805501312,5.40863826179861,soft,28.1483951144561
170.379314867016,163.605297788372,0.863665381112642,156.722305953564,25.6792804403797,0.448048543439984,medium,45.7957445339255
60.1692994147657,82.6462655421561,0.940427761245523,163.756327479159,52.8514766991503,2.93522436788496,medium,14.8653053037972
102.935621327443,82.3921013187507,0.925740531067409,164.383277080068,29.1203493904528,-2.16372233697919,medium,46.6039894097056
121.540167182623,190.945245526509,0.815293439476117,159.329441686032,28.5399217914834,2.73360956829861,soft,23.1607971149797
174.68306884668,120.583855664161,0.873527715551244,164.246815578274,40.8013395228492,7.58289911035659,soft,51.367979861176
105.698003819143,181.243227193214,1.03879956301869,162.644604273046,26.6815755496921,0.636584815801806,hard,23.8858722846749
168.420829699839,150.505766167636,0.904070987750815,161.836825779338,39.1785984591991,5.12103956063388,hard,47.2266744124501
152.353093370073,41.6068817815233,0.898252269100923,155.569757468346,51.4741011385175,8.84299898810279,soft,64.1027680215461
145.058844260935,215.171591392276,0.942051681904236,151.561599341955,21.722961620963,1.23892462172303,medium,33.8153630278109
114.661540543438,201.116383020977,0.917845869978421,164.732309933214,42.852789787823,9.46122681790168,hard,15.1419490023598
151.832791152144,184.733053285404,0.75662082316671,153.833916409031,31.10697162232,9.61282756326945,medium,23.84728603952
92.0682200401503,172.090431592788,0.903878340457841,152.454488847982,34.6422953041132,-4.86053243049534,hard,23.4512164752415
69.619329168468,111.230758403873,0.916510505471189,151.1674956355,44.0859560700863,5.3592054431268,hard,12.116412826991
99.6357871048398,69.5072605025922,0.773889196888749,152.556574600652,31.0957889810612,5.49661916038403,soft,33.3499616409062
181.968977254393,110.202803346087,0.751373892715137,162.253575749674,52.1075727217754,4.14130342245612,soft,48.796378747407
118.650320660818,24.3392756158368,1.02782099617459,156.63241462171,47.6069622887508,-1.94027053870847,hard,65
85.3036096527305,236.867651238839,0.81002585139082,150.208858574891,24.7186543587104,2.08721217404307,hard,10.4709980897858
136.49552891506,150.516450830745,1.02520176423843,159.933015344668,20.717587777764,-4.31670911374776,soft,51.5023976076442
85.7299582315421,174.911813692023,0.838190465458767,164.473762625706,33.4401253947837,-4.24004092893207,hard,20.8663645514326
188.31406666981,161.622965557084,0.985029847563169,156.300406405898,31.8633727723613,7.26991306282772,soft,51.7892609926869
83.1504028199284,96.5291459403799,0.940155171695568,158.621035725074,39.4273060403699,9.86715612518626,soft,21.4568544419465
193.983995917584,228.933711457808,0.797064155463932,161.891786971647,54.6755180496418,3.93385698955332,hard,34.294443780546
123.673354602576,219.613663412699,0.996583108402587,156.080204127522,42.3108881135544,9.89032392274205,hard,17.1807794000952
146.338831152118,132.916392112269,1.0363359532025,153.267064048057,28.2874311446949,-4.1977966208959,hard,55.6523184454244
182.882829972871,83.153174667124,1.01024209150852,153.653053828721,41.1155106997661,8.54713990106692,hard,61.2051139193145
93.9853992571031,22.1993430051701,0.786205974400785,151.327853317063,45.6768449229443,6.76710344401638,medium,49.7270207511228
178.886041690333,201.621971748734,0.851348428635542,164.881791265188,38.479733733497,1.75301274163574,hard,41.5785851415629
205.365562468037,137.867958165578,0.916135108157917,154.409969142434,22.9577668040972,1.37809566820205,soft,62.9215544909059
175.14814127902,142.410673341414,0.770666067068234,150.222525906966,35.4513056165924,-3.36689149266264,medium,49.4496277682155
136.837919409483,151.183894956089,0.843020814410962,160.349031388736,42.9871698538403,7.18185568144684,hard,29.8723687078437
148.549573818265,207.433425266709,0.999158954796867,150.463150788479,50.1627949217466,7.78303587139782,soft,32.0539052816119
141.392923065287,234.604368223479,0.792175201865514,162.850182908129,41.2257884013935,8.97430702998611,soft,20.6454206130769
191.850985602989,125.290897386766,0.753265812979023,163.32341181007,36.865070748533,6.29171522421258,medium,45.4876720977014
82.6566931842446,221.674783362085,0.845662191323213,164.845749319876,54.2731517120174,-2.41169317466244,soft,13.1791128302455
110.925934248964,243.988781613302,0.80279365245008,160.328980056839,34.2515703397749,0.210075801295265,hard,15.7915311538321
196.088663091784,59.6810533935418,0.773848042450477,157.466999529784,44.0593818238464,3.65621813282882,hard,55.5328737980404
119.712808887594,93.4730038942893,0.817400920610565,151.448286327944,52.878148310548,6.21782996059007,soft,38.7048649884655
77.9615105132589,195.238183952318,0.752877128396167,163.224301047581,34.6420794921881,8.63268991297651,medium,4.30290429373291
74.8032109597255,58.1670121975812,0.770730202533879,160.673667216461,48.5944315251545,-3.93715240019529,hard,33.7795633050786
98.7705199580871,164.275343596208,0.955254193125515,160.221506309067,49.8285345787174,-1.70145012250042,hard,26.6035205001303
102.586393684585,127.800215274979,0.774337324471108,158.742197168545,54.888459644404,-0.874531937667769,medium,23.5235125021491
61.7991490924377,132.236481618484,0.955333624000326,158.883374582661,49.8638627639428,-3.21502018288371,soft,17.1674969221697
67.8085950032031,61.9686651146469,0.966049226745413,161.943809050469,21.7923657004649,5.61302357007373,medium,21.2109097066329
61.2328228957513,72.3880852516741,0.969644482837601,163.281234693404,50.6283666099365,-4.60678572849586,hard,26.0175712921454
115.594605724977,28.6547858486175,0.924337414915546,160.602083937631,45.4268697166975,0.431035446240954,medium,65
70.3307077025482,46.9111264060961,0.790833692585154,160.310283292476,45.180611517953,-3.79801835620636,soft,37.4229363308509
92.9187342922512,75.2536385532721,0.822443991623148,154.354077554827,23.561434969475,8.6907395744558,hard,24.3006067935666
116.92664948347,109.862883286299,0.943792992892213,164.91185771096,48.0020482021354,1.76224607655834,medium,37.1640071379495
177.66903027763,171.430819269618,0.940216004859417,152.669806737953,33.8458397874244,2.08761008801416,medium,49.4129342928915
192.02642332553,53.1092249936981,0.976260827082144,152.445879726233,35.1433636305739,0.782651274937486,soft,65
140.844349810864,44.185049129735,0.802011905825425,152.689440589132,48.4836920275641,8.31239706373351,medium,52.0062383763046
79.9634529429763,245.937074306643,0.751395541367949,150.719295422143,28.505762582755,2.29642759916762,soft,9.66227851922203
183.464282703084,238.861197788097,0.841907841759658,158.830074387588,26.3893269057891,-4.32812880115562,soft,47.9463439977833
64.311827084886,21.7163892572997,1.00435723176134,164.315133538633,41.9710541881016,7.46384117426006,soft,53.5001059883956
180.447508662336,96.6058078121911,1.00602672291162,153.419330654263,40.3332678655058,-3.43071754376811,medium,65
149.325463846884,189.090252432106,0.832393428443665,160.043681830067,32.1429086753264,9.49526706481151,hard,25.0098487932882
173.083133699534,103.220600224782,0.820503524597835,151.406445193231,45.4206028384857,6.93231790052943,medium,48.4480692915104
162.280777424086,53.8437776012053,0.827924739580297,150.257232544278,48.8679837928944,1.84731137274169,hard,58.7727793583272
198.992666742575,69.9603190541364,0.9417494594093,150.19119925489,36.4067413274457,5.51256917937137,medium,65
164.145769121948,51.2265730392159,0.813191735882165,157.279332567577,36.7786234938844,-4.40451569170502,soft,65
105.792895473529,241.035110500736,0.927499475896628,160.352365165805,41.847505262313,-0.829557277628154,soft,18.3721085919621
161.45018847531,213.130354831182,0.850384092507612,151.22828104611,40.1786726828709,3.90687606407128,medium,32.5212147476578
144.306877603542,177.810181088873,0.903007684199673,162.582924543593,42.0249398240869,4.26869647726469,soft,34.9184920119253
64.75301333752,63.0377524501683,0.926135451522522,150.768571090137,26.643839932034,-2.05499558463541,hard,30.2351231966556
206.040581875034,230.530161686882,0.982007976710641,155.558778138339,53.6532101121721,7.30066746261107,medium,46.8614142602424
104.688960510213,211.536467057966,1.01609789607104,155.781722991652,26.7300980098981,-0.0710822547717624,hard,19.0194712469538
125.739536931076,25.5028787523391,0.924341279219418,162.211311424699,41.4238163887493,4.86327581350815,soft,65
171.569168364022,170.619596677475,1.03787008227562,164.793919939442,44.7674782861185,-2.54876707225979,medium,53.4027934616908
114.087426483663,222.188886215218,1.0421731716319,151.989770534142,48.2588694922671,-2.97852715154041,hard,26.79931866004
71.0179758835912,239.940416326272,0.797283145801684,159.049554309577,52.0745653786638,-1.01784394549341,hard,11.7964243706846
65.5511869508704,226.0053497857,1.0124497291559,164.260692110217,33.4171078661608,4.17973623049296,hard,2.18731983386797
155.334145041333,50.7745144041856,0.982778655943089,163.172350062524,52.057759515891,2.89086524932492,hard,65
98.3835759549827,73.9969855566328,0.859889704487324,164.584807954651,53.1605108884172,9.99688130018073,hard,26.834367356749
129.170064894781,29.8228998736662,0.821615582333957,153.206723108605,37.7446657858002,-3.87411304468723,hard,63.7035154990532
95.4750016103039,216.586110766967,0.825816365801248,162.77971155402,40.6048171534834,3.42700871380718,hard,11.4051325722229
68.4421934004209,74.6652432465001,0.838218479788518,156.67053910008,43.4612053232519,-3.87167067120896,soft,27.0086728491848
76.1025106300035,233.552201868928,0.981996525709877,160.525780498845,24.1147713921764,0.324080714078301,medium,13.1156219216889
188.666092515703,38.0701868648563,0.854333927383832,151.649632200914,29.0320584816886,-0.813661530304604,hard,65
98.3049547803534,156.740101696197,0.757873687045386,158.156496072808,43.9857092540465,-4.32569773527544,hard,25.9297881709966
188.367519484432,229.701379355967,0.79886755132357,153.823185279977,51.4111593471532,-2.78899985302097,soft,48.4043640452796
145.767440978196,148.899918624845,0.929091162469865,154.076794560043,29.9682663689525,6.15818238664746,medium,38.3053977650724
194.791437847728,184.848060787023,0.792520579988632,153.35962421812,50.4394831332281,2.17732188610526,medium,47.6016994066907
209.633741021478,231.041619406421,0.886231653029861,151.915198925014,44.4822862932154,-4.72334125115628,medium,57.1565833156015
94.4485830588845,186.889669945375,1.03945186668654,156.966088863089,54.4101031584032,3.92907325002431,medium,12.7988454230524
89.0284762037551,31.8768869121335,1.02277954727871,158.334139906686,30.8349266683701,7.85192990733832,soft,60.8152726050433
192.960917068035,97.7345448982731,0.953747560156776,151.745677416393,25.5068848809209,-4.14914364312262,medium,65
133.944786561467,61.6487459157578,0.853153095127311,157.321549148046,27.0987504098268,-2.81629524150427,medium,58.544399072244
183.563879505242,242.768113326581,0.839151606808011,158.573400962194,51.7729853924294,5.44949662873175,medium,30.6108091048461
80.2201462085152,141.702383854876,1.04118477603835,158.664603605402,31.8476356681205,8.45318493782011,medium,12.1779100098267
148.289803954776,124.498014936275,1.0310210704756,151.1245661585,22.1508752988369,7.52347541170521,soft,53.0810918815036
185.407122825999,63.1352091595535,0.935020688094907,153.85602717788,34.8154011588953,-0.693398307314719,hard,65
113.931805625942,135.979649783687,0.876895011625776,157.975338311503,39.2686891361629,-2.9561528784546,hard,34.1771654518913
192.862377454978,22.6736021044994,0.967259401703147,150.82578670783,46.6508863078602,6.81598084004639,medium,65
140.017040415715,46.9444388933691,0.786280609160537,156.043765664358,35.7960315589198,7.07457499626885,soft,51.7185952722454
67.9292654093377,228.213856948601,0.80803302849482,156.077088757793,33.4793407227832,9.75748391613422,medium,0.616893084742753
124.126821391656,41.2262004390426,0.821184353833043,164.696616906046,21.4114126272047,1.03210493823702,soft,59.9298627497155
84.6210392530512,98.2979682897393,0.860551853505442,164.778872741587,44.6369049713383,4.30280487582832,hard,20.549176917574
169.982880145016,162.709457224477,0.81827590515268,162.783671817956,38.3895087118244,-1.9190805747619,soft,48.794059908013
157.626203341492,57.5052812884506,0.86199690005689,151.282534980222,37.9437745527892,-1.76220672335829,hard,62.1407733465346
85.2317446067722,79.3464569817589,0.801427728224322,152.094166621182,54.1248795294029,1.79217166799705,medium,24.0030390893047
142.460653520892,183.347036844184,0.97097602489125,160.453428689204,28.5607354134107,4.91605818691011,medium,31.6928795510106
139.901681391548,151.245610857103,0.964109895002364,155.445000099253,23.8515197895999,9.2892073998637,soft,35.4694059014466
182.931453964175,120.79450779847,0.825254322404183,157.56389963452,49.9025116016685,-0.755490653302349,medium,58.6748388255644
165.482474573982,44.6902942834562,0.912396555563817,158.053102807191,44.3202209200516,0.573895646883598,hard,65
207.743753871192,245.198655126666,0.964155135128753,164.784927427933,48.859321036476,6.15420480221222,medium,45.0908811470491
167.106590068766,195.193427391842,0.847882666534862,164.821969096914,34.4145735816612,-2.32460709016081,medium,41.0629691331373
203.606866958717,71.2003395422341,0.895902447596365,153.523974399282,40.7005465546187,0.901281776225675,medium,65
181.629138648569,222.042500877464,1.00518941038539,155.661394571668,35.7117664477841,5.38502732567949,soft,43.3871869284667
138.516656477836,165.894220047321,0.770763240125509,161.225872811315,38.8049178949042,1.52959005543532,medium,31.3236871537227
202.582099651834,190.28249949395,0.91462932088958,156.511473308498,52.6337599475177,-1.04756438226644,soft,58.8402954926741
118.449783752048,32.594960446161,0.83688543298265,152.932409305357,51.761348993972,8.68227353584233,medium,52.8162736249751
90.8654786251246,143.800301778141,0.927487843880357,164.634522602499,35.2576051662592,7.51351177918625,soft,15.1914163805901
67.2720782979119,23.3656236743972,0.913956033762269,164.659592884005,21.7017081518718,3.04230591546397,medium,48.8350867631311
153.735623278684,153.507156538138,0.874309880899143,154.598266427372,37.2914338107036,-2.67684422194597,hard,43.8600950394507
163.729515197903,174.195157359553,0.864809716514758,150.886557744386,26.2084125599792,-0.458262393489352,medium,43.8447579286768
80.6594194642597,206.408569588822,0.82751589850737,154.992808623142,26.1934318837011,8.20373887507054,medium,3.88083971178886
120.487437653889,220.602127533807,0.883793551207563,161.596402594747,24.1113132901139,6.77432404691174,medium,20.6903768801428
119.895688059254,80.0002721775696,0.807933222783312,153.179664026565,39.1711711396554,2.12166327895109,medium,40.6418372324978
202.364914964276,237.703151031277,0.954789943336888,160.701257270637,50.0042175079725,-1.20865308784507,hard,53.4557281327202
166.199246068295,66.8980201518211,0.838762255349218,150.938278458301,33.7900271532665,2.90811825594873,hard,55.5861113299356
70.4135650799336,46.6488932638624,0.805652092598021,155.262394856428,49.2688136079179,1.86524531305207,medium,31.9411254085131
208.649448922029,210.048372943223,0.776056971872703,151.594098180897,33.9639672940873,9.97683223806295,medium,36.0635591125323
131.249230617371,207.541106270684,0.915053366319184,152.484843290881,23.4086935814946,5.82139008100291,hard,24.3913984202237
156.021392903248,46.4901956834659,0.839949890453608,156.120453535329,27.8473068972425,3.53164567538304,medium,61.4045254276201
202.564956029342,120.042264566727,0.895024312419784,158.416217733715,20.3164363303211,0.0428727072879411,medium,62.9231115360211
171.033514397844,132.09583820314,0.846757559568071,154.087763646169,35.4221087541612,1.94466022261393,medium,50.2536627458381
156.59852978161,175.48852983621,0.893107943416134,156.008632475115,21.751579598809,-3.38538251683308,medium,46.9727266733849
199.15443672805,136.169526794678,0.960539409243782,161.870445129095,20.1025003778162,5.84064756848239,soft,58.9712243896307
125.899264285916,45.1985340699162,0.905289711261612,164.895853187312,28.388133113484,-2.11941468417787,hard,63.3902884614756
113.984125420139,227.624698931588,1.04633705881879,164.209745017983,32.5515042332193,7.71139025018474,soft,19.356195382547
178.869950034328,45.1106273272945,0.882452288742028,164.905999277416,44.9369169549616,-4.01818138306212,soft,65
82.0669249625394,91.3158702448491,0.792148817935385,152.458811426201,33.4557575332307,9.06009843549065,hard,11.9206281762604
63.6635992240184,23.9137332235031,0.780508195128636,151.570571099343,48.548106355669,-1.40094996078187,soft,44.0138406545725
187.350433139784,126.80600460594,0.768199996492367,158.072335426843,35.7198300073619,-3.26743314514048,medium,52.7696757659642
191.396505713953,227.09561500418,0.922450710885301,157.726165142588,30.4259913675868,2.65894307311907,medium,47.6584661842837
206.655380735003,237.712223005118,0.82793355318842,156.773502232074,37.783565689547,9.17405003556494,soft,40.638939415802
101.967579354956,184.394430529061,0.766191598054097,156.702730813571,37.4403693617221,-0.738229331204806,hard,15.2680829431678
195.246203332736,146.537930905891,0.98513361589787,153.976652904959,44.0712594196433,-1.88338394375732,soft,65
85.9512678374901,226.143371319419,0.759707213057123,163.850282158006,24.4441076818248,-4.60851633074066,medium,15.9717327457465
188.896889939645,75.3747501492838,0.86884769586041,153.685428076301,20.7025965924763,0.140104167967613,hard,62.655195779214
186.525941283177,148.527268886876,0.768903093646097,164.697727128638,32.1642718839018,7.9113583679203,soft,39.5776490862337
204.66080532312,44.6494401838801,1.02565873880043,151.681981573285,30.2642167640324,2.08237953996662,hard,65
71.5378119013733,176.930287469519,0.987469493277528,154.030518540269,42.3840121016032,1.46919876767123,soft,14.0149888698845
95.8018314548747,64.4665336333966,0.985530153069533,154.934872228519,42.5352837788567,2.81240327398417,hard,44.398455766716
83.9146283349823,162.93205842934,1.0467383100519,158.960069042828,20.4742980756108,4.07633245643206,medium,12.7169688047011
161.241118295651,233.942020887789,0.977905339231535,152.583750351035,31.7111898867551,7.05558770096785,hard,29.7060354977682
83.4962956807845,187.760272841542,0.879315377482425,164.781131414185,42.9186916753366,0.851736675522917,soft,12.7589470727459
163.647429675568,207.612552504181,0.760172764632535,159.020232065789,50.1533452276677,-0.466054535611413,medium,32.5000593245738
106.402728456314,46.5682910122889,0.991846292886226,162.689529541228,27.4478297625006,6.65245006436917,medium,53.9140300982411
176.280411292868,83.8129649858242,0.886875420802083,164.035018898584,38.040232609477,-4.01935693773875,soft,65
148.426271117972,187.529551841288,1.0216581586669,161.463110418333,53.5365710182285,4.2117990424622,soft,41.7462517594881
128.542966584148,59.6491031922497,0.930794642992008,154.56263768782,53.3519619348783,5.73921475470438,medium,54.4484848260838
202.799124426222,219.635608396019,0.930845235853978,155.520298938392,26.6013494590078,-3.40507775089594,hard,51.6708875088164
131.363377282651,211.708117610126,0.992805872995408,156.215785216983,46.1182012452313,2.73909546201006,soft,33.3420838649615
175.456760509262,54.6902470294695,0.965722452626236,159.889064228373,29.0237820991201,1.82741972549505,soft,65
76.1866984189336,241.008053047401,0.759965015653835,158.356390017098,48.4722309794438,-1.16276652943924,hard,11.0184684363971
154.566723427192,152.027371338897,0.881790581738569,158.949482252911,35.7990329168424,0.344911229691077,hard,41.0886987493372
102.235954123066,91.2762904938669,0.849817885804509,159.34392267529,45.4680572522353,9.11395304191567,hard,27.6755729254757
105.045672949299,37.2360468307405,0.772621492479022,163.578732386903,29.6665943132213,2.17727761246535,hard,46.7758473857871
114.983619114781,197.676917091152,0.95736177010916,157.395709509706,33.3510251827789,0.417964487157287,soft,25.7781598418554
110.09013724899,186.427455698601,0.76460974105383,162.913075553557,26.1780084130345,-1.05520213747623,medium,20.1812237621238
124.481300080898,244.826475380214,0.948243976373565,150.005279121011,22.0424165302806,-0.17796787107676,soft,27.9217365464866
120.734986622629,217.494304622853,0.825200915146384,162.376860793014,39.4426104856117,2.11883331978249,soft,18.950309680686
148.633606986526,211.711359380755,0.91174142757447,152.278288093314,30.8947467125862,9.29181248100815,hard,28.9825213556388
171.14424517502,77.3310679748407,0.962007230944137,161.872414944101,25.3130225669982,-4.27866302278738,hard,65
145.875011989141,194.388199628437,0.853313251807102,163.522286131344,47.9641999239102,4.6452848760664,medium,36.8531315608344
104.936566155334,184.45066822374,1.0270861351519,156.618864464937,28.6190229220187,1.29411377869806,medium,24.3900739638492
136.984021741613,57.5878325179543,0.961319244648128,151.799631694487,51.8549228011336,-2.18835884880182,hard,63.3737508804526
163.745534924266,64.4174664309793,0.835683927965844,156.875831312067,44.9275561657093,4.39997652473405,hard,54.8694667449069
154.996809126311,201.700049174247,0.980818037856605,159.763886959883,27.7105367541291,5.08050052734699,hard,34.3824916714166
75.0080331566652,187.510187970573,0.973482713586693,161.530350496887,50.5435905790637,7.48421504191447,soft,1.71276943711042
155.806675430169,89.3607248058625,0.943462913959129,158.973749155433,34.8745115361862,-3.39120423761961,medium,64.0552353399509
121.168831176467,69.7804458067677,1.02662453345651,158.516306706462,32.0175210111359,9.04180213888193,hard,47.6827294040767
109.171632512399,50.7704867124478,0.848372695012192,164.1358663439,20.4919032764732,8.00513683863853,medium,44.8416093851026
108.724948392192,97.6141701715219,0.995649081071273,153.070789865467,33.6975361921869,-4.43602758816253,hard,49.7130246907103
208.978499825489,189.482505354446,0.974914037715596,152.745169016933,25.5221199863567,4.41439926530416,soft,58.3615127826255
159.932093463664,21.426885617661,0.806746157862377,151.840195531632,20.0976444009599,9.28350351735204,soft,59.16443320328
75.5894728812252,131.71865852037,0.965836374960839,151.315404218364,34.5708372296831,6.3710667029647,hard,10.4190712786932
182.006196739276,66.2843217079378,0.91030127862337,150.480628157723,35.1235856319647,3.42553264911114,medium,65
136.923230332202,158.1522735344,0.94685722353067,157.911134825099,25.9927692181839,7.26972568094659,hard,30.0489058189989
174.406717869533,99.828481883969,0.773637549564575,156.140875939418,47.1211454021158,-1.58329644857635,hard,50.2632744570663
135.595307204802,70.8122318693773,0.882913253109578,154.921980146772,48.6589465200771,-4.06611845584166,soft,63.6957062789324
153.960680128569,111.019107435374,1.03607186029255,158.621605879972,20.3233596406741,6.07174310891454,hard,50.0650837187188
206.864728594149,186.45484320991,0.994447544049331,157.188127001154,27.2750853055665,3.64669544361662,hard,56.7113304132134
180.000967412502,247.36896697741,0.758401157416923,159.327657587223,36.3728693642209,6.15241079445825,hard,26.177123100834
143.103563390438,31.3729635386936,0.877644002982292,159.38283517021,41.8211784754593,-2.93116778162134,hard,65
182.975234805778,189.399264212405,0.840548095677645,161.904227658038,33.7184824069685,-4.99962015002535,medium,50.9196282199015
147.365851155218,193.838669117505,0.910003221354805,160.476554445714,23.9493254706174,-2.18115326417244,hard,39.6132937611948
112.215240650974,202.728392237287,0.8120886029894,153.45731453094,31.0962835131908,-0.560818847759922,medium,20.5343470995413
179.557205299211,230.505086620799,0.75345923864763,162.518710768646,30.8972661535378,0.534549465085055,medium,33.9366268186006
75.7380391478267,127.397698662829,0.84939107619977,159.576040284899,48.2534585606369,3.06742224804205,soft,14.6606765733046
180.141206998564,218.370850677124,0.798823084874793,151.982117543675,27.6257458679325,0.538037349237845,medium,43.2220016999875
197.35125320864,213.004149809188,1.03882306588851,151.331703084564,21.6788662423433,0.105784394625235,soft,65
60.4704388615801,109.596840690084,0.958394233716155,159.557800325921,44.1183336015432,-1.93641857451724,hard,15.6369913291586
62.563666698063,127.077319588447,0.879180084808092,162.118753084262,25.5068975947014,7.43161677917102,hard,5.42236238944745
172.947765799332,65.4897888256392,1.02237033274971,153.31455022603,43.8219592137975,2.12421436578154,medium,65
144.840753927005,233.812849614767,0.823515503108519,162.728151475564,23.7663886467901,4.26447598104129,hard,22.4707333190761
209.867132788321,220.833676661453,0.967063593917961,160.616855808593,21.6486014801447,5.47119683525631,hard,47.5823589899592
121.968203637532,109.0860432284,1.03823609020064,155.008101332249,20.590336329285,-2.04941406312599,hard,46.3677396457558
86.2651620655005,130.771126161065,0.962757951013353,152.487266920427,51.6476171614304,-0.157737971632117,medium,20.9652708706034
208.976870244655,80.5022915433428,0.959879187165977,151.836547532875,44.8156445162358,6.55340152977688,hard,65
180.325799496205,203.41696876016,1.00433896876489,151.391078404763,29.5361893097698,8.05979470850083,hard,39.1497633766556
72.7034618861745,99.6277796865567,0.808725925198829,164.927084747739,20.915989843399,8.07176038100816,medium,9.1870463497478
163.403853282049,114.410210434629,0.964309600024985,157.197656653402,52.7009262267313,2.27159344295846,soft,62.9253171198715
110.704737404848,236.616929580335,0.787902186059048,153.729448063808,54.079847455112,6.44514794484906,medium,10.7216048775414
84.5092271685558,190.666935332669,0.855856494925727,158.975548855842,40.2714234202101,4.83678454978666,soft,6.84905127201126
205.523529111521,137.796094453691,0.814882303059892,155.862210603979,42.8869986007355,2.02695810308997,soft,55.6963847666672
179.846275503929,71.255378377901,0.86271103632717,154.899438358905,32.5519161420138,-4.83742123130257,soft,65
186.695698644611,49.0836566059058,0.90687125865594,152.173289383764,40.0126214848434,6.64341393101113,medium,64.6910104608798
177.491723685995,180.221183214388,1.02220419052359,163.556537091628,39.5546313595566,-3.93500814307129,medium,58.5222726282626
108.224722670258,169.765712370924,1.01196349842674,156.420835068218,41.8909621386921,5.57515619312908,medium,22.3160764984749
68.9927472265032,192.943242876418,1.02187163479098,158.576872461687,36.788341832,0.32393147164756,soft,12.9423693036157
77.8773102753786,241.15787533045,0.894960965436596,156.848899955946,26.233767056998,6.92848924611897,hard,2.18561028676622
174.428157176893,60.1634692904712,1.04442865147937,159.596411951025,38.0549354804255,0.732010891884664,hard,65
122.493379178583,93.3546994703625,0.787701842881002,152.602925360539,45.7311647525664,5.38277507078648,medium,35.3719759330026
71.8557484377458,189.601036685766,0.882047459591381,150.267022742272,45.1436950109078,6.47295023720234,medium,2.14341609547744
122.693920098135,217.622343978001,0.93630882224967,154.839012234955,24.1860390653543,5.94194048907823,soft,20.0085896466686
85.0672137293954,161.717889313866,1.04981107331105,162.317302488636,35.278766809269,-0.917053216761173,hard,23.4464630230814
194.759964947239,123.099820662996,0.967840756919277,156.764442213646,51.0085688358165,9.86820445740801,medium,56.9766878363491
87.2550082775306,216.623393107705,0.801747333085907,151.500341225625,24.5860759086526,3.55601350399047,soft,11.1648068759807
82.8368681256595,174.748017106843,0.798411794523892,160.140666080259,50.1108808527779,7.73290092070324,medium,6.18530210867771
114.647223334007,177.722714580588,0.978143398915918,163.839794727981,35.6324815798605,7.17986069345871,soft,25.7183500078838
190.148642935388,71.6509884396499,0.75464740345908,163.907500708647,50.8731580563429,1.31927185274354,hard,52.9037046332567
74.9299521818387,164.055934978942,0.861718269273023,160.015958434995,38.710095730514,-1.25994858914384,medium,15.1473870291181
69.5211749605054,172.548725541008,1.04932540831216,153.263976952506,33.1986222725886,9.07486543743028,hard,3.70746629954437
147.286442571547,208.128947287527,0.866804127171215,150.849383245861,25.3793529464097,-0.296904664510586,soft,35.296894792801
83.4771053340446,67.1091977613221,0.971285477864379,161.067701742858,32.8885098026084,9.24879439758182,soft,32.3160642077893
156.295529308637,116.147361196345,0.769481157858083,153.583893013902,38.8941627086608,-3.89837647499034,medium,51.6221590277142
168.999045375569,152.639894523847,0.830857766711826,150.879531944761,33.3283099706165,-0.271056976971001,hard,49.6686596276094
189.981879279146,140.447608459651,0.828469256390021,161.271925338163,29.3668171813708,-1.58145654417746,soft,58.6156179379099
76.9614534328718,59.8752278960825,0.853619725992581,155.012065629624,24.2192181938069,-3.70860959412388,hard,37.8444661489181
140.633526265858,233.20530944636,1.00734723447478,153.241501374808,37.5189596968046,5.93232558433998,soft,33.0466374483758
67.5370293331047,50.8422782650977,0.960902383123071,158.022756527374,41.1500711390733,-2.49456536785516,medium,31.6190662586246
97.0658325764365,166.168467584583,1.03271107432745,161.313274845424,25.3363816163219,6.97620466527294,soft,16.8755584523959
97.5734953662292,139.605738272396,1.0445168994529,152.720479101733,42.9601444225115,-4.39306347205895,soft,36.0856786013406
94.4120777108141,102.007850315219,1.04523971543463,164.857636641755,29.8004086894342,-3.1882665095428,medium,41.7516758059247
188.009662061006,59.6069055162316,0.882405770169358,163.16492338929,53.1351019903936,5.55209584733356,hard,57.9885469945835
206.290674893085,192.71604860402,1.02108961016653,157.943423159305,23.9314782435142,6.59438672037438,hard,53.4219756683181
194.823359094903,183.83150686283,0.754028537970135,152.596974275591,38.5403258190373,8.3261254514295,medium,34.453482350556
122.825910067633,111.452693806941,1.01607068693547,155.212490071002,41.2382563490131,-3.03561232539964,hard,51.1585886853783
74.1462141625518,214.08867027648,1.03024461454608,155.670887537762,48.2284637909982,5.9628665899042,hard,5.22222113122457
148.973330137031,237.523345469393,0.967231120155986,161.115014472813,34.8735677300072,0.502611762568307,medium,35.9535360490285
130.396457217307,46.8132101240769,1.02268594292308,159.231248650626,50.170069485013,1.39669752835285,soft,65
130.821323114209,51.6560306441102,0.881296860047027,163.709335638963,53.12257199278,-0.866180800976922,hard,62.3174253223722
185.816618313941,230.067656611193,1.03720188845749,156.837561215195,48.7066659178248,-4.95341875978542,hard,52.6515153824456
66.6766846118107,97.412278272378,0.860767879074352,150.640161351655,43.3062873306473,-1.65187936124995,soft,20.6158922048514
83.6324179421245,175.853077750153,0.993250074740383,161.418509592282,37.9830428592331,5.09785067288876,soft,15.9420225826007
114.107116755762,188.557245323345,1.04266270852084,159.277127508189,54.3782365688306,2.61635068916991,medium,30.090918212384
167.794092537136,167.60046097567,0.943410782341414,163.311348339854,46.5742654616493,-3.48336333106109,hard,52.5702711289369
74.4142064558928,138.807535048694,0.985948837229245,150.934587881303,20.3357709460267,0.976823377657503,hard,11.7235819212316
74.1016584843674,83.0636908889497,0.922701137665718,156.204888863597,46.7811957692176,1.20804875491071,medium,22.7092461783441
85.3400892719999,197.854886647038,0.945141688059433,152.262572686373,31.8473550843308,5.99872703921212,soft,10.0147996627153
71.3283120238914,208.03165675291,0.949632859020342,161.312583588687,46.4476841248328,-3.39195909512076,hard,12.2699886620996
125.053412734551,180.886311502048,0.97364659776842,163.019211138197,27.5678202400851,-0.0727595229257023,hard,32.6920254877507
123.742051182961,36.6992754004417,0.801231712543122,160.899646260487,22.568586935155,8.93772868851043,soft,54.4115795429741
99.5921341359907,21.5706098300258,0.888981067185133,160.427252898823,34.8738561886086,5.42758743305883,hard,59.6107825372152
105.642395099616,183.494166198958,0.76151572585441,152.714284808485,52.7883309460781,4.385960428141,medium,13.1063044682626
82.9812193033033,53.7431984874396,0.86695126319522,162.946878554259,49.9287717273136,5.54201400086673,soft,34.7731385107397
138.525179289552,180.856413104327,0.858436160546612,164.192960847463,30.4025148577527,-1.02160877698336,medium,34.004734807935
165.240083084728,137.587654363486,0.984595703077907,154.557238987682,40.8770879288356,5.43122608154488,soft,53.0548478885566
62.7824937422821,24.2755756651765,0.77698121630093,163.698534809129,28.7350781436894,2.53469990124707,hard,39.383252873682
157.722562985524,218.06769931667,0.919745314918268,156.278568018063,49.9225751063131,-0.915005235248756,soft,42.8055535399891
176.832747236178,117.841922370334,0.789715986650049,162.487115590658,35.4602870442181,7.46386356439845,soft,44.2701300013244
148.347538908117,23.7123116844142,0.974685028435799,153.53481210047,34.1704573581303,2.23650582178902,hard,65
111.55357802335,233.53985890696,0.933987673712551,157.58159330409,20.0931730863986,6.10153197702234,hard,16.5660412771275
80.4589098510506,200.16029882025,0.875915979290525,153.814294433978,54.8284981124661,4.6415344255601,soft,10.2633730295518
174.044558836237,102.517627592253,0.895451252063426,152.62144073933,22.8923181139741,-3.56065996563745,soft,65
184.494599275076,80.0318139813334,0.815237830804213,164.65621790005,45.7652962762137,-0.939171290817496,soft,63.0709575724178
195.215608105354,46.3246514118243,0.806163609939342,158.512582361532,46.2925756076239,5.84714789294978,medium,60.351147912762
86.4594989016416,112.975903634937,0.920258927186085,151.58364689711,41.8334677040922,-1.94153512130527,soft,28.5509088170673
177.462565891935,98.4610725677322,0.878447869515001,161.476478560672,39.0546592777039,3.79955205574318,hard,55.3334176320056
191.662128688706,171.571700306305,0.890344214584231,164.260291937354,34.0269881979245,-3.7449952252279,medium,58.5889117312973
203.73350290331,99.5632496235429,0.760597916337282,164.56236867684,44.6617991494312,7.82331442416875,medium,46.0929701865155
194.652737981929,211.915665293931,0.764690853250198,164.057056392181,36.8253736597108,7.36850276385452,soft,35.8955326028423
173.990579075327,132.21009947975,0.913210938695086,152.163405726559,35.5250965911737,1.10886834418725,medium,56.5135074981039
135.692457439618,200.129990531262,1.00878729613185,156.437699551824,43.333568709532,-1.26569859528691,soft,41.3413146523804
147.149254000049,162.945955953262,0.963505367598457,156.685182128111,49.246093193477,8.18643160556883,hard,37.3865266625839
164.160147994127,205.061036966103,0.943444338660546,152.102387503092,48.3621742606437,6.20325920497917,soft,37.510286356875
194.288061948769,182.236768826254,1.02998259273412,162.552452135136,37.608193753769,9.82025101779248,soft,54.1492038925356
181.395785407744,121.835504664543,0.913360460866297,153.116477413101,40.9850940831076,7.52253444753159,soft,54.7177029526883
70.8335994046726,183.193679022026,0.811794835084213,163.820505408575,48.8536494986379,-2.30340172508898,medium,10.4821328441704
116.607408485897,75.4415494050646,0.771975156565678,163.81318462849,21.5059722936423,-3.86613407286192,soft,46.0775486166225
170.847209489223,225.12139271256,1.02503668789251,153.256585282268,31.9690570852289,-4.50673926990494,medium,49.6413347052756
64.0360523412168,164.220138997505,0.970802132586063,161.140909133129,41.3581189400638,6.41040764418719,soft,3.51962689252748
154.622006798464,33.9519708412633,0.877859847025446,151.871047146421,50.4113032581398,4.12366905914942,soft,65
72.3757696661815,44.5234333131762,0.87261807435831,151.888891421104,37.2536066281873,-1.10971857875374,medium,37.985051110368
177.32910176586,233.531578633653,0.809003179337905,153.8186489391,27.0034157810657,6.54949497834179,medium,31.0824645927983
146.845740314667,135.164498936931,0.91160786264137,162.723452519909,52.3420626422142,-2.12472648150244,hard,45.2256071383058
172.023150517842,137.98175125307,0.977984574682648,160.083942096561,27.0323334082856,0.141918737941627,soft,58.0860922074388
143.199062768879,186.286974209301,0.808773979134079,152.785689436281,52.886542976315,-3.36045067078275,medium,37.1289684848395
147.090695532619,50.3449874264344,0.800453343570139,151.301119275991,51.7167266270919,7.54652298979306,soft,53.8856040924508
175.36337461425,232.865192515671,0.764494264415011,158.018475658931,41.6271201751984,-4.37639251836637,hard,37.9178126926219
80.6368303252224,227.647685635567,0.98101409924962,162.275587494073,41.6303548736652,-0.0171861727397236,soft,13.7340789401315
127.467525615602,28.5501476172413,1.00233967212688,163.349984623637,36.9825741897658,8.2830834426403,soft,65
193.033883942972,220.725813881803,1.04023005146354,158.90779118862,26.7506042309374,7.83561518777919,hard,45.0617198515839
84.9734401570693,202.882162982037,0.87186846157796,155.200090278362,35.6996685428439,7.2148351981182,soft,4.61796313803339
61.0671010132642,86.8835666587668,1.00774120723635,160.498149126135,31.4531904683357,3.01471730499775,soft,19.6037082085592
177.33067728,97.1122201555039,0.97647946680482,154.759970520722,40.7410253520349,6.22541062640533,medium,58.065557702464
91.864327775353,87.8592139257532,0.789056222405509,157.455853393107,54.5466579170961,-1.6571062918499,soft,32.389555910399
180.762367485105,122.244946955443,0.948228304843076,150.003390609068,37.4957482099097,5.13061550359289,hard,51.2868924435242
143.041536218639,157.931778924648,1.00447640353446,164.764301374401,22.0845999176196,6.20148497053157,medium,40.5944441413507
140.325940424002,141.715859420177,1.02538799953301,152.03944461123,49.9137222702875,3.46083476461339,hard,44.7980265899912
90.7877180398219,182.81675432372,0.962969635516453,151.381935540239,46.6519196125168,7.67563259836025,medium,12.4108666911945
206.372508241679,200.487498038891,0.969866229697558,152.97567305422,30.2619428284595,-2.96346541168283,medium,57.0213488434582
194.54695979997,78.9530855799647,0.757051469017596,156.971632931661,50.2892010372696,4.46744454937308,soft,53.9878252112156
114.140228220999,227.403209876529,0.803983523338858,151.514586759754,24.3693338206521,3.69871281774844,soft,15.1854146514097
197.032156953682,76.8083692086445,0.965514464887624,154.967107520743,26.7767570273857,-2.0904695924271,medium,65
117.135270594011,56.9607987319545,0.914014455378683,151.123571822844,26.2223530521017,3.19806180196286,soft,55.7499585241673
92.477015480687,114.000125198038,0.81720182673304,164.207894140291,50.839147045984,-0.410843818389926,hard,25.6831080093854
152.628022994739,164.424479897392,0.872892842881456,163.122052055605,31.0370832696675,7.84979875465477,hard,32.9620295422097
71.787552680514,111.732964154388,0.810414322920297,152.006583772227,48.0244536976358,4.23428570304512,soft,14.4952190973361
166.944796173057,203.373300823707,0.754805043232962,155.664556876388,41.9675643717406,-3.74299814821901,soft,41.9603226349001
120.321051700976,135.672967983466,0.896574271697139,152.483465569132,36.0192494503328,-2.25446877455179,soft,42.6414714865447
82.5157061619854,71.1042165721123,0.788559958508638,153.76898047657,21.8658053971965,0.657972624949112,soft,30.5702047174918
177.228460119197,135.093662157275,0.778826775431601,156.503476710356,28.5275510308197,7.44771282219724,hard,39.6979225133685
151.671191969625,171.046215155767,0.856023166385047,153.208219054002,46.5177215377873,6.61586616026298,hard,29.6545553245404
192.757083108564,50.8779655425209,0.911277722397064,154.475771083828,29.9518671557002,-2.7790260093488,soft,65
129.628727862564,221.80531494442,0.830167874019781,160.515734113992,32.9007765530414,-3.95493955952387,medium,25.5473813708209
92.367423299147,89.6204005099831,0.848390099523883,162.646607241788,42.2590666960396,5.1790329161699,hard,26.85301754015
165.409254734287,41.5596756524703,0.886977498265095,158.525704849139,36.9049800985187,5.92783317435376,medium,63.7737896009429
62.6610564732534,113.807260660487,0.937553314809469,160.214110171857,36.8152404777249,9.03051478279292,medium,3.92822161432584
108.33716452383,71.5737665683784,0.910760057146003,162.601072486604,20.9084737587907,-3.17239461433549,soft,53.5249845794567
175.321433851719,34.236193884125,0.895235668765895,157.217429959167,46.7937072591637,1.04036513073069,soft,65
117.195399298346,120.162798986902,0.783579883328927,163.527001242592,47.4474344697437,-4.04210655945311,hard,37.8633153755463
81.740208816949,51.8928721514521,0.845496400255295,161.253401514325,47.0616780194751,3.56808769797707,medium,36.3027159741442
106.832985863193,153.518631867829,0.758770164731008,160.11698130858,49.0265618545612,2.11838884263221,medium,22.4195987209168
175.08518770745,53.6335089914785,0.859461425557713,152.387946661487,42.5427046324937,8.37166954807123,soft,63.1993579043744
193.903801436407,120.297955086575,0.890493738686974,155.991844221457,21.5182247106214,-3.09359856354691,soft,65
118.74704877307,61.0470233035182,0.846451878511226,158.958671106296,25.5811998444262,8.83854172696119,soft,47.343683283796
142.440568711066,153.44143152349,0.799684135048511,153.593138006109,52.4267022489074,4.59150622021942,hard,33.7201084139914
108.372876208628,186.82887757699,0.80502029690878,152.90840040548,45.4884161884586,2.15108863289753,hard,18.6786242682917
91.1791555536299,21.2916165538338,0.792435991866325,158.456375747642,53.532263762931,3.15468849203717,soft,55.7256453620646
172.206105896131,56.0899015451172,0.795352369499319,152.482175834719,50.4116169590283,-4.78872803623759,soft,65
157.483061198327,125.055063181643,0.826989432508034,164.503182412906,53.4350879006035,5.73505569992251,hard,38.2078077025009
176.148770185092,187.708883884663,0.927275255843407,155.745764928132,23.3692637327955,1.28191800750794,soft,49.7086007052758
115.033258191469,23.8820827868921,0.880948593290832,160.855587118881,45.1419438901415,7.10387043607349,hard,54.3293811125101
156.666099427565,106.641571828641,0.971677236998679,153.681891624242,47.6032770562044,4.77251624145092,soft,61.2619271476825
193.657034693944,130.719761987954,0.881739514766107,164.734572701871,26.2028637319424,8.77518529590657,soft,50.8791791808449
167.550169853446,85.2750741042435,0.896064385920705,150.676750045674,42.5008277095052,-4.05972798217743,soft,65
206.07732217021,204.839626024902,0.848160269640753,158.756526506375,46.6184022325589,3.00017083760194,medium,48.5141460340652
150.170488609429,81.8775891626582,0.995338356564129,155.153579708202,54.8751730222988,8.61899971277165,hard,54.7381641410303
156.732869430856,35.4450650963519,0.802879288236705,153.171561057078,23.7977617276776,7.53784988308553,medium,54.2939239533029
91.4151036220019,227.465340652542,0.863951775895611,150.324174106885,28.1065406435834,8.2188174227264,hard,4.38394327541207
94.9577305421381,146.158417787431,0.883709668540272,162.010445825218,50.5725525697265,3.82232953390499,medium,22.6801221123395
183.472810375999,70.6392482865877,1.01770799075509,163.569452042002,21.4443432771671,3.59274017549206,medium,65
199.701484653008,194.529039126755,1.00774277866658,164.050781417214,24.215311748204,9.18197785350104,hard,46.7512033490943
183.351649629973,169.274951962277,0.894734531146636,155.89268118391,43.6087063001468,-3.45017096959183,hard,51.281264433185
201.361547192851,226.288505539295,0.832525197499551,153.510531563499,32.2444007052291,5.46549852694247,medium,40.4453315514548
106.140749921802,173.569368213236,1.04483199807138,150.620479873019,22.8649044227273,-2.05389406702665,hard,29.3792940728162
140.127703954443,206.341480124647,0.989946941832931,157.643533910205,36.6556600360618,7.17677574457934,soft,35.0464198842491
116.261937631091,88.94149766227,0.988747036255388,161.256744754802,51.9575243403352,-1.7694575268214,soft,52.884428237697
152.784330841993,33.3353792193764,0.952251374570304,153.588196965972,54.2824524185715,3.3995110381915,medium,65
75.3873512650472,80.4701179697393,1.01024629627475,154.959071726745,40.2466193800793,-2.79994594165423,hard,29.8587549660994
66.9815618011252,201.235531381887,0.868195011320295,156.455671877638,31.0551653552488,4.65551603638193,soft,5.07493205478933
89.1453342809755,179.320488189756,1.00638679216039,158.68738882689,47.8920909914033,-1.77259315516644,medium,25.6432281035538
125.289876799359,78.6772090040908,0.829013231267372,150.067574897245,28.2469621344399,-1.93862896567793,soft,50.6007494426173
95.3908323518032,124.151463128315,0.907485434038096,158.902364611621,41.9576714055021,1.10611440910052,medium,26.6865024848595
138.961326367741,199.550011566609,0.884586900622989,151.576949797373,36.5597885821037,-4.53176344494831,hard,34.8610244894117
84.7265154809015,120.026489355672,0.927161124753736,160.365744384004,22.9310311103015,9.51558718297097,medium,15.9378686145037
128.21850243096,189.504326657708,1.01340657550432,155.858648128175,39.051504208427,-1.08239336888283,soft,37.7029888476674
71.9585711775329,234.355384304111,0.950330710229354,160.206157708343,46.226525046056,2.65504788981208,soft,9.54739824314729
132.833330938008,115.355494133756,0.974709767380798,163.064182679669,27.5045202900592,3.54213865251738,soft,49.2855728837295
199.067708781061,179.761699745228,0.818403938195973,164.309395806601,43.2004937107384,9.52643211315484,hard,39.9159681888437
199.027122824244,111.7961496988,1.00392627185127,160.210768651094,44.1396323770027,3.24426437160392,hard,64.6871732571359
146.241638269176,121.800831033963,0.920997967603048,150.772106921682,43.1124230470469,-2.76799913953954,soft,54.7340389593334
204.898671730956,131.866986736087,0.894536289023241,155.264470221938,46.5356374247459,4.13345449697161,hard,53.2658127757146
181.370207852406,121.10896763978,0.75597410751508,161.378893838595,21.3113680753496,-3.28645016716246,medium,50.1723068811152
102.61931856382,221.897062980792,0.932958008782012,151.366416105155,43.4117572038336,4.02076465984729,medium,11.6024184253442
131.864792466242,180.427189882497,0.840937122420681,155.353330548273,35.1046122278584,9.59475707304006,hard,21.1548604437796
80.3525694562815,147.718627844833,0.856590475526356,150.396119872991,20.2998861318509,7.30631003717466,hard,11.1507761729734
168.889106017174,43.842343357171,0.862227079434568,153.82904641125,40.69514872094,0.386341643643825,medium,65
72.3746398551171,131.37002310596,0.991807455610325,153.453213280846,31.9633807654138,4.46648276005978,hard,10.2157811312047
104.247410422283,70.8172610666083,0.944655920052889,155.15502891952,46.4039461958925,-2.06935665790377,hard,45.7186707709347
204.635670264082,199.099430715615,1.0135367289747,156.550594865765,33.6297150081593,1.94755552444078,soft,60.3089389418662
117.146540729257,53.043905212688,1.01164216675933,163.586438953766,31.9181824832435,8.82545007767408,hard,51.0547995540074
87.4545281256798,189.780370153862,0.798509492081332,152.617673930393,41.1406892117313,-0.541783636007764,medium,12.3225591680232
91.5551279904987,232.380030586844,0.77107433166938,158.406622479627,20.255510752334,3.32184870453384,medium,10.5252881934293
136.666770806399,225.156782531912,0.927302675318926,153.886226951119,50.7865688170077,-1.84641188282872,medium,32.910707035168
126.357228846419,100.896032369611,0.77353118008152,152.504133200707,21.4034251693225,6.27387729038777,soft,35.5732077096603
130.515088443304,119.458470502553,0.899449708243478,150.42555571517,49.5944408401147,-4.46171452049598,medium,50.0795069253303
181.429375592683,177.153971719638,0.75633538248717,159.58462920242,42.8228775236016,0.781089618475527,medium,38.5942981704343
147.559143001849,210.690407631482,0.867639806035872,164.729938315019,40.8583480613857,8.78639948065019,medium,26.5149894903532
133.587187677875,114.996788287123,0.872207317029331,151.639781200842,27.2733106228705,0.164027491721938,hard,43.752490147038
161.593058763397,120.759090221525,0.752298271683448,155.027761985483,22.1671050362474,7.265808779858,medium,33.9186284457049
75.7493528477424,55.5685486813935,1.04059572645658,156.015081853985,46.3698488534609,-0.509514525989284,medium,43.6354220698583
90.199966513112,57.8839772416649,0.76936335981333,162.581163233005,50.7066237361724,6.73139175486582,soft,32.0345448829313
93.2457332478946,159.463398595987,0.953186114932151,157.90966503966,50.5348087957872,6.8740520841443,hard,10.1360013394879
182.011194460454,203.847372685025,1.00162577816798,152.379894026041,21.8453218252797,5.19918393050025,medium,49.5262031327815
178.836476403108,46.9517196632599,0.850173125100303,162.009401781678,45.1922859469454,7.27567268930383,hard,57.2402123603656
198.378915035557,146.580782969848,0.827186355315267,156.050079503129,47.2457757494208,-0.93737322283458,medium,53.270073051703
89.494453769471,159.307277406855,0.875650385438757,152.675556475819,34.3473544563557,5.23079678235479,hard,14.1936342571478
200.363427957205,96.3639447998277,0.787014255382493,156.943365494988,52.1542766286522,-2.1578098657941,medium,62.4305451354581
97.3354093532296,65.1445269373797,0.868963339425929,164.670132333078,33.4040016439814,3.42301115863634,medium,39.0322029343693
147.685128986046,176.715771240762,0.895692506238713,159.198389664788,42.5723765378092,1.61792376410232,medium,41.3294238758998
160.551019292324,240.58217190565,0.820114688700799,154.394798749936,31.0886628337318,1.83538709044971,medium,29.5585020994069
87.5826141378917,42.1456707738573,0.982479038644257,163.458230534436,24.8903020072586,7.95091574619615,medium,44.8736555581918
177.813275424026,47.9343796534848,0.876888703891783,155.510143500391,36.141410428719,8.78768413095385,medium,60.1868347649315
141.36812581155,92.8064731659061,0.759608996329877,158.939774816108,52.4517662243668,-3.4648353156955,hard,45.5112944435377
176.028162549426,225.222969078232,0.920193518878424,162.462023886395,49.9157208695632,4.34893285918882,hard,36.9670969439261
146.536898749318,112.596284643562,0.963765093402661,163.130070004528,29.4513328977353,-0.0768596605847502,medium,53.2908248896142
197.814430039048,84.7336028506151,0.967037758438216,162.912708366438,29.695393904448,9.86629876926578,hard,58.8670196675635
205.534089622829,89.8325830509707,0.842908220590018,157.21813909246,31.0907293556664,2.24532494766215,hard,54.3425466223014
203.968394757699,168.204688845106,1.04479536548898,159.747286707148,50.7662329580665,6.44281266771603,medium,56.0346320424258
189.047308372732,150.114056258317,0.966269307564457,160.444462907228,26.5509167884374,1.23880146222947,hard,58.1953441782172
99.2600765756446,88.0058015117264,0.770136300733558,162.090434273453,36.6176997641506,-0.564530068254372,medium,35.4997139726439
168.20097349494,206.850103162302,1.00851183813266,153.898304028244,24.2396512093229,7.13737096769794,soft,39.9569980987406
108.064839753903,168.733854554492,0.872268512421343,153.867490148253,48.5786473464463,4.16119116234054,hard,19.0681696909845
139.829089571817,150.898165232818,0.999140990119656,153.538360547494,53.1412217709704,-1.19259998364579,hard,43.3449848665675
161.584004049194,170.682062220046,0.979514794396548,155.030022950763,27.9164194172932,4.81476072953055,medium,43.0433621929209
71.8688682927505,185.519468422423,0.817374847159109,152.055798321534,44.4504925951923,2.71839417704316,hard,7.81021676590307
94.7365767544873,248.491352168814,1.00828267274893,153.917841454471,26.2576204498906,6.04641999768739,hard,9.45372603552261
154.344723855893,134.815149141195,1.01487088183378,159.917886519268,48.4847582749945,9.87568412186974,soft,48.434037971593
188.213084411196,230.87738976855,0.941761506157522,162.549732206712,23.8461499536636,-1.35323507444489,medium,47.8604862628601
167.310011896902,207.068186250096,0.780272455693102,158.326059647641,35.4740808383796,3.87718816523224,medium,32.5370542448396
111.410546991477,241.023745190726,0.986512222110153,156.718252936775,29.2464411442706,-2.1407720790917,hard,22.5214396176388
188.140174824446,57.6592649564866,0.974039348806129,163.351935678141,51.9093246290584,3.3365911721261,medium,65
61.0109403827629,177.612989968609,0.919608134305431,159.973657958128,37.1368305666743,9.20167991360042,hard,0
106.639435746845,199.744141645545,0.97575446452213,154.928559568042,24.9358617549559,9.69714065522153,medium,13.9028822055324
140.697839443568,20.4683301214394,0.798184019219737,159.283117743056,31.0538638980463,-2.27469329354781,medium,65
118.623774392583,222.202933875555,1.01367146941363,151.594835027544,36.2951240196785,2.72985335728539,medium,21.8168974298688
187.738146732745,65.251236352025,0.990013043523678,151.322522731002,33.9116500674525,6.85189948713304,soft,65
178.802216342676,209.78773611537,0.961251807733064,151.826581201598,45.6009875598339,4.13932218086782,soft,47.1473299620701
92.5408521858375,62.3025448765362,0.965339598657999,162.639175593223,35.412256465188,-1.5936174348824,hard,44.6391063520801
94.1928166444763,81.460066211967,0.984985873723997,163.011295061328,35.4371301168915,-0.474787812663574,hard,40.7233249734892
191.951687012198,157.087034719112,0.925769857991782,158.531950154774,25.4310605793176,9.45953636244195,medium,48.7205857512723
100.66193049268,54.7998406030478,1.04006601313575,153.857147297452,36.4122950238632,-0.0627472968717164,medium,60.2898605575046
103.440897773728,186.51025214584,0.94372807716511,153.523149700146,35.3597145441542,-2.2177885413008,hard,25.5811157406318
79.5569252758959,109.278169522445,0.775802452180726,158.932967367946,40.4771145996199,3.77397953714925,medium,11.3642713042961
132.783963531249,86.6318780613002,0.779062132591996,153.712272016717,23.6413023413362,1.74446908100758,medium,45.5079864455399
158.675520195286,165.194978481868,0.757804215733786,152.129752233454,35.4384519466879,8.7047109780152,medium,31.1016774117417
60.7806729331824,123.845496199354,0.983158848948711,160.441813520318,29.3856793061711,1.86179492601191,soft,14.7399580456427
162.945522234667,122.681005097814,0.793209040302427,164.863171222802,42.7007072164105,1.54807992328615,hard,41.6796820100335
61.1728868225164,170.093142880008,0.892361724347913,156.040291188833,48.3784454577523,-3.64967371842441,medium,10.2190664296475
172.867131355261,203.186752861475,0.8513080036034,159.210952195952,20.7796903730619,-1.87054687374478,medium,41.3880133809749
118.548532709471,140.374398079622,0.799749849140751,159.279215681787,32.4287258200115,6.78394835208944,soft,26.2484823127838
178.76562874236,86.9596283852561,0.983411702838923,155.938931969549,46.5164523330684,4.17749045699568,hard,57.4747047316795
70.69386109802,142.765206212774,0.793048133745894,151.988515922577,48.2465431660535,1.28948127332191,medium,12.2337952627265
143.488489843149,83.0351366187658,0.84363641831236,164.202002440544,21.0837897223109,8.67665805247468,hard,41.7484622291402
124.000858202872,230.399338364121,0.866467291516406,161.839828769183,28.1197101406592,5.7497035903967,hard,18.1700474855926
121.583416167297,100.74196756868,1.01551542087653,159.922655751457,32.4582329019096,5.14376224865794,medium,41.6620674283524
164.917944056809,198.151878486427,0.849747038687705,150.883884520527,22.4661970571126,2.0038745237356,soft,42.8093988459327
209.57541822316,90.7431834558924,0.785216400325597,163.732957416478,47.1448412262668,7.95463458275382,hard,50.0398291577439
75.8904377219924,54.717430605443,1.03683118663102,151.295336887467,33.5206401499147,0.347114031132978,hard,37.0927366955288
193.028988083383,24.1580471155974,1.03653438134083,158.61154970372,26.399752151801,0.711995598260645,hard,65
182.763079714776,211.741952574614,0.925669257179111,160.699516773047,45.6767459673442,-1.16224781280505,hard,42.8858103276659
177.957932794461,189.193162463983,0.965137553222892,161.323844784477,43.9155277932884,7.60718553533172,medium,44.2743283821998
116.54743151676,21.6824267684444,0.980545849656133,154.949265529128,36.775960228474,0.571915937940842,hard,65
208.439039884687,116.91854589045,1.02721606530796,164.432572969682,28.8393263624204,8.51858861792827,hard,62.6668500869031
208.422010729936,206.660339482235,0.881429721207168,163.810062962968,36.4689624981671,-2.54860625217916,medium,56.1609567972059
186.726538132577,121.752548218849,0.993229302712313,160.042871002189,43.505779267416,-0.0614638336847904,soft,65
134.997029136825,76.1049754035849,1.02658970806161,158.205777993154,31.7903815701968,8.58284114749976,soft,57.8302490096713
189.064968213085,91.0197995203819,1.0349728952451,155.357609002714,27.8694317176212,-3.41413858392792,hard,65
185.701516898187,67.932809957782,1.03660689065547,152.917212697632,25.0198834685512,3.42084977682407,soft,65
83.0917268301193,66.8956250507399,0.864303744262101,150.887631568844,21.0147478625666,-3.13840374114445,hard,35.1661209634696
85.2616990856355,128.778693561527,0.834356489176437,156.178439907794,52.8043989327974,9.92212534445299,hard,11.4176285176057
85.1709117649941,84.8609142337083,0.804860871596079,150.418183831691,23.1532810113706,-4.55045803925488,soft,32.6818095476714
134.380358166244,173.598557568668,0.908566194067419,157.655561834443,32.1355304275522,8.58416070566502,medium,25.0629415666907
166.23732686628,86.6037341990722,0.997987314523951,160.65046709568,35.1893002124661,-4.51988679796478,medium,65
169.03940430911,76.3615459090126,0.84034160757056,157.543260839485,43.9394434928284,-2.47141783881333,soft,65
198.715530750985,249.489557391241,0.83267082800606,158.706572888829,29.2026173913597,5.59663954648408,hard,31.8051377916013
98.1914344115019,58.2317817271742,0.815812963959935,153.666980351742,50.6534713886256,0.350712133641328,soft,48.315560970296
193.235441174732,172.252492660584,0.927502004883536,151.561578314439,27.3086164010267,-0.408569200114556,hard,54.1385903340074
181.427980801728,111.739180210999,0.980718388791725,153.470832498508,50.5331749669991,8.34740529842315,medium,56.3362092452365
196.651510293218,181.606930462744,0.895483393453825,162.719764080059,24.5112768351103,3.1555070457493,medium,50.578055389818
125.970475923349,140.339182135129,0.820569453364433,158.147801123011,44.6805848329418,8.15024318298696,soft,26.5204016645197
181.496663017517,21.4688382195091,0.981857207856229,157.352072638103,32.591425380956,5.17385602194466,medium,65
139.143748979673,230.781881565225,0.796427153858697,152.241915591392,41.1958006004027,-0.904164123179407,hard,24.9777831616116
186.116486379569,142.291892299326,0.865205369320647,156.230719548647,31.5846442399428,7.68285151674128,medium,44.4947848780558
176.956029493355,109.676740947483,0.753038204880519,158.893464212966,29.811121030651,-3.04804712600153,medium,51.0869802787052
207.2764493475,33.0716445709446,0.922175741363754,153.59196099679,21.7769495819511,-0.0363543497298586,soft,65
140.611207429511,233.869230255539,0.856544640398876,150.00498095919,32.5440864367496,2.58773883577845,soft,26.9443448817659
180.022285434355,116.28675760802,0.845814015381043,164.649566660955,49.9838628930466,-1.32863888303572,medium,55.3672809699122
196.624378480482,116.397115581154,0.87851705287144,151.897745433383,29.3099718772176,0.071124570246722,hard,59.6523253191976
122.710369788627,97.2487822251417,0.955682196625193,154.886870723878,22.443430055735,5.14771903056434,soft,46.9258706655241
69.2020301452075,221.844906140044,0.887853170568224,163.833803314974,34.1374697140043,1.82586652446309,medium,7.19910779210011
129.890330135103,105.427481566166,1.04296160047838,154.607925906035,43.0482295265292,4.20693990484568,hard,47.6192271331967
97.2275556290352,28.1481176913286,0.780010302502642,157.206057415589,32.9390450920358,2.40908809102628,medium,51.1329597536593
84.7954653511831,233.129778634353,0.906744040677534,151.079150184672,29.0120370341613,-0.0124467707765312,hard,10.3222100283082
201.446745879657,69.643730247582,0.788477020733373,154.656306402428,50.2655349566045,4.0419318871758,soft,58.266466247993
209.46207612728,47.4566344025491,1.00076367232432,163.064398616618,22.514693518829,4.57338416138797,medium,65
200.345660154324,179.582312134372,0.846760469340922,153.132616272156,47.5574968222673,-1.31839815989107,medium,56.6291041256209
205.548813513711,207.579006843704,0.843453288018776,154.423672248942,24.0945207653227,-4.07597741453281,soft,52.1906649198836
160.380538087718,48.1711723493511,0.929413247445634,151.316171252042,30.1917411607987,0.701330723351411,hard,64.8178571190334
175.328549078259,238.141436591244,0.86906170163749,162.188987364138,30.8011710744725,6.33729437517225,medium,30.9942562220048
176.342703169175,222.34787261423,0.752454263673309,163.715200651242,26.2209627543669,-1.35815415262867,hard,37.0687507832894
167.001881151952,35.0710146496394,1.00593903716022,164.50575994402,26.1082131366885,-3.74422545244765,soft,65
137.142587062076,191.203893862891,0.806995497103044,151.690480923205,42.9606351859271,-4.95774550733527,medium,35.5495070015259
79.9477551097192,204.926885670845,0.864477582802522,164.391979470185,33.8788234475937,-1.11461679235003,medium,14.0526139094626
61.654185511806,131.287008993142,0.769761401637846,160.608470792365,52.4451954277526,-3.90124612862451,medium,16.4295728170602
69.2237639157343,28.7608340670247,1.03869896650377,163.208152782113,21.4106920973354,-2.29383450509987,hard,53.6664634648975
68.664665675153,216.351947781901,0.799391481747234,157.434727235466,37.9738802233887,8.11041601923968,medium,3.26671606935325
71.5857714328573,134.715386517882,0.854151662478865,161.853020012455,37.2018549976424,0.207623823196752,soft,15.4557857628976
152.901450776773,244.526494724791,1.00281447962562,155.985335489437,34.6188797031021,6.7720503604302,soft,31.8659793869841
126.191709711108,91.7626057640838,0.90372646393676,155.068568527078,29.3541007883965,6.77979510057921,soft,45.1139977957543
181.496577218818,202.004993521068,0.902569451604073,158.401275122629,25.3688637841128,-4.68533949456139,soft,56.9147133593185
116.034644092422,213.482804806442,0.770304924375645,164.047135679141,52.5587331539622,-1.42446885721559,soft,23.0467852982969
202.737197302052,230.201579357939,1.03287463229496,158.056212636012,34.7818819900082,4.35288501120531,soft,53.1646288739974
134.38061112176,30.7269010324974,0.841767629009088,163.869921903831,34.6769361575507,1.9320975734271,soft,65
197.868838052584,109.957492511807,0.823568210014298,157.826914862666,31.2934877788965,1.02297613769421,hard,55.3843014158822
209.067354936313,192.083290829065,0.804478386596438,157.540883813949,39.2958174954393,-1.1626092276144,soft,54.1549220034425
198.968240643057,120.77360735836,1.04846191398066,159.237550508171,39.5246724432216,9.66261852679337,soft,62.9212053448011
183.43606464444,203.715903537898,0.812645708741099,164.562528502395,39.6829612951668,-2.2564046022431,hard,45.8266675500434
167.340953018536,125.932749159699,0.973952613530863,157.322056185694,52.326556250736,-3.50014418980818,medium,57.5671088695029
128.446008370367,131.441010748903,0.977031580488626,158.251345492153,45.1717290054957,9.34570560741331,soft,37.803481308674
180.982709848433,41.8350639568457,0.907329838636777,156.696079102872,30.4059338268222,6.42822560761633,medium,65
140.559467879039,36.3337189528002,0.844429324825103,162.82049140971,54.9669928063356,0.39793161066866,hard,62.2183601941417
99.7978366044067,166.030030021135,1.00099332221649,150.540781134558,46.9178198386231,6.36132484106623,medium,18.560504404251
146.735051785676,25.0182032721327,0.972253873424314,150.173518121135,27.199945371742,-4.05477877504324,medium,65
105.024266899735,99.3696407536489,0.92600117504989,156.888393932209,33.52414644281,1.69632486442549,soft,38.1152337263281
169.174852341376,227.263433959114,0.939421043576918,153.754321943156,45.7421292692,0.0975103530029484,hard,39.5330500513172
61.6491342489925,93.0803707676821,0.867408627795998,163.802939104819,50.5193635649492,3.7818013014058,medium,9.67844607972581
204.427792710212,230.833065604116,0.964662600844195,152.475428430824,46.0695801316768,-3.89055042533846,medium,56.0455955571338
169.616018381227,48.1707334023378,0.82147724238835,162.567670132381,31.739988388953,1.04052082980517,hard,60.6816479469991
159.530607168268,238.3452164915,0.862494492264566,158.714893731757,42.2837035288312,6.02507274992821,hard,27.541314105182
115.402333613493,173.360106599828,0.95855415056375,162.313193587624,35.0714745668043,-1.28173598967826,hard,27.8943438957242
136.231243200013,218.702485219045,0.891662194395784,152.002933481081,46.6568927620041,-2.69412109082788,soft,33.4088207449652
72.9076673274981,49.2517119995608,0.988111115830177,152.269650234289,27.7646836888759,4.28565913235346,soft,33.7690342530627
72.3703851764566,21.4636855731332,0.999335466408121,163.758923330513,49.4592445937848,-4.01871116175862,hard,65
184.218009443648,203.625412963271,0.884934593190872,164.183163247706,24.9487389687918,2.29475759457572,soft,45.6523725278697
101.526973330222,127.459548773727,0.84252446394344,150.834229848831,20.1681884036698,-4.56640170997705,hard,28.8618626227902
73.5508832856151,52.4493356079457,0.954230601295674,163.442426439243,25.6984933398597,-2.38498671811584,soft,38.9848762997063
100.71511621207,152.776942773284,0.923300985276607,161.365741371595,33.3150704490066,-1.00881796971892,soft,30.7576767359365
72.976244036056,165.240874741369,1.04137915275231,159.179051185044,26.328348467453,6.5537074202794,hard,7.98910336971405
187.176168883777,60.6173456897679,1.01941691564683,159.871320817537,20.9834686758658,-0.790003954286689,medium,65
76.7660217464718,44.4831979662285,1.04430409530311,156.883033026038,44.8121378730963,-2.9495728689882,medium,49.9236104321541
119.904824016863,81.0297277104183,0.889686769571367,162.47776122129,36.5060471436925,4.55876746520702,soft,44.1038474799078
199.977485598541,20.6394090362361,1.00134032957594,163.100419302944,26.1699290088167,-4.48370560710666,soft,65
132.880376261587,59.9547730559463,0.882036278764283,156.346204862528,47.3971047696226,8.64107778517585,medium,47.5959567866229
143.307437789002,84.9040232168324,0.775749531453851,162.595262084033,20.1346650888109,0.65708644245964,medium,47.5858337351224
164.652325702318,231.224403370977,0.801087727485132,159.339933370479,50.2400113148596,8.13633570608757,medium,27.6912905161261
100.486646793393,66.9670092131663,0.779278069891186,154.20899039336,44.4185337372122,-0.321324567689652,hard,36.7766487662318
111.051953031564,195.601739948757,0.926790006643764,154.096783169668,22.5726483574548,4.38398644614603,soft,20.2778488464338
139.126186807244,155.662919317881,0.831075864712461,150.203160576314,51.4755228395143,9.48901464536669,medium,25.5820511355804
70.8804045675326,229.742173148186,0.95868231658044,153.355263855877,22.4056656657347,4.13005733078209,hard,6.50879555443242
174.891410480106,99.8781200497192,0.984605721845037,163.200663508273,34.0268434629557,3.34544527056777,soft,65
185.395310740249,28.8376749885103,0.940381486787048,159.460377532727,33.4116829471267,3.72885577826979,soft,65
154.960830045383,168.686355988145,0.989717927467282,161.905379176104,30.7998907886167,-0.490573522378742,hard,45.9358913058367
169.330121134634,36.2897216039679,0.968426707935841,163.371857936334,48.8933622317852,-0.759369505755522,soft,65
92.6090802063841,129.108534495725,0.960829484943498,162.862080783021,32.0791111233405,9.23635528449173,soft,16.3111631414703
126.806918803088,28.3979767896486,0.848705352098735,153.237683154479,39.0072737455146,8.4468564033088,soft,57.5172040798809
194.81290343874,166.437990592613,1.03271376805542,160.716463598514,47.5225316247494,-4.61597074535656,medium,65
198.980269196324,142.220765955315,0.815468918836355,163.43945498648,23.8922665703719,4.19451097694091,medium,43.4657500085943
71.5462863668441,125.567552272598,1.02190254717306,155.690057289888,44.0981919698182,-4.33287340596711,soft,25.3837239705699
185.470150681437,212.064142944062,1.03472328122051,159.587337787667,29.1014898870274,6.29971148906384,soft,51.5297494594399
111.179605079421,186.486576807374,0.949265719505123,151.890468221933,38.8645481979616,9.37958534553927,medium,19.3172110260147
74.5215823462391,128.296495591807,0.802287292815991,157.157973507521,51.2017236256871,4.13386558089787,hard,8.95873118108376
120.788242155876,209.683436281126,0.957122859227399,152.314962009614,50.9023341314736,7.9501313056515,hard,18.8561053962977
127.389452201425,67.2259022266535,1.02056538336963,157.566148085914,47.6137648802206,8.54857209771861,soft,57.6189063097201
137.065245075152,130.374554497737,0.825092341281746,161.627870560308,52.7098248919712,6.3809222244549,medium,34.6812472489535
82.8057950895275,76.2279955063544,0.794316238887878,159.331682045638,43.6063678522392,-3.01399438269282,hard,30.3443820433283
137.931112694267,184.198082120587,1.00785902456407,159.849309863339,21.7716449931942,-1.62376180038161,hard,36.6391464481093
150.235744545195,79.2773412267567,0.971878006337622,155.702205207954,35.5446584415013,-2.86206377129692,hard,65
127.359539691788,196.726652392055,1.04089078826981,151.963787851428,50.4537385994313,2.28170308661578,hard,29.4791927985383
126.29689358522,21.9695980958087,0.786497309291856,152.006035562899,37.5277551028799,-4.20129408591002,soft,65
139.65110171865,126.509845173339,0.805903099787924,159.54204554369,35.5451533776425,-2.61378602071102,medium,42.5186205031085
140.834212639397,159.417551863273,0.988881892134878,153.091831616524,23.6188231613139,6.85438296378875,hard,36.770309825436
166.864550313866,157.439194509921,0.884169939241831,160.971236956938,39.1119164127426,-2.09099473942337,soft,51.1536820787995
82.8374446125392,33.0841545833136,0.807284813199584,154.618241514391,22.3433028838545,-4.1569383735421,soft,52.8087822691132
117.178347843348,217.445025462212,0.998972689887016,154.630299805709,30.4262539944911,9.07398278008876,medium,21.1415627690977
136.779604199303,219.148674754723,1.01679376147247,159.536812987041,38.8907746094274,7.85118811249212,medium,24.7186447410151
205.564343008811,45.09951387546,0.967633420467588,164.931514494585,33.8929335578692,4.95683893636426,medium,65
205.152771704854,41.8272029151627,1.04886707234768,153.196055868308,48.8023320007911,-3.52036356076642,medium,65
89.7921475171791,53.9301928323083,0.958880865873991,153.077405111135,36.9212930879418,8.19672878798054,medium,41.2659543498565
75.2706254212205,229.821854498817,0.873431000923487,162.200970292758,29.0981905445597,-2.33543930707717,hard,9.40648732687552
198.528206711132,206.447754126089,0.952734937935693,151.064782859077,36.983649997874,1.64430836257127,soft,51.2823241646733
155.602655352129,143.056557517591,0.892254166858253,157.413667779387,42.0818046551372,7.32661467749463,soft,43.4569060297895
169.915661134948,105.692558702177,0.782675243322505,161.880717001418,34.4776146504569,-3.54215470782338,hard,53.6280704923621
185.843863845214,235.421946645252,0.814092239715654,154.486011116503,21.8878562255534,-3.64155882466032,medium,41.7811781647752
199.462599675669,29.0448279395906,1.0413419150588,158.992414603132,21.7560433368863,-4.881029410293,medium,65
158.807427030827,88.3184145916084,0.996883614260104,159.214314364891,22.8553540118449,1.13816112802477,soft,65
188.286702190884,124.356570165826,0.809170733731853,156.542458979584,23.5195260906316,-1.83392233993357,hard,54.5329979699098
74.8581314581031,168.759758701103,0.761623030135754,150.22885763433,28.3053196545291,-2.88972254926938,soft,17.922484597221
122.806585153311,108.194670277949,0.907948482892734,160.942516033665,36.3841841384134,2.13048418174015,medium,43.7040705046282
94.1262672621616,238.248193468264,0.893348231026398,154.864879458281,22.4989021859213,-0.823130757599662,hard,16.6870803587701
86.0558712233523,183.367082404056,1.04249059316823,161.917020520049,52.0740448992843,3.05930943724511,medium,14.3252093277557
88.6362946361468,143.147716633637,0.828436874576006,152.351654736263,26.1899609629009,6.51518069742528,medium,13.0884870308048
99.6778875120324,130.598406421621,0.93180781227995,154.65558814909,21.0432062293198,5.05156925876752,soft,22.2425879035648
117.765777389572,87.7322696139331,1.03773238340744,150.395341146956,52.1042820045612,-1.84034327805541,hard,51.3106313327113
111.637024332058,186.656925713481,0.757903729631515,163.034832930752,29.6390833270309,1.58128446537071,soft,21.3356037727086
135.844021201333,168.844708252758,0.841059878972093,152.4503953555,39.8681106250665,4.68537195233921,medium,28.616988259465
111.18121238505,44.0519405583039,0.847433371168813,157.912100921658,33.7890721335838,-2.97448127024502,soft,61.7599630810312
188.682177703402,93.1711289204834,0.991666200218067,164.62467530032,46.7061215061784,5.96827088450941,medium,65
86.6001672784741,76.9557378971209,0.772425031129478,155.435849518459,21.7521743849503,5.94428049681919,hard,21.0263932634507
114.792602521914,227.022608619298,0.995887427986003,150.988201698594,54.9837506573823,7.76762880619397,soft,20.5064012602537
118.472544049808,122.214117538426,0.79116364685495,151.147890291081,42.8633673654595,-3.63824239201581,medium,41.0067642241027
106.991715662082,94.0091790338468,0.915988481595006,163.64240551767,40.3469913226635,-0.0121442785775354,medium,38.0570049213816
99.4370434696647,180.037436093688,0.907337674366668,158.26254528532,38.1836313550529,-2.40462566009873,soft,26.1008277676294
172.849216680717,51.7400571835603,0.804748039452391,162.608413887526,21.3015444480495,-4.1590686729501,soft,65
174.315076253431,190.148376920451,0.757188234727726,160.615535960782,54.3483323306271,7.83710252935707,hard,32.4894877392298
125.651366488117,52.1100379516167,0.781009910524382,161.872736213982,29.0884265903276,4.87021811581058,medium,46.4013391481902
78.7557998990894,175.598492593602,0.917378412950316,151.379409803553,26.4588305892044,2.01893189573959,hard,14.2739841387089
85.4281431699256,190.644030558182,0.915099566559158,152.179457546699,39.5425241643597,-3.24215153918549,hard,19.1520696318064
67.7918890927261,181.257558077105,0.917539785268557,153.810364076762,43.8888060569726,9.62496412508041,hard,2.73830361612731
201.369245280993,102.743290910767,0.796671571166574,157.925170784121,21.4264638270037,-2.33426366520182,soft,65
68.4692885855451,123.260543808261,0.848809202278024,155.309030331533,54.8283376349342,-2.58149756058513,hard,16.8239315338484
206.059604990907,211.359344734054,0.920516872808331,154.764388414538,33.4781145127028,1.28057692488819,medium,52.1473826190454
180.481108141449,23.3675650028308,0.924584594860729,157.803641634532,42.6516846460686,-3.34689956761463,soft,65
209.548334408735,229.910198541197,0.843424381796011,160.626304350446,32.0843963632206,-3.03587418129398,soft,54.6548546657995
60.5115271749004,212.130835969179,0.862876328345328,163.886623163069,47.0163120678247,-1.53540528837381,medium,7.78973390400235
89.233114357934,232.605507442679,0.946934623561958,156.589022653977,27.5881224443212,-4.17709645810358,soft,17.8997254573981
138.550094837266,125.838863579768,0.863652881891726,155.915010766931,40.5093224036533,-3.6648617920591,soft,46.0316546581365
206.677819023173,65.0417389430535,0.870323739895701,164.75070159854,51.9862281051625,-1.16747216606957,soft,65
75.1152563572211,223.690010533001,0.823102825317444,157.457099749761,46.0659160861422,-3.19636376188041,hard,12.575731450903
153.655821892583,34.5049292997894,0.967738485983795,150.878011562515,38.2811201914603,5.94025366250129,hard,65
124.654385289829,93.7173067107835,0.866023546122423,156.428022952821,28.4297011291787,2.10460977675876,hard,43.4556823079113
175.108185245137,70.9853422930616,0.967444902187962,157.475296666693,47.006263095332,9.65519878045398,soft,65
202.590830054382,139.942369229205,0.776678969895039,157.905295509063,23.7202175877064,6.47840357939347,hard,45.8827130058264
153.997346643513,23.8649611825687,0.905321126985864,159.195876031242,51.7005499773227,7.76910031103819,soft,65
109.910516910734,121.561409326948,1.03493430390851,158.993986268835,29.4255420343335,6.49794136363999,hard,28.8488925614907
193.15943339091,163.726481218359,0.815656281677097,153.891190944238,52.212143399923,3.65249149120717,medium,44.1623931085448
191.475044899215,173.967193686239,0.971916864677193,162.800937133676,42.9349780864312,0.692908639436017,soft,59.2785255975787
105.605769774995,246.773736645132,0.79234578913744,158.407001773613,40.4409719517699,4.69998405216619,medium,10.330111442671
156.582471292978,21.4199015986565,1.03112027681548,152.185390502888,47.2294477370565,-0.537177207268731,medium,65
80.0359605246194,41.2940122620467,0.838249006753476,163.463471746362,28.1664944916948,6.13826201156517,soft,39.7752132612271
160.31122472896,47.9339724597726,0.857642152678604,161.636456309992,48.6636708561322,4.76199154782387,soft,65
169.534377418236,240.02482467051,0.844725900534003,153.925599355961,35.5140521686502,0.282450534371489,medium,36.5476163656057
98.1000209412532,196.507696992648,0.915109195564984,163.606286128314,39.8849474660892,2.29631213730304,soft,17.4726818002508
153.306924592065,20.0869633711813,1.01985449161502,159.397603411872,24.6642076971916,7.46036007602691,hard,65
156.500427799996,155.002615727917,0.916363735777571,164.275699174236,26.3033568491828,-3.94264033529092,medium,50.3349935632433
187.153477254891,68.0404745973178,0.929504168091581,156.314447003148,27.9891759335077,-1.01569989431332,medium,65
120.204539915884,129.860340825373,1.03332540718696,162.879889158397,24.6382326827537,8.1661623965462,medium,33.7862414299977
119.243536137907,232.576916759865,0.949432862617453,156.441119444189,33.2621128149639,5.92284595374435,medium,18.5085849950955
178.783586862771,46.9328504882578,1.04206782316178,164.740477885876,35.9534491036124,-1.74734133087374,medium,65
143.665398745772,108.41853407349,0.815078786166656,151.844896760604,31.5606768701527,6.98344461671181,medium,38.5166930009431
85.3184216558662,172.047635417448,0.877022061111314,151.022479794963,49.5711332249668,-4.91019413296608,medium,22.4857387952983
66.3370916543522,236.568682362056,0.84009081065295,157.901787650182,25.4163250922927,7.72712022723361,medium,0.980565065005672
61.6415366701515,127.890537532206,0.94681787606755,160.284594326708,45.3641169335188,-3.95764207869435,hard,16.7280067247313
106.778445109038,46.8167042651233,0.977629245990357,151.756858474618,38.8651399965729,3.81337258719494,medium,55.1424647878522
100.915095697142,243.848726853014,1.01295516529476,162.233379723215,49.8178675018116,6.29013527446382,hard,8.01106759293869
170.801684969885,218.597792184022,1.01002842656897,163.953468189544,44.5608837584088,-0.981914207808472,soft,50.0419054126087
173.550040956087,184.513836551966,0.798854727756957,151.122979908606,42.5940264084502,-4.84968018913996,soft,48.4479625120976
173.615598589279,140.201790305552,1.04343675675429,154.378489892397,36.7901899854841,-4.57799862736515,medium,65
116.368948197568,20.6075638136242,0.805778429766568,150.328770773807,51.9355091499799,1.95219865832552,medium,62.2408733888433
199.945681974662,52.33070703605,1.0426472822148,164.574533786456,51.0434666782407,3.93900479581991,soft,65
102.087581408999,130.951030495962,0.864970943560941,162.120579537234,28.4276840475692,-2.66602532075581,soft,35.4011756556424
104.935076041569,65.6179883379997,1.03326485854348,162.065514900158,33.5072840002221,6.71659094192426,soft,49.8658947949345
154.440552323908,158.928939871231,0.85337064226772,150.05391318341,46.9494516586203,7.82291248969273,hard,31.150889314309
94.5083715418945,180.318950203877,0.826289050583147,155.821985946579,51.0592295517093,5.18957599076665,medium,9.8283563198836
160.438251692661,155.202999291105,0.780503033367645,158.32029689309,20.2863434124195,-4.42313141001236,soft,45.8328223682409
128.755532661638,191.950379078211,0.791303761948005,164.543423313178,31.7578182365203,0.450674793540794,hard,23.0770650097764
199.653782137459,187.040253565095,0.975086168391959,150.523323608479,33.4905461106098,5.37149766694778,soft,54.2859698374591
123.834419857164,45.8747264600615,0.84198369929665,162.392217704359,35.9712933770177,4.35013504804071,soft,57.7389067970563
126.212472315581,142.880957701155,0.981552675518222,153.765029570763,48.9155994656003,9.59247974667211,soft,31.0696303422436
189.390676698281,233.645760314284,1.01885252971523,159.167684922548,30.8802301925666,-1.80176443601646,hard,50.1637717759986
77.3649955962231,192.587660803199,0.848871068218808,163.590089737785,33.4171087042179,0.729153773172166,hard,12.7418228216804
92.5047527636466,106.395752510174,0.968938988501603,159.825191596818,47.0557774393887,-3.92873895445965,soft,38.8265186465049
124.659298502259,72.9516303976451,0.922308988598669,151.694239431274,47.7766951879163,7.7492967223674,soft,49.7487950599546
208.855316075873,197.884906846615,0.79637571115594,154.814388516981,25.4828189001162,4.16104123989754,soft,43.9894922918616
119.199251941174,51.5275915836217,0.754891345859871,153.843307245532,25.3835927522099,9.20332991367526,hard,36.2741222685098
170.449168390218,137.189447768765,0.814160994073419,154.65007050255,50.2674823523869,5.00311112413412,hard,40.0786960356307
162.196176561625,89.2907880221593,0.906564552949398,161.215410308808,51.1388467903224,7.36209156781905,soft,56.0709042831426
61.9696683387315,189.573175501188,0.769434430989294,150.676079127587,44.2917287659823,7.42421641418296,hard,0
207.066024629515,166.205758561912,0.772883558233566,163.643626784172,44.6284074299272,5.33609678973453,soft,46.3495426660202
153.954980062858,168.69866532723,0.992154608906797,153.561996634393,49.0655130698984,-2.90245351952413,medium,49.2355380857548
73.6478648779476,233.469952631882,0.997110320905837,164.145341010475,20.3448220029335,3.73807772019569,medium,7.03935293002301
190.672868369501,38.2285994936504,0.828334683906244,158.09423292162,22.5538254707901,8.92360787869536,medium,59.454665083378
74.5705876667608,67.6593992932023,0.896043685096163,164.536107561333,31.6993479249599,6.72436755861747,medium,20.7721761982228
66.3119828372669,120.611548925349,0.897049752144822,153.682317418309,42.2619209866578,7.10819340574751,medium,6.53255647930054
196.683736314577,127.227863081913,0.86021816040913,163.17159005365,37.3146432300185,-2.77473029455295,medium,61.6848877727997
70.0258547154201,81.4678184999579,0.861051343002424,163.978076192853,48.7379440177344,-4.17614483084447,medium,25.9056425999982
198.394578373247,42.8335234171962,0.985563148779066,155.467478050105,39.3788830466639,6.60555004567559,medium,65
140.610998090877,204.259109466318,0.937969680990154,153.236166932897,43.164901267476,1.0293324108644,soft,34.4110176053169
80.6745877484084,89.9651474886001,0.806802230869346,156.376764195633,45.6873904989281,7.05307986378449,medium,19.6553048163192
142.440539282023,149.102543449619,1.00696130380194,164.429882796882,41.4367929718668,5.7551044320054,soft,42.2405356893324
106.191878207332,172.624543334854,0.934248378096419,164.57318233516,29.7979458158781,8.64572028033821,hard,13.2431078113155
84.3748230928187,218.063794075591,1.02823441797777,158.460107307623,29.8199090588114,5.73346645994766,hard,7.81812924385142
206.745036593119,114.571340571781,1.02975602747976,151.782865728193,54.8032982107164,-0.927665273164232,hard,65
191.007315957656,29.6224992591715,0.827154788297062,152.940700453379,36.6638840902737,-0.708749605366034,medium,65
150.69792781532,165.555244115945,0.983666777128442,162.07614347132,20.0329967289678,9.09351426946002,soft,40.7693722419309
72.5180639574898,223.335666163141,0.902579537027821,152.754796902867,41.5309444861335,-0.201642058867673,soft,9.7090801628915
92.2668583470068,177.917697328675,0.838522050665958,151.698693148682,25.7598060168123,7.61376195170378,hard,9.20372826405831
194.928321661631,59.917604612543,0.860497972873445,156.835326279572,48.916924768201,7.68195052864466,hard,55.7099292649729
162.858385223417,29.1507763473776,0.94708141109402,151.413769609046,23.3610716583887,8.48990659952013,soft,65
167.771908392633,65.0130943022303,0.857316619210518,156.368728512628,49.9190825933536,0.770323451417326,medium,61.7129658333478
169.656146402129,155.876822365717,1.01275060064381,162.894093722666,27.1201498426785,3.84815647511324,soft,58.0470456423197
140.209935832529,221.517780179577,0.839470961865903,152.743186870721,49.1037040587842,4.2064251455384,soft,24.7163602718601
208.760617470766,227.908410767997,0.91495093288843,150.383646612511,53.0083048545707,0.780952945594441,medium,52.7620884133206
89.7551433854036,198.120056151592,0.964155718394643,154.268515812301,39.9386603375929,8.56818019927449,soft,13.249548996024
134.735278200524,201.551497708291,0.959682454939622,151.748229870985,54.8974946454368,-0.899725862196573,soft,37.8194557273097
196.001000711667,241.787410827871,0.839733947751222,150.376538482036,26.1005383821129,0.475401757740612,hard,40.8079120223488
203.108609404702,90.3903353800093,0.910622437725373,161.562892930462,50.9916268732295,-4.4540248415073,hard,65
175.786872315014,207.634857944929,0.932621873114081,159.109585606534,32.6980846640753,9.37996244971315,soft,40.4273835196993
200.678400335786,79.183159825875,0.880587908569135,155.754186876477,32.3520304834234,2.25679382478813,medium,63.0191284863741
193.2412715632,202.833897310767,0.994552296378295,155.936685441148,30.206617138663,-3.79223789089994,medium,56.6854145032096
204.204150178009,172.401732660604,0.888995445106332,160.650625885008,47.681165022357,-2.88092935557509,soft,58.8800636634792
66.7215261934323,47.8685625289326,1.0314691291741,159.231653556516,43.2143995725633,8.34879417468477,hard,28.2748755463008
190.710426356097,199.861341558052,0.835620994837932,152.724749699633,50.2714343241497,3.7255158708488,medium,45.0499941851153
200.419867548686,177.449514934403,0.921634231332754,151.92042411136,51.1458436541791,-2.09725707526817,soft,64.353166137732
171.692235914278,184.469099334232,0.828099871563972,156.680954305771,40.1051769633568,0.07808045203591,soft,43.7811820758263
93.2681456832175,32.1436098151063,0.830917753956867,151.028313667946,45.1654643565816,9.18453157504498,medium,46.8257057018643
177.567938751471,101.689612825212,0.815765798546768,164.839272790582,27.1675750229388,1.74891621839594,hard,53.8527629883286
81.7243123453475,217.523709119953,0.92766850907644,163.737602787877,24.2202694940029,3.11138566983979,hard,7.62299710391786
89.6199104576288,186.029636758988,0.917566384184863,163.600869480524,49.8622567583515,-0.19625194335468,medium,15.6943986494592
142.260041340046,105.803474829306,0.781094487859199,159.999620941637,50.2112529357049,4.80796674013047,soft,42.4577976916535
136.34858015919,163.955315999745,0.795274701295778,163.06839226443,37.5364276710903,-2.50606063840317,soft,35.6537803010273
174.086397367833,215.155674585842,0.963082942396991,153.297531044577,33.1928390747982,2.47687429352712,hard,40.7569088972298
120.335604491745,231.960448260323,0.796219695112061,162.103324068795,30.2014495249703,3.08950311185939,soft,21.6593596477738
94.5295861062397,71.6630233787993,0.795655260213017,150.704862094563,34.5819820780655,4.15700694415342,medium,30.6698568995127
181.108380147943,64.5115841718275,0.906479619813626,155.963413268436,39.2704868226444,6.63651921189666,soft,65
62.3206440677414,188.877058366462,0.922844998862164,151.834115717931,44.6734870397304,-2.95365536464351,medium,10.6644070552217
70.3907893219151,227.413581858529,0.784753431747404,151.769943257239,39.0737954876963,-4.16689612102195,soft,12.5305854162753
178.1069261288,225.999013843724,0.973812347436914,153.830716199301,46.1038825023445,-4.0193604417161,soft,52.2085635552183
79.2826053641782,82.8756159973786,1.02109883370279,159.888918802753,47.8586223010008,5.27489844532263,medium,26.5330653665921
158.265398993423,100.052186094596,1.01974745826288,157.15279186025,51.1320763732232,-0.188453836566856,hard,64.2307487205275
98.2770909801529,49.7397804985303,0.769467934233496,163.831168145294,41.4978960531906,7.82993259365063,hard,34.4908523661464
119.291999084904,134.044139163259,1.01357136706632,159.474545541952,54.3683153709209,5.03280160932101,medium,34.2479937822962
151.425844657516,205.407393236877,0.817085921616751,162.167117887437,53.1682333475321,-2.40113562743174,soft,38.3351957721041
205.364741672921,117.494020858242,0.757523582487498,163.945701429752,21.2225689339912,8.41910681813264,medium,42.4511965048429
73.7698696056752,152.903483579918,0.823696186944724,164.653207072769,54.4880999607172,8.85341052674866,medium,4.42665840982099
175.633982106631,220.834752831607,0.755182175650383,157.911271560707,51.688818997401,9.95952028895118,hard,24.7413202348118
161.81345462528,123.529646874353,0.912030075155379,156.251314179425,30.3341553764257,6.57415532468877,soft,49.3783847968055
114.281861231587,154.941752902445,0.819805321376095,158.355845246498,37.8894858303144,7.99870640318924,medium,18.4370320770838
126.496761847236,37.1374877856809,0.938549732034234,163.105020402009,37.0109743578951,-4.24790153568725,medium,65
97.8180901780382,235.159220458189,0.926147340217599,161.485912176504,45.4275933899568,1.74489633216195,hard,15.1538051204303
206.745803410782,59.9763262601341,0.854102034698922,161.728058680498,30.7239619085359,-2.27475078814645,medium,65
61.1172707067011,165.590114561201,0.801960668003483,153.128039603717,24.9110564388807,-4.45431316068459,medium,13.4982378019002
73.5636250701654,202.080241313473,0.919007079512974,159.622511004219,27.3594191587528,1.80410799669961,medium,9.72064946505577
139.213785495849,79.8609411754905,0.982202400659073,161.233840596832,51.9062235540193,4.92364049055913,hard,57.8600856606132
197.197537294505,226.612942092973,0.948921132744351,155.912093130155,50.9676782709886,-3.28887498160352,soft,59.1240174168588
72.1201916945583,183.696934178451,0.773803856070194,160.554085758335,23.7753873549211,5.21812927668828,hard,6.74309615225125
67.3673916138102,73.4037191459121,0.90289929132315,158.163278786798,31.3314191481167,0.0844382419712266,soft,23.8163850276841
130.493244269293,87.0654848885163,0.959456703982401,158.668928704674,52.967740632939,-0.852758222765861,soft,57.1667910738847
115.203143925784,128.150224782998,0.807431344623909,152.727950577593,20.7592315207464,-1.28268188630404,medium,31.5745357086649
156.297416978386,71.3574531934281,0.816136349066613,152.778369732452,40.9601292175609,-2.31666779465628,medium,58.0030533878713
96.6145122294891,94.1651137859727,1.04090446212961,161.232526725155,26.0446422615892,4.3182856117515,hard,33.8575060605342
102.556851894616,229.791531640965,0.766866414830752,152.904613482633,25.2380746186598,8.21415022722261,medium,9.83001364351552
170.738037641173,237.386165020632,0.774087306206656,156.338673663564,26.9271814143008,5.507797503337,medium,27.6973617305737
72.9989980529626,87.2063898691575,0.982932259401765,163.599334781646,25.2043132296814,1.83053428246359,hard,24.6759451498259
113.70489958792,63.36095595206,0.790574247445476,150.940830986259,35.447232754587,3.69096065305756,hard,40.0150410099113
73.9468562275361,158.181768647709,0.774885165911602,162.146012944743,23.6839724532427,6.55418598647359,medium,5.50903955083849
162.043145461141,245.614552884864,1.04355672374435,158.75134904487,49.6922714391597,1.84433889982569,hard,38.5235504016957
74.2771536876838,117.80952878938,0.922428179984071,156.0045827082,36.1024962471806,-0.849029318381565,soft,27.0570246929464
104.199489756037,81.3177204833381,0.94929061724277,153.779452111966,41.8494730888255,9.29774244440357,medium,36.2878504481815
85.8075481894817,200.913579810127,0.994336165181095,162.760959356303,37.6705284602147,4.75283218668922,hard,14.6856853403833
90.0108186735359,195.723440150503,1.01586536664978,161.139447930187,51.4239020288927,4.17531069288131,medium,12.8506064422584
161.57665845851,109.171539945039,0.98540717628941,157.61404654168,41.1220422675063,-2.12807249015373,hard,62.0028817786011
180.301046011,169.329730148846,0.869469412284812,160.84843412934,25.6892783617965,-0.0395423549088418,medium,48.4020845563745
108.855683785418,159.257270371611,0.972782615226918,154.342933878403,35.196169727204,-1.13821247736351,soft,30.3775683448137
142.387529615965,43.2548080217351,0.812147361645515,163.056073094398,45.4748766546752,2.34249038273778,medium,59.307515734079
198.433778396409,98.3198013434718,0.895022968436712,161.665341976109,22.6786625893275,5.486902017126,hard,54.9009386778857
89.2123863864714,168.053961367762,0.832721931773347,150.583882783175,38.7875385734489,5.07012052273464,hard,11.9752072368334
160.764733486262,84.7347316645022,0.853646841602492,161.199876040669,50.3474096720669,7.27810301768524,medium,48.2740276310881
124.523758565665,207.028711281507,0.792608714943929,164.364640065778,44.0040995486375,-0.49317595557195,soft,29.041968018994
193.383153485328,164.657459221779,1.04429511908225,158.262831691382,36.3160972297061,7.18041866611079,medium,53.6529929181473
102.810247660431,61.6432557942014,0.818499865490996,163.220276341845,25.3199903233718,0.529079869163873,hard,43.9838104249353
62.0526258606583,113.465719070175,0.770429632577389,150.158043128342,51.8098123907021,5.97360357034856,soft,3.39207209931769
108.882263665005,232.502739829746,0.981909055254423,150.348056276167,51.3605065307157,-2.11085039266937,soft,22.1886815999736
100.501387401314,182.299820439114,0.800072105034084,160.045419908419,30.751140726062,1.60387621570007,soft,17.4643956381217
144.982712707212,79.914989482548,1.03218115690783,152.972594124806,42.986036904046,-0.474646683217393,hard,64.1068633672788
198.309627749873,146.496291127423,0.926543070643821,154.39956868334,47.9121798521232,5.35020083303231,hard,53.403590922608
73.21812065739,162.734057740414,0.861363428582822,152.87863656732,53.4538314410803,-1.97918631432203,soft,17.0399883707672
80.8495782950788,123.715877168643,0.81310720914626,161.661870672867,48.29275508847,7.16509080995315,medium,11.4814323098094
100.927188208949,127.345139235615,0.817460291650048,164.632122842096,44.285045268887,9.32057873289468,soft,19.5337726676358
76.5679129945882,202.763873394741,0.846999945808362,151.402733671085,27.8380514528417,-1.63569491708205,soft,11.0109331331684
105.012933756462,172.033118280668,0.890318870561775,152.975873200678,27.3501221256892,-4.87540554377989,hard,28.0842945315765
83.1131341918174,216.274813579974,0.87378457828054,151.243059781986,49.7612991850993,9.54878611280958,medium,4.46899973570086
64.1496246213332,144.677662799047,0.996841275077594,158.729666478112,43.720309036504,-1.25640021628091,hard,13.9957958935913
90.4772083620938,161.295651702229,0.858770356146273,159.418315380086,35.9925248227667,2.8905361429049,medium,18.8998211274827
126.544552559355,137.609117429199,0.763653009478363,160.101025598706,20.0433199228478,7.03506723404563,hard,20.5660023335329
92.6122878853387,131.067801172134,0.768252483560703,158.630123955766,51.8501728680516,4.08832863866456,soft,16.0597600663943
169.412810019682,59.5918719724573,0.928098612490983,162.411554533031,48.0716406003152,1.45471278238386,medium,65
180.554543144832,52.7102357498568,0.973504801950734,150.572460293309,52.3333757690021,6.75755451169123,medium,65
202.035947786453,68.063485729511,0.755286811332612,151.513280003124,22.1586319349495,6.13303655189795,soft,53.4148406434498
95.7483311647395,56.6672188550871,0.77454465558024,151.890808299397,28.0960879378759,8.69565766326375,hard,28.7010874526878
111.317984067087,208.568382491489,0.831770620347679,150.211559479818,25.9847284957981,-3.24938137216268,medium,23.8892880772953
120.722878392173,120.004295864493,0.800643547558153,151.962263854519,26.6433362805789,-4.84602806420616,medium,40.5625794375144
150.70381799154,82.8756644368269,0.954072956651507,154.348013382581,34.2515691190407,8.17610651512622,soft,58.6155680691721
143.557721531544,180.651925586041,0.766045613195067,150.962564123822,52.0786202751534,3.52159294297406,hard,26.8518276094301
87.4818418977028,63.0995631841714,0.961907441427536,162.476275017377,48.0197945719746,-0.316346938546753,soft,47.2630236885709
198.134614996631,148.510655065662,0.900036679893284,163.817515161436,28.2109681027756,9.56716351226832,hard,45.4565973053425
88.4804211524678,168.029036281233,0.856952257786919,161.634545286276,27.3943444848192,-0.604766498140565,medium,14.9583602769329
150.39502874527,207.50275253632,0.793179670815759,151.313153191902,46.1195174793143,1.51669597105762,hard,28.4590582093556
196.909943284103,104.025281878505,0.878237409050329,154.988493559406,50.4402813316824,0.612365276660571,medium,65
185.506682518723,143.583486700763,1.02507948084529,164.517313440875,28.1521737395227,-0.225830757566923,soft,65
94.7937404695142,228.989471744863,0.811870217022604,157.809072098814,48.4088600250305,-1.55241794037252,medium,16.6109286809999
198.315350771233,156.12937843428,1.00281258404801,153.917238747466,20.590482490257,-4.17837428626937,medium,65
110.883575556025,249.949600808727,0.844188988896264,158.490862635254,49.8175912617962,7.79402635853069,hard,9.2207651501836
125.531836059493,132.310757293485,0.984895362878609,160.988703477446,27.2695520326685,-2.96716946547717,medium,47.1288957202238
155.358750990687,220.325930777052,1.01431673805889,158.965720471104,48.1368693702552,8.64058800283201,hard,31.8809759572231
88.1581148889455,50.2997908854125,0.921969496031112,163.44203947048,34.618425826279,-3.4325823981624,soft,50.4912919310371
205.889577974933,126.544536832767,0.854446021402747,161.579570805587,53.1886630138606,0.150678027403641,hard,60.5607868744322
130.548351091578,154.469669050649,0.90253917277982,159.722445475987,36.424079128189,4.67246193128835,hard,29.664158116334
193.46591380595,36.3549849740077,0.856541152871064,161.230163084759,42.5723436740245,9.10789592379163,soft,61.5040858313438
76.53576238321,113.302743985643,0.783719734007478,159.531056540773,31.3320551273574,0.313831520188161,soft,15.5796165669555
90.6395405543648,33.5233260063479,0.915252681307999,155.313823450711,36.0665484930769,7.00529973433963,medium,53.7215255106826
107.717080951525,52.2010161796921,0.876590590275793,150.698729637842,53.4066691158636,-2.12669124031519,hard,51.5083981449121
86.4326300300701,135.783605942334,0.933507372474411,157.79093382733,46.222118599199,-0.945766837189756,medium,21.694159644157
184.101980372297,210.834867565622,1.03191297291287,157.706757778521,27.2019933619308,8.40920365583658,medium,47.7163682650031
202.640735615724,82.5097481085906,0.807802746641087,161.882633820515,44.0557215985171,1.81930983133705,soft,59.4638872052904
82.0829003369243,87.1978721875436,0.957619753215601,164.701887954781,37.8592821961102,-0.657700190869709,medium,32.8119994329965
62.6332250236089,119.584750588478,1.02378653999979,160.396834304923,26.8996694848593,1.48335424397451,medium,10.6535534978335
80.2499526755331,171.157111527501,0.755533478690091,164.126988323076,30.1726083045989,5.73507775969664,hard,5.72908820313939
139.027191656336,38.8683393399993,0.761154654546418,156.164088496994,27.0749055599343,6.19119496407638,hard,49.6781003227024
145.342339916069,198.468198035869,0.931485205171992,158.773159303027,38.2173437445331,6.27176506094697,soft,36.5674666177363
195.566474455434,51.5266349010209,0.908790137554705,156.979136680496,25.2135281741366,-4.99211818863554,medium,65
150.373295179071,62.7000567235093,0.840843514719542,160.244036943372,43.2000687395783,2.05382768866765,soft,60.2229012435045
69.1043336204639,147.780159034729,0.934795574387154,151.014285006531,28.9750232246688,6.56951676460974,soft,6.58663614119974
108.201725535738,231.213519158916,0.862114988802489,155.360408936438,32.9953544007847,-2.80833340593738,soft,20.8476779970848
139.714018157279,112.651653934365,0.924068661243496,153.879148847275,50.9618833467134,0.146801491089275,hard,44.8769930600421
77.0126227485255,93.4908909326941,0.959910161413989,157.571555900021,51.8749053159851,8.20318674981013,medium,18.9184430688658
86.3671742126204,113.469492888127,0.792032570884911,158.585897035955,33.29220098215,7.77899298777999,soft,14.2955195457917
169.097367671013,32.3071928582681,0.840941263795762,156.470506763457,20.5616873423472,-2.63394804257843,hard,65
148.222210531478,56.111377328585,0.956541282212667,157.13739833597,48.5403669096705,4.08657127720333,medium,64.7639496326732
113.634453921354,70.1372233198992,1.00520295511783,158.866494872362,30.6559467526142,9.15119852310759,medium,47.0288837564056
116.369241678554,132.519152354399,0.983441373072346,161.231564097104,51.0701621602491,-2.91693941141005,soft,44.2880177505998
119.574208563858,36.0195836505154,0.955152488101575,151.565181852478,33.2620056136138,0.562936451874828,soft,65
116.783659724276,221.154865155295,0.93916366183768,152.980716254614,46.1268811000717,9.67605672525306,hard,14.6039499313335
192.78425113721,165.150059143686,1.02070888297237,151.542286842891,34.7824037207023,8.8118538612142,medium,53.9136650444567
95.2661525978898,157.461083362949,1.00842363704656,155.283012178547,29.6682951609917,-1.30503344916507,soft,28.2523392483127
78.3378220600172,128.890550292284,0.942225725403219,151.351951414855,45.5883796738751,9.64429451093113,soft,12.8863215381173
141.231414975286,186.767462144202,0.762918621785731,150.105050004028,39.7306035352137,7.27161064651445,hard,20.0764757147049
68.313029077892,215.48781229183,0.787623810544821,154.205618379668,49.8068918499299,1.86966315279293,soft,5.83799989441885
139.08160793168,187.267919116954,0.966830483606746,158.483986109274,20.6100734352785,3.85058885690602,hard,33.7097916931092
68.5575795704365,165.268090532207,0.944157869175718,163.552800318465,25.407426644686,5.59590741376536,hard,8.66360740277726
141.255490826433,68.707781460934,0.847674520591797,154.279151226894,47.9413722607353,5.53381582791392,medium,49.3286428518836
110.053278515267,193.614838004662,0.973850590061987,156.332490976995,27.9254532301838,-4.48159260738382,medium,32.1737596196026
169.53999134097,79.2241513235078,0.921465970741198,154.415883223616,22.183528221714,7.22784497358824,hard,56.5950488384267
71.1473055408345,144.214736255384,0.8207786867346,162.278474605248,48.7710435586904,6.25142371150894,hard,3.65948897198429
143.601794950886,158.307044831798,0.838438297014254,157.240888015344,51.3743871699143,-4.68237846980719,hard,40.9233057751426
111.268391812701,173.369466534616,1.03575409598778,158.390756773446,50.9385514311087,1.34726072226479,hard,26.4806875421976
200.039902052092,159.102141800581,0.774624471285527,154.558657091792,44.6748820670733,5.21788629526955,hard,47.000479393842
84.4922256296619,197.401403443399,1.00953989724424,158.624222034299,27.1284039341173,5.05533779687685,medium,11.3813945922288
184.675083624614,101.525843815332,0.862110896018772,164.111907316195,44.6328636809891,9.84555937314841,hard,46.9762719400608
131.591116004228,92.1680720534474,0.849904942366079,153.293875121317,37.9547926547149,-3.14819871470549,hard,44.0499288189572
138.240392519892,228.287897335497,0.941770534044297,156.09073368968,31.0831714471101,9.63906615442522,soft,23.1552029870693
172.143103704387,61.716528139973,0.961583979273533,151.281326518034,33.616250373955,7.38416636357905,hard,60.1733189451398
204.628574695289,230.20168362637,0.98639939054716,164.370946575009,50.7091342866328,-1.28192477482685,medium,56.6982851765286
205.195204060893,45.3221969470218,1.02581099989899,163.919887098038,27.7289934603379,-1.31634435799037,medium,65
167.81497108766,112.201580154625,0.977640285636933,157.867638389602,23.6363341832418,8.70706791494527,medium,55.5680331404194
208.079796431836,242.098067002992,0.751766729703166,156.579460362942,29.0135860643953,6.22438410966888,hard,33.8368884183619
179.870947896919,212.575748757379,0.944138377448471,157.744466689693,24.3437664587184,9.91913249170724,hard,33.8322318313146
131.980295256928,174.445681555438,0.824536085417885,154.165865655155,29.4260605057598,-1.77061148624117,hard,31.6869095634107
206.883003139055,217.024918236408,0.822486054673928,150.958813542193,37.1516194079311,0.492345531539457,medium,42.7443506737106
128.979617471276,124.772849767742,1.02548121084489,150.049826373191,26.394012408283,-3.49597728911803,hard,50.8922021911563
101.540347661289,139.623679352525,0.85330947854373,151.492350536903,24.7559484574131,4.34717180067692,medium,22.9363026005391
60.686174187323,106.432410115311,0.968153049430534,151.811580373603,49.3805161155041,0.210088549679345,soft,13.6369421538388
76.3091866379951,136.230288630178,1.01915283117515,160.413538255452,34.0894742235373,4.73215727755456,soft,13.4368546569603
70.6787008739699,156.960820912802,0.960594956342532,155.865293906256,47.1515748929748,0.510144034144935,soft,14.8740326479501
115.791726850211,198.91920188989,1.00875307334566,157.729498054025,20.1183975362077,6.10887906431835,hard,19.1841908271448
201.882715898138,204.410098995688,0.834415897262852,161.034520250032,27.4406730359325,-1.78229708618984,hard,47.5180447802149
192.883616383083,92.9420906497787,1.00369382721189,157.698787589103,39.9606453438371,2.02450820308185,soft,65
152.807110142805,184.477622962584,0.803530272674397,164.107171943996,39.3683568167127,-1.18838865126266,medium,40.1862983290337
173.937373250004,228.836827635301,0.817953385181687,152.313240302222,32.6787797150021,3.02310581179523,medium,39.0770439724033
190.526718271683,234.030966464711,0.758095169496608,161.327943378549,46.4008562104135,7.81899916436659,hard,28.9454658679285
172.731383939524,106.524910854788,1.0089396030128,155.805548579376,40.2720191813257,1.42096567980964,soft,65
148.62083628649,46.6317844636983,0.783974431793874,164.870355439177,29.7192866492844,2.67408809072227,hard,51.6317944413095
86.589573614066,229.315382932119,0.970471781007837,154.798433681257,38.8071057386324,8.65095825405453,medium,1.83363497631684
79.8200193734224,35.3069898722274,0.954262310785047,153.271426992395,26.5169778693063,8.69286827623295,medium,45.2786015364917
100.86558757861,230.403512667208,0.998901041603759,150.791349153996,26.8622821896595,7.36950560673618,hard,14.5388692718518
96.9189372154301,110.624368979392,0.85564564957927,157.407130349624,33.8399532546929,-3.42227999828051,hard,29.0444992218096
126.072716788971,78.7993396281968,0.938979712920171,161.149139005847,37.7420647208334,7.61676419868973,medium,45.3137801040108
132.159802667774,145.882510081572,0.934468329600965,155.503266236947,32.3699733646784,8.87788865992987,hard,31.7396754818653
180.034515805558,109.548149818242,0.776647699082658,150.445667934126,26.5915530518934,2.41489262354346,soft,52.1007983879002
63.4000594010436,105.143470118271,0.776064615488944,156.690900705378,46.7577438630222,5.26747645318248,medium,10.3995759886101
124.661679676573,197.083175778491,0.991408658698845,151.555448737166,21.014537839528,7.60422640861945,hard,21.1922601248785
99.7635911959422,171.912534068926,0.969653260878308,158.695165534924,44.5769380028962,-4.3178287323563,soft,27.1703459654018
65.425257700513,28.0654062680514,0.910342259999731,162.782293866025,34.3242318685906,6.1699603054996,soft,41.2884783708117
91.2354511391623,231.605706246117,0.904348874741136,151.460869597454,27.1928713393269,5.88398130106453,hard,9.61198026875402
194.957556538226,225.641132671561,0.957867921213825,159.775740532334,39.2786508109738,-0.72781344867983,soft,55.8712875899068
88.7090791500008,220.065961245224,1.02054530453055,153.136413083829,41.6061271439697,8.91643860027816,hard,8.89748994097229
87.1729827775624,79.7097958550178,0.924432077209772,162.614659273444,32.2824482176253,7.15108545457244,hard,25.8897805376506
143.84490537887,80.0391761134363,0.898854915260347,162.403805440395,53.135282740433,-3.449862037477,hard,56.5138852685827
120.948323682846,70.0361563844095,0.874493436602495,164.908422218376,26.7042464251116,9.14328152754947,soft,45.6791594098092
62.2959869525953,130.622488119726,0.95276913794124,154.085340049677,21.0539604129153,-4.28222216747135,soft,16.5331738379732
69.2442855195547,37.0814747625924,0.972471328356958,155.359594987043,43.4319589060588,-2.74657959742775,soft,51.5421786219074
62.9656832782287,54.8061090103991,0.967020118950334,158.841480340308,29.4789340301459,6.39372703599321,soft,24.0065432616802
168.522954848586,177.415938016242,0.841092523231291,159.17349904747,47.3972904858734,8.52465079840534,hard,29.2870329389504
157.855343706832,233.939092053372,0.835779172798958,153.071331225644,40.5610944443481,0.767730824412856,hard,31.6207930170011
74.70824279157,214.979900791875,0.850822858259597,151.265008311964,50.3126857728493,7.01437291308608,hard,2.06381115783259
191.048623370938,34.2574361421311,0.959893828222051,164.51267071859,21.4086343101104,-3.14075365583142,hard,65
145.568830510268,155.455051519804,1.00726430388087,161.376382029011,50.9267857978773,5.07879513979128,hard,41.9771721013702
204.371625866169,242.640425495653,0.937461309179517,159.832041138749,43.5148509103676,5.31616115570582,hard,45.8388640840118
201.412971957876,195.647558666776,0.945289173571112,160.314082520948,51.5171069615972,-0.0435122471206926,hard,56.6620576049359
164.328099897088,230.839970509335,0.958783688483574,164.63074538198,50.5124872698179,-4.08272707702316,medium,47.0005448575965
110.042938246461,77.104349550143,0.982240839915193,164.533335506119,54.4499722530666,-0.392426811448494,medium,47.1226294826829
93.6159844110191,113.491413368687,1.01819202338596,153.836839822123,27.9963253608283,-3.86920888565193,medium,36.6835432519154
199.632543687724,86.7111497513398,0.856999546223074,150.201038258143,22.6039996419586,-0.800034711993919,soft,65
117.349349259858,20.3640668342291,0.919648328193743,151.883553260331,54.1929705921078,1.8337991756231,soft,65
136.801824362382,90.2634424385276,0.931135275697946,158.459921182486,54.2498480624975,4.01693662138264,medium,50.3095597135407
104.202235916892,51.5852931099588,0.793869017596556,161.191529284029,26.5956790677135,2.63639522771495,hard,41.8571703326906
100.671876272044,73.4571907557392,0.954924727150275,164.83201930778,39.6608656466465,-1.22133373341152,medium,43.8283344117065
151.960448581504,219.392215610604,1.04593406058706,150.668506450565,21.3300397412421,-2.27752485821273,hard,40.9802680443212
121.000182648946,88.7071219554854,0.826001014418282,157.084898271738,50.5342288391091,5.55611135611482,soft,41.3515108426956
63.9609140650279,232.455476021177,0.997460401342077,158.604589194239,26.3337898794853,0.731087844765808,soft,6.69126511987307
69.6252411550592,93.1662979854252,0.783372664275699,159.527120892987,47.2880885676842,0.496796809319503,hard,15.4806459863456
126.10560314035,93.5639573528941,0.903419349675817,164.57222735014,40.7203178644477,-4.55468825626115,medium,54.8000329608097
73.2383984737962,47.9629764860161,1.04631016303151,164.379523911808,23.7251061095839,8.78129213123349,soft,39.2274276972744
172.942357834397,107.287094995306,1.02616485821307,151.715013067394,29.7954225198184,0.476176672126439,hard,65
153.934827915135,220.521874286931,0.812641876561974,163.992806971392,25.0141748026725,-0.826750350994467,soft,32.6999958760097
130.798061222313,74.4359392524578,0.974791030665074,156.048089369254,42.8076664417566,0.534816034553518,medium,59.6985633612796
61.9800862268839,63.1502038281909,1.04247684817293,152.801477261438,26.8017642437832,8.23053680717749,soft,16.5692135452658
63.4822021164678,243.183059727926,0.787102275851119,160.063131050591,46.6953913067685,7.35742049247456,hard,0
192.194564170012,170.118002016648,0.90231870221397,164.122768694856,48.0692377042498,9.47107332635987,soft,47.4318474059347
79.6323832931979,145.239415330891,0.788495325197092,163.088858661356,37.7150685533856,1.97401155029128,medium,12.9234857146425
180.348729412973,233.538095406466,0.870417310866778,161.122502102126,40.2409047488864,2.56640984372306,hard,37.7532563874895
175.067483431417,138.312377455902,0.932076699599886,160.765859587319,32.9005994648879,-3.09209574682863,soft,61.3088759604933
129.582443107405,90.8895304550495,0.861498233212717,164.945438254366,30.3755748679545,6.59516968202772,soft,44.7943973737557
79.0145371750914,160.680918057748,0.915554391116213,162.702448893168,20.0025232974381,6.71772842957868,hard,9.80330148824758
73.1836192985509,245.547240400103,0.867885841291203,164.66563435239,43.9790304146457,-4.50701077421975,medium,14.8477031607669
120.339914762287,203.741500165877,1.04051039053718,150.70863041374,38.064910407357,0.626937175043323,hard,29.9240850895673
127.431895465587,156.316955586004,0.872067581967348,161.473530999268,49.5573275312489,7.64399894136092,medium,25.1435275773418
186.778407261999,110.223976836528,1.03746045522283,163.539301992674,43.248953548486,-4.02715660167781,medium,65
76.1321676235528,192.579697194415,0.886582251429407,156.049555135069,30.5869925319594,2.27281968741284,hard,8.30518441969212
77.5283101428003,238.302709842519,0.819567082763162,159.834857572902,45.5975149903785,2.73903247431754,hard,1.44287527622593
177.709500942633,115.172615326449,0.767902308909609,158.013553397828,44.050051392281,5.7003272806046,hard,44.5249990322408
95.4478955693754,172.777193208035,1.04737453364033,156.774493634994,21.6104687470565,-0.849834903847571,soft,29.1905945556206
119.190823221908,101.503098410097,0.991728440062733,150.472129332851,20.672473084587,-3.96568066804768,soft,55.8467561343571
149.629843363754,192.139763223158,0.985898478057162,153.678958477314,36.5029842226048,6.9075634997149,soft,37.3042930567701
143.085329196528,248.885338701191,1.02385047263367,150.5932962826,35.2362155229207,3.1798185805235,soft,30.0630971934431
140.64004135994,194.554164370837,0.84748194918383,156.626815938367,42.0286183676114,5.81563072907634,medium,25.5080099522041
183.147381923917,208.221395690894,0.958938127076914,150.94470820939,30.7241383083607,1.41470698598913,soft,49.0305458308927
137.517476245485,23.9267864172408,0.797076204444203,152.934307638807,52.5095402358843,2.89613676657593,soft,64.3469489738847
151.231920518836,108.051228020335,0.830360388160679,159.528829553626,35.3477425304582,7.88398909178411,medium,39.9377099313764
154.152564396853,242.231084195506,0.850618959774103,155.001619073232,41.0127348092073,4.90823056913369,hard,24.7051037774394
149.284849481821,170.010892593995,0.986891704152002,158.011898657625,29.1328401605697,-0.643922551897056,medium,48.5373136964003
195.700049556669,211.91915092616,0.932021654479577,159.247977401062,32.1805746706144,2.47027449551215,soft,50.5807192773662
168.363356365817,223.468023383127,0.810568277300083,163.217608165834,53.3695870123471,3.42144939474566,hard,30.294143848441
205.512022866997,96.8784688366352,0.799827154525416,160.500055578335,22.7101639164418,-4.33398607354508,medium,64.9706752562163
198.473143887128,226.756389764265,0.783788792188328,156.435020733288,31.784770722122,-4.22242841391446,medium,48.4649796724931
189.915159630463,230.599322432937,0.893928272856734,155.988571887599,26.256893228231,0.166447405440077,soft,42.7915673640193
129.944389762165,158.022912771537,1.0138996454124,157.778066561163,41.559308038297,-0.814119230934682,soft,43.6769035795509
114.358806964492,181.333424901925,0.950152017388615,156.789978066241,30.4787916505142,1.29285438398171,soft,29.3824631662419
152.599038993894,59.6492731472457,0.808496379501662,159.924353558681,28.8059800178586,2.45651130396303,medium,53.6554888538717
66.4734578526341,118.073361168595,0.922945285519976,155.327458409564,33.8779132314147,7.5046828817539,hard,9.41420249066674
68.7199448745555,105.496276060159,0.901376592713205,156.799517961962,39.851109087692,-2.30271352027193,soft,19.2944065504949
95.0867966046093,62.3694508773284,0.882079665643881,156.939518835092,36.4358416774753,6.60031320295421,soft,37.6436196107247
195.35388469275,35.5356293927093,0.823608733498593,156.289324846264,36.1074062596325,4.48213855287673,soft,63.9313585571679
77.6189178309117,135.075362019646,0.914368027199421,162.818319987079,49.4257900039335,9.33795207434521,soft,6.54421830171242
95.2983663861173,48.2027263209423,0.767011674260353,153.091096174714,54.6290364690049,-0.668761577002145,soft,43.8025835644439
72.7370229531478,30.409633573844,0.782315409855703,154.11439403588,26.1849961068757,5.59065556652289,hard,36.1246589750497
187.050961264368,191.40542107973,1.03835375467711,159.411643439308,33.680213483552,-0.827358837127795,hard,56.2423385977104
141.646671359768,201.779029047044,0.820994582149,163.374027984073,30.105678470365,0.700130379093793,soft,31.8924681944826
194.584889358717,39.9067945385957,0.984068375599917,162.718332179995,38.6839842347606,2.41599693275855,medium,65
173.284046471347,33.5914320726987,0.981391185968901,150.242815662043,34.253599232322,-2.09603451399487,medium,65
94.5726441653047,111.376049598351,0.770873503801795,152.881502248451,45.82971041988,4.02168073349978,soft,20.3769461831273
129.196956663691,49.2507882464698,0.876997406074598,151.974101925807,48.1388116379489,5.71732825290518,hard,53.2234964472003
204.979555158465,118.243737448448,1.03300480201727,164.638859577195,35.2915066136263,-1.16152349693747,hard,65
101.965209589971,188.245559242887,0.824146269571851,154.651273245218,20.8518502930611,-0.0632432008011952,hard,14.6543239179576
169.88745107211,211.73696338718,0.789159348287872,158.210801464468,35.006980359381,-2.05331191160718,soft,41.1516780140603
67.5381778035462,171.001656525234,0.820897577317096,161.86798568834,35.3737115707636,6.71941053173215,hard,1.12259753149173
110.151433167033,234.975007643348,0.961535013985323,162.923257181499,44.8149043814598,-4.78329601411432,hard,23.8599742239196
124.254908903761,117.895402564578,0.902211620909173,157.937588404126,52.7299076483229,5.04833355520442,soft,35.418152164923
63.2196430878518,26.4091946264295,0.837645280826189,156.56223693151,21.6613861741022,9.28916725207691,hard,29.9817755673497
74.7879552244478,106.364756700436,0.949898702999794,158.383420484625,23.4683439248302,4.84745808635215,soft,18.5109472130611
156.581026783956,110.016415812785,0.996016102115424,154.688701511337,54.4332463300424,8.36154753414865,hard,48.5501402753206
191.365917899785,154.865888907263,0.814590775569811,152.216963092242,37.8329760351548,8.81623540797349,medium,44.418051306185
159.622674334091,149.98877121351,0.846622097674993,157.648507888358,25.0456798484736,6.71628449057855,soft,41.9339469291496
101.601094538452,212.814009733034,0.994597663721398,151.448129573043,39.6945091771285,5.19975400528732,medium,18.0306823959102
158.806504347566,93.6479733440806,0.89478527393979,155.07669180325,48.7453846705032,1.11045665566043,soft,57.6722060159691
202.251183135356,148.117416482106,0.846298621105982,160.752915317104,49.7426232661833,-0.206285467995974,hard,56.863072338415
84.9613263641539,165.89328260551,0.924782421300924,158.032987462167,54.5923871830992,5.4532825417721,medium,12.6608230030815
197.422523106651,50.8538936358185,0.85052458213162,151.54375436515,25.0693835070332,7.57700549871828,medium,64.5371581551989
169.889695278579,40.9887276835821,0.923612883357198,159.235133574958,42.371986123666,2.65207278761044,soft,65
206.160469968175,189.420680554193,0.783558220023057,158.820420295054,27.2074736268037,-3.06325562975787,medium,46.8328116153449
182.97001459025,245.101594401625,0.880980556415769,155.425137062385,49.2976114612561,4.92036721618054,medium,34.7898277046622
191.100159512944,152.153898715056,0.905436596693694,150.254167473984,28.6896648156685,7.37774717401208,hard,46.7956964904726
153.026123794569,114.782826789095,0.877803301602948,162.579262678601,24.64678880076,6.1886643423455,soft,46.2871858221457
134.346331053158,176.344123290936,0.966262171002306,161.259294525557,52.1883181617834,0.540257966476754,soft,38.6525775138373
132.327348154348,123.579446882705,0.790503998415191,153.285223142771,29.2374571800422,-1.7787360850686,medium,42.1422975185093
196.653130457674,232.100040809252,0.839900561543231,154.255525768394,37.2704495465782,3.01416585859573,soft,40.3029384531134
198.55223433869,63.8829661564058,0.772065591989337,158.81925113625,27.5409109587303,0.534880042413026,hard,58.8276619634416
132.060491053117,130.445594446173,0.810940034115294,154.393477523148,54.5336462363559,-0.890606060004277,hard,40.7889251328466
154.985056087982,225.765214688471,1.00132802258389,163.232395342763,31.5723867799649,9.6916498659769,soft,34.0359466925445
130.11673145909,205.790517119407,0.894141925267178,153.486437867164,47.9283099908325,-0.682827260091977,hard,29.06226959179
129.702018209891,137.390576945356,0.885493476601842,159.157241848588,53.8857382143829,1.14235124865453,soft,38.2167595292961
61.0158889108812,120.668953808585,0.789223688809768,152.348647484063,22.919239012334,1.14454115727761,hard,9.6200844744156
118.410273693867,126.502385689117,1.04997324618238,163.458994905198,43.9985413775791,3.4886958860856,medium,43.6520485217122
60.7893254822856,133.465063883849,1.0340925933184,159.70335596868,54.1646151448593,4.02340753268822,hard,5.33544499355764
112.106121063366,237.933655265522,0.78098544744175,162.9483928591,31.5940666756214,6.65867226732494,hard,9.38890126789312
195.506007412709,73.4823823193808,0.875043858133644,157.543694436447,54.8869949675284,-2.6196158859885,medium,65
104.547023364042,71.0402351355249,0.958815923921776,161.739620639284,44.5202191156919,0.641345286428709,hard,46.6380562368834
185.470075712566,52.7425326934923,1.01859131866094,160.999064123664,46.5600231929781,-1.23654089512679,medium,65
175.283506995493,156.556770046411,0.801832320994428,157.951863679215,40.00050690117,4.03378269805019,soft,44.3565653501825
209.363414897017,156.316375234914,0.880652058396041,164.040817993031,30.5111002486366,0.0810488273584884,medium,58.390636527536
104.845079418793,230.306215473089,0.842579258483322,160.736240316883,36.7127174178154,9.68594908259339,hard,8.07831447358637
114.400228604145,92.7593896203103,0.917661081392635,152.88946698348,25.023262994584,4.87567402643686,medium,39.8062649507727
191.887384345816,127.434738687476,0.942999511246687,153.442465094094,26.6263187423983,-0.782235493218196,soft,65
189.15643019419,56.8764102135543,0.861970521592864,163.235122684693,48.567794222549,6.21354831322277,soft,62.4172469515101
84.5920993717706,103.13778173575,0.763674847025361,156.921792084493,47.8756701269786,9.28104708316707,soft,12.3602951778958
144.889920487918,204.035002912648,0.766977041496641,164.558180316905,32.9563462807981,6.68603827500905,medium,23.4677311502837
207.013533088538,216.691084541871,0.865421923796372,156.852845802098,43.7627928446948,5.18106917915268,medium,44.8617100849736
106.021694741331,160.434283193322,1.02583151710251,159.340155184927,24.8193887913461,-4.3029103509816,soft,36.577874099134
208.448053644425,86.6326101208813,1.04659120374468,157.226760919134,20.2824535112595,-0.537330336862854,hard,65
143.166246033931,84.7951472790681,0.875607206820931,152.090492252659,30.2106441200963,-4.53191802952657,medium,60.4307664172298
183.59906233261,239.000575928036,0.989108153593304,157.106222253816,51.2772437756474,0.876013098243409,soft,47.0054192132148
82.8783234506763,38.3013882012986,0.996732919294579,163.663833713262,40.5469939666188,9.31945540650763,hard,43.2660053073175
132.030181441577,117.26213975332,0.990640324074864,160.465615568524,38.3318080115891,-0.476752894479175,soft,49.7870663212613
116.280321303308,71.1022458190064,0.89930340097543,156.108941508863,37.7043537086711,0.699840721560692,soft,53.9299389031109
153.40342522058,225.629438983034,0.94752993840193,158.10064558042,45.7700973674651,-0.493004572335262,hard,37.6701016518831
100.61178368791,140.219983517116,0.926662609314557,156.718620906365,31.1205302399166,-2.42607934380365,medium,27.7772395666258
129.79549599552,159.817087389359,0.86800748458506,153.1496971329,41.79426050449,1.45797217953915,medium,34.7986388717115
61.493973988444,237.951491123785,0.86836122997689,151.805257941997,36.6794672651342,-1.84004874244601,soft,11.6760767002453
89.2211243758589,128.16143903398,0.756481232458165,152.027067676658,22.0170897925455,-1.72369090881604,hard,25.0185641610764
128.716019245562,232.967032955104,0.836624183090106,164.444893390764,46.9395615629354,-3.69080122009733,hard,25.640207311883
108.716744172829,49.2150380138957,0.921552522254013,163.704850240056,25.9661451100997,6.18729645766487,soft,53.5470831744828
100.857161067526,43.2984478563208,1.01578189367678,161.989068521342,38.1162087854395,-3.14063030809833,medium,65
67.7031654048893,61.57067002982,1.01091529922023,151.525137155835,44.548650839307,2.81263145995585,soft,28.1898901598748
202.857783190868,208.542531437702,0.764133265830405,156.725801365601,48.4053199843069,9.62581645188148,hard,31.6682984663083
194.328221640743,33.248996132543,0.803592442193251,150.094282791961,21.8459916574119,-3.50586617913473,hard,65
85.0422381718525,46.0240570247211,0.783998170653928,161.183329416892,48.7589081232743,3.76663324738508,medium,36.1031070747454
141.745526653036,200.873194442463,0.898478617114982,160.652448964635,25.7695116934421,8.19140417025766,medium,27.1738600780321
141.269668410533,207.794048355042,0.843283557116915,157.281656424234,33.4828450266121,0.97958963580444,soft,32.1809811315148
205.67095681174,172.543858961399,0.829687657681536,157.991582941569,32.7385833918493,-3.59213027441489,soft,61.9049841398192
74.8802480917413,128.082246510594,0.829480522092724,164.230005717441,24.006735069396,-1.52473214881242,soft,17.7668144389689
89.4630997415144,232.289388233004,0.949382655204959,154.400106355455,25.6007616013475,-3.02201421598906,hard,16.7876181653972
121.934937929786,136.996720804537,0.768175585665273,162.391039325266,24.0803703235642,6.09758833137875,hard,22.1761093073483
155.695943845451,37.6645730008025,0.97698906246093,153.710230759802,38.4143967869991,7.65564880614856,medium,65
85.613956403162,183.088021775977,1.01038978412939,161.182462401454,49.126604589053,7.4086811441962,soft,11.4945172693338
159.375948445193,90.5762172362081,0.899069205984166,152.229726171854,36.9674372034674,8.6241228924139,medium,49.6330430475194
61.0799696283804,181.940679570888,0.846867093367808,153.655021154154,52.423834575049,-2.07560861623351,medium,8.99331692263591
185.266492680789,191.95072966377,0.802786516846785,154.34499390778,54.909981002082,6.51004152255485,hard,33.3526390698411
208.373794543541,70.7045370195182,1.00106230438231,150.333220020783,35.4803029665957,-2.76124797902733,hard,65
178.305555123302,209.116158873268,0.916583510959096,160.171107905442,37.7558919555368,6.35554624836233,medium,39.047486835092
66.1719055518716,147.808159562459,0.879268131779115,155.012007179792,21.6027469917192,-3.2088302346994,hard,15.301255188522
121.617116098751,49.6954223237306,0.907403876834619,153.474652020008,21.0567951323977,1.87283894318564,medium,58.0584784307853
135.31391861457,65.8395587258083,0.970415265647847,162.351472193564,25.9329357622444,6.95193715761697,medium,57.2453938948503
133.398356054278,215.259784974225,0.935896582040199,151.577665210328,20.1684403197422,-3.83599779021598,soft,36.9258700256393
132.129548099327,37.4818162761003,0.940166359347917,155.880492828788,23.4761037139135,8.251824366449,soft,65
206.207854368919,68.4100133590565,0.766730034004956,157.95579636346,32.4377921533298,5.41939601069732,hard,55.0477111461975
125.513248710493,143.051127887264,0.907384618390741,159.923716467015,42.6516920096345,9.76568905523845,medium,27.0050997030521
161.785306013937,206.733143583725,0.976228290924296,152.601048549669,49.5476914766917,-1.5404142638381,medium,49.3817050480515
104.032916018011,197.344335648494,0.957457002511396,160.913704895947,47.6116130337507,5.33804363453722,medium,16.7762374280012
180.95949297316,142.837964780403,1.01249707346898,152.284764135854,38.4238956083132,6.02367420334613,medium,54.2756744351086
122.155585224803,88.1267688522371,0.916725726801991,161.609521156812,26.0646475621319,-0.546946523125921,medium,51.6253670644234
180.737308930999,179.043187599866,0.794616748080503,156.076021843244,42.704477372983,8.76413508033465,soft,37.9820530945451
80.9530104962859,241.340182758241,0.994895182366935,153.07061138206,36.6254471670036,-3.93203988137132,hard,16.2857306720418
195.691380655497,72.7782994435665,0.778407675845579,161.418642948883,24.3698340007497,-1.66247532336119,medium,61.2262174743813
178.631045423212,57.4243802856329,0.987493143078845,153.411260177007,37.2564247048605,7.35714223949815,hard,63.827319862504
182.291857670658,149.396486016407,0.837718334303567,161.482797125125,45.79478678733,-2.22263095581476,medium,54.7223265062469
144.739427308169,196.164487453338,1.00379679506537,158.007240739554,44.461757126798,4.65370665626472,hard,34.8089888037053
80.6368496983573,45.1144695948042,1.04478310472927,154.370359002291,28.6858680731623,-2.90244384846892,hard,54.6601049887278
177.741505506287,178.875671732456,0.816215273754142,152.151469514416,21.7783536188695,2.93102152342951,hard,38.2947471323478
165.322270849741,167.036970252598,0.89255255335581,161.059609476992,54.6643072600982,0.175715792976811,hard,46.9167666486762
79.8191330385674,197.117359210787,0.858079809507085,159.098110646972,49.7411319385341,4.24473267905608,hard,4.28487829588932
110.569951700063,245.871596927192,1.02394467690358,156.707185739145,33.9980383693575,0.172727589981426,soft,21.4607402503326
85.258925671251,50.5703949715586,0.773629855366569,153.41314128338,20.2530393375083,6.61668284504962,soft,33.9022615397016
186.078596906108,229.057164173723,0.983563920173547,162.110513704275,25.773695293446,4.17831847454383,medium,43.2457486737813
78.6151883863912,132.310429425238,0.802901250410626,163.594208901141,33.3965392877554,7.82653221368916,medium,11.17063119068
75.5062275132006,38.4170033628384,0.948267710945238,158.967503648917,28.6411627476583,3.63386787102073,medium,43.2553573706103
83.0606744951065,54.8522955409087,0.993497652624699,159.563016407385,37.6092419137126,8.75027489925444,medium,33.4865585262437
171.604954916099,122.863828945267,0.94005819045891,153.013662362328,44.1609147339488,-0.0191322460092405,hard,54.6411043566546
70.742546997429,198.100759450487,0.814965466157828,159.324847077692,46.127114268211,6.74969048065491,soft,1.0574551479451
130.324079357028,84.4643711695412,0.871603321136868,150.171805540516,44.8649544642256,5.32088046472632,soft,49.8474731655569
64.7431565793999,125.96619136413,1.04196481217399,150.809575757211,29.8964690357655,8.49829437463209,soft,7.53715718388115
174.422949463679,79.4002565468368,0.80182886472842,162.51782276587,37.4063178859407,2.90595732912908,hard,49.5619087332155
74.908946637961,54.2454685615282,0.892107091067889,158.018099956671,50.3844457777913,1.20363202414207,soft,35.8420563542397
149.698150873162,33.5739856891168,1.04269748597949,164.328654214145,21.334594506019,4.14469204187908,medium,65
169.03348037498,122.806322411117,0.903673593700889,155.193761203452,22.840431460281,0.366185707539062,medium,51.2723008146628
195.263934669176,37.2979297696116,0.835159096696465,159.80125749187,43.756807384201,4.03721604309054,hard,61.120254720785
137.726576995723,125.207498105959,1.04010748701127,163.228954375035,23.3215732586662,2.09818244711559,hard,48.9818829027651
97.7471990735025,25.06921763536,1.00628282246206,164.212347733806,44.3481880811242,-0.919438270669744,hard,65
70.3246813591088,44.1909398046117,1.03584994405473,153.632758781881,20.9162399543624,9.57617300215437,medium,31.3833999499281
92.0956865145504,35.066399669785,0.966794854507303,150.279172523248,41.270757367535,2.11884083882764,soft,65
182.448890479797,207.991940475665,0.945005724804287,158.449342793568,34.6364674476251,8.28254309402509,medium,39.8299033748846
173.517201851131,35.4388777214434,0.862739176834848,162.24345190682,53.0193364587105,9.72997586096039,medium,56.1296911029492
116.378738832635,190.908146216633,0.893023363480574,164.361016248773,29.8099567360914,-1.36426528571596,hard,27.9598187106576
203.564630806555,55.8098349902702,1.04759564571188,161.713078370724,25.9626015401568,2.77660228239894,medium,65
111.107200292781,158.069392189231,0.792128030048124,158.5187280102,46.2044491658614,7.4536487443357,hard,16.8647297763984
209.176244615247,173.192684800962,0.812717442502879,157.859787779649,23.4409709217328,-1.21418667894281,hard,51.6372548648605
115.237396625381,71.9236455555889,0.922972771934211,153.447510924815,39.8156032590943,9.7673588190503,soft,41.1647988956115
70.8863465547339,61.0253466503969,0.891285254811043,151.006943389742,48.8577591437656,-4.70554452296984,soft,34.404792321878
120.538880617985,138.366410173556,0.899248098783176,160.9337138221,30.053315370027,-4.64584011426586,soft,40.2044015236011
180.704812370077,220.289768373517,0.979866689867365,161.434474350762,28.2149144010364,-0.0748615286518382,hard,47.7808234241797
163.489989647384,114.940109341432,0.768910885654507,154.218216664049,30.15018464555,9.58977085177799,medium,40.7900403572502
83.8449541911223,205.399592734401,0.875876340432213,159.8563673249,51.3754913211873,9.48470309070564,hard,5.45348552969352
124.367211193874,97.0083710536719,0.864030341897483,157.49819362361,37.4914940205217,0.767648975141269,hard,42.6078192564125
64.4314419719454,79.850987315378,0.880748283827559,162.808920016418,39.9219284270846,8.62635677352945,medium,13.070750261195
120.796272507983,223.466397509404,0.809660847563829,153.539106860083,31.6278407223067,0.839068298315543,soft,27.804075229345
111.729619886354,134.841503028582,0.936756582050431,164.930654947385,53.953838560724,2.89172280427844,hard,31.1546391070743
106.851505770435,58.2805705430405,0.898933891153704,152.22462290127,29.191478905622,-1.3585253018636,soft,51.8343037766942
93.8087576923951,72.1598231821617,0.923221153106805,152.332485733451,39.2133824165695,6.72352830610836,soft,39.8013684434092
75.6802095402272,105.447135423759,0.761190475606535,162.777653298266,39.9187385370697,5.54368091310679,soft,12.4179234663761
179.621043107199,66.2050715464892,0.829010452994364,154.858953050596,36.141238747696,-0.589326254790157,soft,65
130.42708344025,86.1780583300588,0.981193310724055,151.432598944925,39.8390807636728,-3.40959534692398,hard,54.5001442472531
107.825844369775,243.78796487903,0.841930217952025,164.389122274531,39.594672409778,3.22469169017326,soft,15.6429032142091
134.505149862747,193.255770247982,0.857694511604659,159.858058298514,31.9675532579457,1.90595753068293,soft,34.75894943088
106.877490894002,77.5217233308635,0.862977860482868,164.035679584502,44.3166027245226,0.210665173122352,hard,39.9140159084562
150.403035386011,218.165293864757,0.999913026429674,158.19388131719,23.8170822490143,2.63500925438472,medium,35.1801046342326
84.8945572493663,219.972607036173,0.973631817588564,162.323464526732,46.147366409538,2.41888746831597,hard,12.7930432923127
123.233860442614,92.4339218154806,0.757135476989632,154.149361495688,26.1072863652342,-3.90812948626483,medium,42.9194309262015
132.901483701626,69.9474799555524,0.995202992707196,153.71195171708,24.854605968026,1.06675020068105,hard,63.0108712150746
80.4788938763358,33.0947735732891,1.00916090117477,151.390771623513,26.5466335000657,-4.1435912444303,medium,63.4482078089723
175.150295135503,238.98859561775,0.882244102723863,164.11433705715,53.0080862710997,7.8374678474455,soft,32.8791900525004
173.305653248082,248.696960982449,0.939381718630509,157.56005639044,25.9256625533816,6.35082091214834,medium,36.5674615849589
91.3926541362061,90.1454024253056,0.892677132408152,151.023816627645,45.3591913920498,-0.819885654808912,hard,29.4783490457392
95.8923208964072,171.741015194742,1.04148851929241,154.161463693107,53.3882016184177,-2.46123933729193,hard,26.8890941970207
103.870437266915,66.2712402845553,0.794991085481376,164.059263279872,53.2629945722939,1.37275900153527,hard,35.0737462368212
171.221287456819,58.3396662447917,0.913550322486521,160.755335254846,47.7944597045807,6.58300541626275,soft,62.4467388673223
136.775603018497,191.270867324016,0.75905402197606,158.940176032203,42.0925455237164,0.629951230057061,hard,28.3763161256134
92.1393470925841,91.0863900428978,0.899289774142844,155.257152126942,37.2596160454124,-0.0392417362537545,soft,35.7474398063187
108.348398731013,161.189802124851,0.763604840721723,159.294407722003,45.2117809050716,-1.55583789014791,medium,26.9634320560434
115.085206192391,162.215548218104,0.936458583632308,162.459985864157,54.1852916565371,-3.18609991264523,soft,36.1711164563179
171.2105339808,146.267563989882,0.966489467081894,162.265019163302,24.852121887173,1.3648249049905,hard,50.5399465934387
69.0063130681459,104.251134034004,0.925368474760912,155.908064619078,40.1282314307076,-0.190071582889535,soft,17.1050621139001
175.14612512741,132.643598310003,0.844046535211165,153.821160619534,45.251239913542,1.06893564477133,hard,46.78691130059
74.7386010578517,127.418029686878,0.762343291185355,152.501939840659,30.4070339134943,1.05613224099211,medium,15.5837171534939
149.919005076507,158.668127711252,0.787840083819472,153.622331849323,34.2605875313424,4.29712525187089,medium,35.8181235335693
155.24084257193,139.583726871725,0.85789179278577,154.993035261951,46.0392918632943,2.46187463113338,medium,43.0318482713967
193.865003350177,27.2977184617389,0.897668349071167,159.093388759758,28.2379731392409,5.34267611073391,medium,65
152.915092660696,148.203601832246,0.86115810647032,153.996198146076,51.3607145696856,-3.16899187631852,soft,51.0298348605897
61.8278617333177,47.4699011623026,0.975512512948885,150.132953910175,53.2681431709763,-2.86463078966294,soft,36.0128989855372
124.235826853876,96.8412068103425,1.04243555538063,159.642992737091,35.3685792282744,0.400975320831974,medium,52.8452239942849
111.162890320537,169.323829634493,0.85251507391766,157.945243146242,43.5266378132492,9.82045482302101,soft,15.3525878820739
74.00408585113,142.12658490812,0.758788031676563,155.159729541513,32.2639591127332,8.70586704286072,medium,4.58798062557
99.0055000575987,213.962332164991,0.831800594933442,158.236252672283,48.4150167954016,7.17746085869124,soft,10.4847784054935
72.6788620135442,51.4639863547308,0.819984665872392,156.880900583733,48.6699241651496,0.0863595277205027,soft,39.0392434518049
99.0521842144563,116.80713458135,0.963810916008266,152.345625062498,54.6609673788183,-4.52054506758371,hard,36.2162536148928
136.712837514668,95.3976685769852,0.939621531195312,154.192100722094,20.6012304262326,1.66869464902289,medium,49.5017318862844
105.140414134283,101.084945271559,0.826259200993172,156.465129549063,42.9663890372896,-1.70610103927649,soft,37.1095726331438
181.285773979366,140.382196521914,0.930463967251806,162.594614549239,24.5089633991893,9.7419191272607,soft,45.000206553644
143.724959689912,74.3466130893864,0.828933233508777,160.570652560759,52.9770020656591,7.39507007455322,hard,42.4655118931438
126.162790489389,215.312056214583,0.801217697430671,150.223300934284,30.7094530989817,7.4118694730212,medium,13.7482365693265
207.608103537589,37.8731609880021,0.89045264861794,159.71044946442,31.1782621398378,6.60894167683308,soft,65
112.903211730366,125.04519866985,0.847062912940814,155.209933756831,36.6606574638926,3.91903906981264,hard,25.3505624608616
195.979757166344,89.3226168686981,0.991473516130054,159.467782070021,29.1742598566978,0.285115261174699,soft,65
209.658596625204,246.967806042367,0.999893099273135,153.057391184442,53.8035526270982,5.67662766330377,medium,49.1642400042714
115.316277067693,180.301717657899,1.04531185623777,152.682433173808,54.27313189047,4.63306108355938,medium,26.6960821395238
92.6859494651247,247.260926945468,0.953708427369236,162.725042386505,29.4777278289053,-2.38695731480131,medium,20.2512635108848
192.532260244906,173.887177014673,0.941858136697966,157.755799773281,54.9855866242829,4.48299387864909,hard,48.7091082038081
114.329002107004,29.5035788891432,0.968490237724746,152.438506572954,43.6294701348572,7.36884344731411,soft,65
91.5473950179245,180.928814125709,0.923834276355382,159.191655579915,29.2654580969165,8.68488756791226,medium,10.403138230808
200.322333326689,36.9973511330989,0.863947035195289,163.172131169811,47.8038877489417,4.11335542105514,soft,65
84.7600077262629,115.822757937016,1.02794130072662,155.04372157355,43.2358329152597,7.75118157445081,hard,17.4733663706378
166.331616742955,185.226052896124,1.0124916910973,158.041831523408,24.175593075009,3.37384818252851,soft,48.9181239462763
85.7843817647808,54.5169784927159,0.90885303789544,156.000498282689,43.4125162177034,0.767485894575283,hard,39.7955282500845
87.6316602437668,102.838849235601,0.77612619125491,160.423222742949,46.3386229718345,-2.62338972295782,hard,23.6377141101205
209.484207658617,90.5979981987124,0.868809925025479,160.512790948822,27.9544252180213,9.25179511874316,soft,55.8573845309376
152.389305280695,156.306064443758,0.941411186202442,150.524142168886,31.4691965857466,2.64701507280566,soft,42.2984922811228
83.2189990233509,202.266763972463,0.83000476143352,162.769233804216,25.9112268569279,2.76130788305148,soft,6.77938998847922
120.689506303554,67.3246991314779,0.969827951697256,164.773103431449,24.8306626171094,2.10328419709041,soft,56.8141588471249
136.606970827958,185.893593076508,0.81860461811026,153.319822074456,36.1137157595575,5.06678288937614,medium,24.9266274984084
209.953834361519,47.9790498615424,0.975968920555942,153.447115133125,25.4217806636031,3.59967927015089,soft,65
170.453310035897,214.352569929445,0.865906853183515,156.647088101906,22.3586758710416,0.456669647138193,soft,39.3072243533589
126.44422639913,173.267903298952,0.863268459583621,164.632665353972,20.8723721306538,-2.98480650680048,hard,35.711499444552
77.4317017629462,189.740362461847,1.01128572108169,155.456201904731,54.0837328947248,2.50741400084219,soft,10.9101908270488
99.4886500070545,81.072385953194,1.00939804023171,160.110260417141,32.4335879291864,-3.62565134029511,hard,43.1039664364212
66.7799176081035,245.560706017015,0.768245951961969,159.689332441491,38.4098776128662,-3.84293899128863,hard,10.7210977894518
64.4912081912876,131.802224112909,0.875167986458453,160.580535369941,30.4826677780724,5.72814901895524,medium,7.37949603712636
116.714972934098,175.914230361418,0.864262739749915,154.842690180496,25.2738950165417,5.58116511101768,medium,19.4595804742773
77.5592294192062,24.0187165385511,0.913963040263679,151.147990623302,28.7628112451698,6.46009146949353,medium,51.1136506264372
189.184054751187,248.220873056052,0.766888201504415,157.889826745337,37.5766343239882,-2.35725157554367,soft,40.4173662607429
81.5140489758884,225.127616342046,0.781312624728901,157.45644296178,53.1538497553327,3.13116398800438,soft,3.85679716694909
154.907756319351,215.620921853774,0.788999346030314,156.636961834002,20.8419034094179,-1.58194701430219,medium,34.120036398096
83.5835252603161,47.2723787024755,0.81410521970676,157.803761226239,33.0671876678597,4.94028605044811,soft,36.6134893520988
88.0509711936331,152.825145333656,0.944968576267046,151.54647843145,35.7229672991178,-0.924936179112245,soft,20.7158709878606
91.0878289562704,45.4104590909511,0.803513246914531,163.892976470611,51.2403470043709,-0.219981660066448,soft,44.265539755665
121.296248730577,245.35162238329,0.910031777808898,158.229983370653,47.6384241649414,-2.0271749249898,hard,22.6835321999173
69.5893994475874,241.901665671687,1.01386281925354,156.073173726,29.4155597369776,-3.12225907508146,soft,15.8865002819073
194.106829778075,75.8351938309184,0.915463076009411,150.884072293894,36.3262746889019,8.16308196641996,soft,63.6419239827178
89.3279017831434,90.5472644916928,0.925694306990206,154.891930080257,38.3190029754263,3.00546993062333,soft,30.1030415943318
189.334525985916,35.9581832298763,1.00171287386368,160.39398825243,47.9712787424262,3.84551737846039,soft,65
85.0568305424539,221.336607925764,0.763029630672534,153.238259430007,52.5050238295849,4.2277569144233,hard,5.49362751053028
73.1995626131541,66.8870764044147,0.923053417415558,162.772966425751,20.1948797498139,-4.84457581318913,soft,36.274236449351
152.491678414598,44.15372229591,0.851572785479262,150.142627841534,53.2772243867982,6.7293388381126,medium,59.3110535374
137.1264262471,153.254983954508,0.985854677269884,151.42970691346,51.3938274731001,1.68025991966955,soft,44.960742320268
184.741301062179,196.505285648653,0.935013170879776,156.688638145281,49.9169757120878,9.22570258793011,hard,37.9845727610616
145.815660446008,199.328773198144,0.926298970183259,153.157886589474,41.1194032923484,-4.37463600380659,hard,39.3879209598929
64.409977657508,215.670774737232,0.999806295540811,164.973717670251,28.0554009919212,9.27857520843833,hard,0
189.461201859745,189.783302545819,1.02207050710481,152.396208576625,54.2470817565627,-1.04129537285112,soft,65
102.539760267983,32.1799868749407,0.805371921006398,161.983447668503,47.446404031106,6.7899888746001,medium,50.2121814500736
115.189622972546,114.580997939149,0.829274467387746,159.18660528051,41.8313715538063,3.78336002330645,medium,31.4400839779855
168.751976932894,208.046819312642,0.795833189868029,152.256518930787,30.857305633669,8.43643858743693,medium,27.7702886450449
104.584477535836,24.7680251410116,0.838280545689127,163.244924710853,45.3404547162447,7.08855332228663,soft,56.567352411816
135.848970091336,44.0763386020622,0.782920586048086,159.542436018062,21.6697621355162,8.68663351430871,soft,51.2051197275249
196.343851123291,153.960110187228,0.844523751446221,153.695135382131,24.2771601677421,8.107594834516,hard,42.2061954105331
185.093046657586,234.095125673615,0.872227175090257,159.78705206511,22.1515980646021,0.315093907514142,hard,41.039470567761
205.93731770572,86.6853182095373,1.01932223280268,158.745158841794,45.622999979657,-3.66708867031684,medium,65
187.770326280294,104.062007833723,0.863493295060744,160.940888527974,46.4792934509579,2.46098931954099,soft,60.6356765176569
127.733277589118,46.9584303062727,0.822269470949077,160.815442522956,21.2048824455466,8.38142136149336,soft,56.3845550912545
152.993883774273,243.322486243778,0.864862496412209,161.593701894624,32.4221033762565,-2.06327006143628,soft,35.0498402569017
123.070129494401,157.473164851101,0.799848301847989,157.832049790174,34.5042901895141,3.53823085742602,soft,27.2905693168426
98.2856708669743,145.647904140091,0.96662098309098,162.64198608901,51.6985276655004,4.33001530320057,medium,19.2899554621225
155.450520725456,83.3595585924231,1.03963361976615,155.597580804067,27.4619375682312,1.70453227073179,soft,65
96.4895515138284,209.680664788996,0.927210794913433,155.783084524593,25.7028650703816,1.1879630240221,soft,16.1632536305457
186.460283689361,70.2841157021736,0.782206644196968,159.790713297749,42.8463922113906,4.7963359581617,hard,51.9029102777659
209.923945126399,181.926762886722,0.861763265078857,157.332311024368,39.9137356781264,-1.23411198396818,soft,57.6079734992508
171.79007161672,116.892754786691,0.921279625883773,150.801859199579,40.3125549283101,-3.82866589024328,hard,62.1694866908316
94.0275158870002,90.1948089642747,0.777667034332188,156.126566676791,46.591998027377,-3.81391832546407,medium,32.5159792041691
88.6817118822143,132.874192901629,0.869837288615994,162.144457000165,26.6449760708161,-3.10079011517831,medium,25.6432842433895
200.869786679834,52.0004438367887,0.847680228956501,156.867433512654,51.6856854597445,-3.45659300679628,hard,65
200.05002428856,206.485683896141,0.781147148158181,159.692943072289,40.7830930601314,-0.496158713689084,soft,46.8441204349718
183.665601391482,31.9184296104491,0.836495000161408,150.265689589813,51.1901047338123,8.35426143321581,medium,60.8032605511694
102.371280934509,245.626267575553,1.04108181011594,164.66806291533,47.7719075618494,2.83446324148014,medium,18.0347408013379
204.448973824301,187.770231316649,0.923932161364645,159.090912650198,43.8022597033094,1.45484957104117,hard,49.2540398738861
115.881922833154,214.044477596443,0.993690536344542,156.918248938068,50.5419198160171,5.20320993480375,soft,21.7118895474338
107.431466880735,122.635285409237,0.833529601420712,161.328676422644,51.1447000289814,-1.38389890435806,hard,26.3880578786075
175.507743939682,87.5315495174666,0.883545155567096,162.220742617597,39.829683585389,5.97725747302776,soft,57.8949181660888
112.547723544819,84.0925382597539,1.04758705349198,153.09328660394,51.4448587401927,-3.11869415393847,medium,54.6328705400973
95.8323371149155,164.288248501315,0.762462115805403,159.016912048954,25.228229861625,8.95903670766185,hard,6.54485449055923
197.672386144155,162.603686303868,0.968436358892304,161.09700790499,52.0517687392835,6.50137108375809,hard,50.6889733853869
156.911436309633,33.7814368894486,0.981306640629925,163.555566442758,52.4539778446622,6.3713453701186,medium,65
110.632369061256,37.8836793778987,0.858229879754957,157.849967694906,20.5226900005056,3.49758203156598,hard,51.9263603800609
71.3712110637521,33.9876406733091,0.790253199287749,153.914402368985,50.1200095570408,9.89112507888671,soft,32.1508107574688
181.896567534151,122.170749608445,1.01862361345077,160.157083574993,44.7432895068419,7.05430702284991,medium,57.5666749451493
75.4860295270715,233.468659558457,0.935386046485091,152.367062344308,42.9188370737016,6.24276728122872,hard,1.95514675213575
194.356054829223,64.2750832613004,0.80561295404465,161.430264732714,30.0201794741679,3.96478160923702,hard,59.6796993396741
142.324962951648,46.2396929229681,0.754635289610023,150.888677456399,37.3989349558653,-1.70403220245381,hard,54.2852031068927
160.469877853365,140.437251812254,0.847299382362869,153.574013898514,53.1207917768676,1.15933068650241,soft,49.6236656938241
124.480805174614,92.2690814697426,0.815573449296987,158.124167893216,21.3035919779688,9.83464964690279,medium,35.9098485435279
85.9784613611653,230.074355443926,0.920524416235229,157.05687356126,54.685755814146,6.17653117536259,medium,8.92501129202439
141.431798907309,54.5735745713742,0.815669206355828,162.958912875593,22.9400845647888,7.70430059683623,hard,47.2226177383107
134.36134654988,154.758584371945,0.929903103159752,152.918981227914,23.4114159862863,3.89496746711219,soft,36.8471461816459
99.2822637678772,23.6236998648277,0.895400611086988,157.66210841374,31.3094017592879,-0.695402348290244,medium,62.0416866391086
207.526862628472,184.483981151979,1.01524907260108,163.617883270164,50.2276833498827,0.889424333931169,hard,57.720252075574
86.0346719261562,223.919663510911,0.888847596552691,158.84615815631,22.560189532277,7.25644972987795,hard,5.3947042259292
182.663381894924,186.968558527396,0.830993188573067,164.063535880233,49.7080804926105,-4.73587107414024,hard,48.8539559165341
163.865862977779,59.7647384921225,0.840914378313556,159.262913519134,54.6226710270503,6.74203785459352,soft,59.8501330100643
151.824823292162,79.233600623971,0.973958282162627,154.862386540045,45.8021926764028,3.90796152389049,hard,59.147992077987
164.642473555675,27.9745924499463,0.88646307648548,162.190629841731,40.3943624974075,6.86655497588605,medium,65
157.153902325373,227.656592907725,1.01631966555594,155.483170230658,29.8984446695281,7.43041485117641,medium,33.2072439318452
90.9029456621991,87.832282022627,0.977055773440267,150.92222685785,25.3974353993541,5.32604048979432,soft,31.8794988584478
63.4125813725771,202.192408812384,0.85694208897414,153.24600154333,42.3876564451285,6.65531031360978,hard,2.91790076526778
133.912479192697,42.6789373342577,0.951367523298496,160.910167930481,53.6047548388109,8.08176353635259,hard,60.0127711884232
71.891558542521,131.146763349399,0.752506680966395,156.094134778639,23.3433784127862,6.86620595180902,soft,5.93043770090875
82.3791607841453,86.5440419849254,0.798676154763472,164.289713851267,21.3209742507331,9.95567249538202,hard,13.6158796016759
75.708067430374,213.615899335351,0.823900444848195,158.486741456301,52.7978226237511,5.07451352770264,hard,3.84946111753885
103.733292926635,81.3364477834001,0.757307109631559,161.626513071004,45.2814816879797,5.12613185884069,hard,28.7044693685994
190.962509644649,215.236434573905,0.756281167261059,158.711859619443,45.8196299133531,3.58143260178599,hard,33.7540594624318
143.423429558884,47.0030443588981,0.953298493839794,158.204638143559,39.6256171918138,-3.45298568302029,soft,65
71.4763074519626,198.760879928622,1.01445584235134,150.5158639092,52.4333821455501,9.03148383735861,medium,4.53538443295184
75.4565996951191,22.1758350586176,0.904825092754354,151.626053151627,53.8121334931132,-0.484340042087599,hard,57.0083064218375
93.5334024244778,118.786772740537,0.982156891992678,161.050758810626,42.6576876046146,-4.91090860122902,soft,39.2284968481592
66.6307863773691,191.261749046427,0.839999944185056,153.496473480713,36.0741642762061,8.37654708251481,hard,0.894756124582695
135.638543379926,240.952675312823,0.961876986285469,156.459214396419,46.7194064857559,8.84591346634921,hard,22.1918159605802
156.962233314577,197.602568404318,0.990044513734736,150.224250028746,31.542549048978,3.81258553220149,soft,44.8223156141173
96.0188704435963,227.155996273799,0.778915983274792,160.098074121154,21.2093865424217,7.00280350452348,medium,6.69603217150464
135.44122084887,225.525942381055,0.964672131888399,154.989993936783,22.0923193671866,-4.81401239439501,hard,34.4168122539139
116.910630208007,170.401178160882,0.960018076892287,160.247278745722,35.5621334870447,0.696258270491756,medium,29.9944534297307
155.979694532024,165.837184078155,0.864353920498765,160.636627800392,35.4108133938584,-1.70877393353327,hard,41.8923278402077
124.316592855147,86.1599210777224,0.819714507261359,160.494891188539,22.6609786347004,-2.92204217944061,medium,44.6105634918174
179.677513622605,91.455780569925,0.767475424676416,154.427298099886,43.5091878307743,6.45457771920867,medium,49.3713139009583
94.3266737114011,79.4232328562048,0.825180843465063,152.444932753458,37.9110298555778,-1.55964096799128,hard,36.1829716390762
82.5381159359137,79.4662327936374,0.980458873740313,153.894492112099,30.893523881464,8.30776421165222,medium,23.8402180281243
98.5454654924203,149.576771641637,0.945325564284307,160.671754560794,31.6593811906242,2.99786593111485,soft,24.8741276838141
117.598069987146,198.414639719388,0.959422923549057,157.815125711551,36.7102804805764,2.91660022354887,medium,27.1647344846185
161.370976362168,33.9496672384244,0.901102950521999,150.873762997426,27.1794518182747,9.56132957786601,medium,61.3965919022556
83.7017212588064,93.6317214856429,0.818046315351658,164.954690665137,43.0334708005356,-4.88448381980302,hard,29.6376054634177
109.19023571219,98.1281081971974,0.915251489878497,162.530649377091,38.7748834039145,-1.16715966010466,hard,36.5528317690998
185.743066616717,210.491247551455,0.795507934315821,151.224924156802,41.7169426446802,6.92679024853559,soft,40.0163586398388
127.893892698619,23.357957878009,0.785753263931517,154.955840654066,54.3399685282108,4.89128420172443,medium,58.9943424619856
134.133390417482,56.429861401406,0.819423021883555,164.162886573272,51.7612491368221,3.91044121055294,medium,53.239538808447
121.947464688675,92.7026932465614,0.932536800857433,158.512526454941,41.1184259890964,-2.88804956280682,hard,48.2500844709828
72.1623424428069,68.0431022765279,0.990908331115262,151.069239007238,45.9175779203189,-1.11757977688313,hard,29.4296802121719
151.818741392762,104.790512027983,0.925358396105417,157.785312139935,54.2416047579773,0.987530666404489,medium,53.8772823665765
68.5872751273966,167.354945247787,0.98781089349227,152.066723023276,24.7765662058887,0.82054286558908,hard,13.4957955156004
153.872188469789,37.782641823871,0.894104662076094,153.24292335281,32.3463352278883,7.84407096654498,medium,58.7620385046933
157.376026200903,78.8169882275913,1.03646882903544,154.168527848006,39.465063987768,5.15481426642638,medium,64.0930808992436
60.7037240907375,70.6668658322608,0.886068749798651,151.415337371264,44.0615341181931,5.23321476986551,hard,16.6061009036331
142.498359052942,65.230977901578,0.811108970184231,159.424412960968,46.2667855547872,0.91088359165288,soft,54.9623083137697
205.050674401668,32.8350117884847,0.841846981521765,163.447993896729,30.8885257084124,6.03837331528885,soft,65
93.4541581035622,37.9702019401194,0.762030700597398,152.413508154599,37.9656761592214,0.654450112459118,medium,42.6394219546339
201.933547096319,108.141858281557,0.855701776466375,156.183547296808,43.7721634063374,6.62839613873736,soft,57.6138558242592
187.16016027505,177.919688994146,0.815319479715717,159.053703220499,26.8183861124008,5.46426669441434,medium,43.1641015757909
178.517419734113,148.259545268191,0.931804046624945,154.856048007422,27.8660347159276,1.24535752181295,medium,53.1576914527088
172.321187338066,83.6315744593979,0.967526679200655,159.547031480051,48.5043844915193,1.6241665503002,medium,64.1030520736936
153.456043904455,76.1260084487161,0.759228144767964,150.160671789808,30.1278360423839,-2.92389657025749,hard,54.7070862258604
141.863458821985,171.269592106613,0.831079138256785,153.747503900711,31.0904015026383,-1.9292514862241,hard,33.6518414640018
103.952521479764,25.9313240930861,0.777158419663374,155.234758173277,21.9757291941991,3.59559042999382,soft,56.410166094432
177.525827900458,178.115259402863,1.00531930598411,152.072752447733,54.9118176834041,8.98206181780787,hard,46.7260976693369
174.24116413389,29.9852932198388,0.921616007571482,157.326732621365,49.87658098399,0.00273804866058569,hard,65
107.837253871559,91.7778833513144,0.915921664385599,159.676982115889,27.3333277952605,8.66524800405262,hard,31.156408126662
189.202584728637,25.905240299599,0.921169901507249,159.541597555115,48.7495591142671,7.5747772723596,medium,65
193.58059777895,195.624649111607,0.86263481541636,155.358862416994,36.8047912932993,-3.83333464605609,hard,51.5344743480742
206.645684563831,166.105803317392,0.776111048507816,152.618357688864,52.7132101204078,2.05252659178199,hard,45.4504810512726
147.618832161713,119.398657067988,0.790666263233998,158.08061662494,38.0668908280239,-4.80452740344894,medium,50.0158735234983
197.565625879985,166.771631888782,1.01880662149857,158.766612789957,51.3637886706078,8.48670847819173,soft,53.3566838023348
144.088400182339,201.419435904819,0.916778034625635,151.902779426483,22.1845951116826,5.62332161558699,medium,31.5472250123418
107.481400058766,210.532536876973,0.762387333066563,158.662674256349,43.939643469885,-2.21406450222452,medium,18.8237061064886
166.719897582507,32.563681705772,0.753945197873532,162.707358865523,41.167275354525,0.777337873232924,hard,55.2503369696417
126.518419324548,96.7016117777975,0.867507494009496,161.01404201957,42.7219805243975,0.0839497461030172,medium,43.5348904064909
144.103476038632,157.355196910982,0.773340079763747,162.425078252084,20.3667632297401,3.09656493386649,soft,36.0462019945821
116.107512034907,226.980376812667,0.91842348608757,152.244468349796,52.0452108217248,-0.799323398826502,medium,27.2850617619332
205.755428626159,235.949655000455,0.902558865695041,154.339688273024,45.6788072017033,6.62437446405736,medium,42.2731705383609
106.079737328548,130.2556920858,1.014641886778,161.215604550168,50.0950982942643,-1.55342303478782,medium,34.2075179152117
180.901162343672,221.580464621703,0.938417538492243,151.191345312991,28.0018119812594,4.9068148307448,hard,41.041975296277
72.5275236349403,66.6700874408658,0.770621023189311,151.344303864995,53.4816397284353,1.14046321659577,soft,23.0702898251113
138.422907975845,48.6144672205201,0.897301928241939,163.809537442568,25.8287730878778,-0.977018590625346,soft,65
133.373171805452,142.068047153212,0.918407899326323,155.153483353954,46.9306790298911,-4.40256180705827,hard,44.5878721085879
62.041130094488,236.06815917954,0.932222194620174,151.058196715296,21.3388498079458,0.964248131886382,soft,6.66127588277772
86.5851880974972,244.214462651235,0.946567941834933,152.647054483748,43.1372447670848,1.37907326735177,medium,12.5514842127221
118.054135480971,136.172182657389,0.764986717453471,160.802361023598,30.3329308801088,1.06967599731749,soft,29.3958439283756
131.026632368795,76.7312849914462,0.900077488122137,163.095656761492,37.1306219142091,9.60361369676951,soft,49.9439621363904
161.97260989579,158.209650040952,0.890141462239764,163.021353536264,44.0240461943851,2.45085374465488,soft,45.0666791424823
124.984181684367,117.394000738311,0.939014903116632,158.733045894873,24.7690929633794,5.48530535969348,medium,37.8348227943324
172.933575594342,127.861132121005,0.965379279893584,161.727958510741,35.5385559813431,9.58489990638039,hard,46.2577450112758
84.2678965321582,174.442198037314,0.805855775522593,162.657009585554,27.3173847458845,2.90092142830762,soft,11.8536562436404
144.316695625075,180.204019454168,0.933425570146367,160.92111533079,51.4501497984809,-0.962576818068688,soft,45.0365970629526
129.782563680315,240.709064225743,0.817781326425876,163.799421350627,38.7702403562011,2.38286130099108,hard,21.2489631146428
89.9119239812319,63.974694663899,0.89098431884913,157.455444921981,29.0893588801838,-1.45453672657817,medium,39.3169411983909
107.834534383123,132.502287782118,0.88622782456869,158.657432055759,35.2522263247301,5.33479997408811,hard,23.4451789315327
158.111532897721,138.127498627191,0.813202439140936,163.260340762123,28.004918505612,5.80855427389649,soft,43.0970105551014
185.791901737143,38.6107849422734,0.98170568460698,157.330862420212,46.0486031191774,6.6317424595679,soft,65
90.991134763417,242.754138816717,0.782213865013331,151.70779714239,33.6401966647924,0.404285639430876,hard,10.2551589012152
109.388773592145,161.025723942546,0.910202985944826,158.927639979033,40.514511539277,8.98408210517317,hard,17.205332018785
191.830684162231,173.256580089809,0.851865713385942,151.970249623764,35.0730302415581,-3.56690562282108,medium,54.596166575091
159.091594523368,231.874709168474,0.860620481013398,150.279707375611,21.755705391158,-0.362441267880918,hard,32.0563347246543
150.906798152877,105.829181868753,1.00956030717501,152.073518162805,21.6783976022963,-3.60525680062188,soft,65
162.039671412911,93.7744749723029,0.837404190445115,151.704333997357,49.8325310352213,2.15275141835845,hard,50.6318471278404
141.174383105363,136.291574947911,0.764866054771207,153.648262845506,53.6316026198139,0.444285324439782,soft,40.2230782392793
113.154765313488,199.461214900985,0.943408430496873,152.797531752055,41.6442091305359,3.77772342133032,medium,19.8075003719557
191.884356237629,234.278452918195,0.931405704285411,161.921227518479,33.135492015303,9.94781371459459,soft,41.8767017345079
67.0796630456956,133.500905388161,0.875988485550189,150.445042307028,50.5957588665417,4.10988883445477,soft,8.55576519881249
165.2822205594,23.7449148473947,0.755996986944996,154.275090653094,33.9247619730574,-1.74945931800335,soft,65
143.803806086239,234.031529695431,0.850812487955176,155.081803767856,48.5765459117911,8.57618973372034,medium,19.47392419253
65.7867367206399,230.071142466464,0.999623308189071,155.694439339439,36.65095625326,-4.89897064105146,soft,12.722687237191
136.660505142738,205.527213261218,0.861059091287855,154.754096729821,32.1809584444477,6.9984953335629,medium,24.5384828009595
138.304094298101,235.54428459784,0.756675601632544,160.275148213757,49.6571876368125,-2.49005356113939,medium,24.4104928769511
206.539246571778,230.667288381448,0.774902644367624,154.586797586467,51.4299791467864,-1.50399316481604,hard,38.4415405362605
184.706541511599,130.143080774747,0.928361357696928,157.923953779767,35.1753201851658,3.89022352550248,hard,56.596940024931
162.092517979859,193.812630593641,0.769562432861883,160.27045828305,54.1729429669355,-4.25312322594823,hard,40.8199648738246
71.3623240543862,34.2415454754636,0.901876128661567,158.417739773001,46.4642362014779,9.51749980558484,hard,34.3382578009463
194.416094083599,137.764530079799,0.863775355834724,164.644798131059,36.9450113307315,-2.4206392599138,medium,57.2847061961494
60.4671925110477,128.831550329526,0.786905521097088,155.137276882316,35.9986386200265,-3.30786784857651,soft,15.7811984976674
193.258839502924,148.107696544358,0.831384916733388,154.018435104716,39.9877353671049,-0.696145476301198,soft,55.9753672610664
186.109512935697,184.741427316773,0.994348713132253,150.50835462358,27.1187663527557,8.83371378476334,soft,49.1029421766757
191.757552619267,80.3153460661738,0.766014421385129,160.370094278561,36.9423294178534,9.00416887499985,hard,46.2817357488382
118.644379076764,187.186906678955,0.883848391854798,164.776479084534,40.4135988018113,1.97088599550194,medium,24.358797150717
180.015504740736,88.1504177525803,0.757115345938378,163.995508219864,22.7156881316591,7.63437644591883,medium,44.7966108979696
130.233169380108,104.135339577611,0.887628497150976,158.867192251921,29.3560685029534,0.305306881371881,hard,46.5176969259786
71.1681605790274,194.746545249259,1.01335008988707,153.408246788888,25.658743444712,-4.47760564837803,hard,14.1761301104953
192.61714258409,73.9791978122113,0.820198556782327,150.632520884157,29.7664275755362,3.54512567931693,medium,56.864446486348
102.332087578971,160.247237634197,0.783080320048481,152.356417966055,46.4429298782863,4.94162398169076,soft,18.5242211695507
170.610887670171,32.3585947984517,0.79957522531566,159.682919068151,50.04877861138,9.26995765649649,soft,56.1424154574234
115.58381004814,200.716505823987,1.02551067655931,152.169328182543,26.9147101634172,-3.41044812634048,soft,32.9416543402028
111.432655588413,78.7370302258029,1.00860029727821,164.670451985341,47.135964656105,-4.92413593638907,soft,55.7031626152671
65.1230752448297,155.465464694548,0.813490285782811,152.398091944305,25.4649222374638,9.52786407536554,medium,1.17132723122478
81.7178651820209,168.700095827164,0.84172562352514,155.00501574842,47.7390891289287,2.24965894626015,soft,14.9633462322508
111.187485888182,140.817346174386,1.01269622792315,162.274370218716,43.312190203005,8.5101064639888,hard,24.4547933232659
119.403428930862,153.260398636541,0.998151821193178,150.562345767411,32.8071156822294,8.06592131070359,soft,31.7975396993797
92.5774413073801,147.031794192969,0.8038781203907,162.796932473487,44.7797538970442,-0.31592370299529,medium,18.771568226821
123.236116154776,135.632773128741,0.926910082536144,155.286557489477,48.3794228549118,-1.04444596687977,soft,37.8722380229384
67.2671298202852,113.962573315786,0.789624491203855,155.727059022102,32.2218098933674,1.05456714136873,medium,12.8979825998373
112.000740317089,232.21295833039,1.01528679559808,152.678252379808,26.5657032649383,6.08165846393829,hard,20.6376091183197
203.623151028735,206.756418507402,0.783462779364396,160.976493349261,54.2679197395075,6.2434698622964,hard,40.5500925059394
96.5332866148081,125.797799969033,0.982300978407919,155.483806869112,35.3368256419249,0.2405229265653,hard,26.7427270602718
155.97731040444,64.7773149703958,0.898473741397668,154.368999178076,46.2523364213269,-4.77947523383219,hard,65
74.764675169966,96.9775277519933,0.801987915314267,156.686131546346,35.4840970247023,7.45571651085492,medium,8.4970866461564
86.7946248733762,48.2290566813467,0.911142436860751,158.753874988946,37.8070068959349,-1.48370166001501,medium,47.989563810556
194.193076367953,133.148668333668,0.824596418168427,164.432377975754,45.3473821759587,4.38680427131106,medium,51.0129515171923
116.043146110029,137.729719616244,0.816236320396255,155.338826002911,34.9546135201134,8.44578994422527,hard,20.0315823795632
176.739460172292,196.022410339851,0.987787736491753,157.676064300403,24.0228242258662,0.856021846585349,medium,51.1874385320462
139.601671384485,31.1759149118414,0.866666614120366,158.477175359234,36.1856021955743,6.67763959396463,medium,61.0422169973615
175.933434133168,234.112037186922,0.811075192524384,160.257568146372,48.6196815521988,6.37778167945466,soft,34.1806837448345
138.587928109284,191.718507794217,0.983552734559044,158.131699017068,24.0234331226714,3.65018003460124,medium,33.4484620330252
161.835684908363,32.7969600853588,0.761195169488611,151.516209571889,47.4258098832474,9.6239133225448,hard,46.3377794638992
68.7355737588359,123.461808162331,0.815529854283517,150.40571898425,25.2798874022694,8.10194959869612,medium,4.69387735663893
139.088295655849,123.8522970624,0.980217423253416,150.041087183746,31.5563016799852,-2.8287093063726,medium,53.3824765674894
142.012873293187,100.886412487051,0.974347638112081,156.108444550611,25.9557518783491,4.95725809823861,medium,50.4446601804088
119.940470672387,74.0654462015776,0.904040322262632,156.854692878033,39.1950186237486,1.32556490534816,soft,55.1720714612642
205.11446099984,113.88239982311,0.824295820339251,164.58708362432,39.5886505380473,4.06310101230273,hard,56.1300536967166
130.988282418749,152.349985153514,1.00645894516499,156.591488541573,46.5458924451521,-0.904487750149323,medium,43.7328252977497
146.639713250452,48.9654629428934,0.981866731799686,161.916239810942,22.7102103925091,3.14298205566634,hard,65
98.5911921104989,92.6988785815111,0.999338858441371,155.730650722034,45.1679571763592,-0.399640668023141,medium,40.7750507374414
97.2072825741282,79.286258191535,0.968137186576736,150.575843549487,23.1537333716108,6.77625660456236,hard,33.8591783157408
67.178486649193,71.1641068254002,0.814245957109159,157.361082784459,20.2555601320373,0.705761960132872,soft,26.3336327071127
172.402478009758,176.214489286173,0.891798893491974,152.86123465853,47.9194405404814,2.11774712597595,soft,47.9877250212814
121.94452974376,29.4025586691142,0.778023204152758,161.42364294322,21.7316279726393,5.69064871354744,hard,53.2767192933151
117.143809580831,237.185045298181,0.90869546438556,155.586468065985,33.6915530389131,9.01930847862758,hard,9.93682554935517
159.215452876532,55.5220475230698,0.973694875913255,156.134176397613,33.5598947738689,-0.833699787793209,soft,65
160.738352362332,224.933412406056,0.997782982940716,150.832442957041,29.255477442829,5.94364168211071,medium,34.940218740082
74.7672158399598,63.2752701258462,0.851745719930778,151.572211187355,44.6562414473013,-2.4604724165185,hard,31.2021296993696
187.395768534653,129.171568443803,1.01553328931334,153.101229484791,35.9490171237215,1.19711900926648,soft,65
87.7666027618448,58.0869651425402,1.02005724030926,154.861275133753,52.7881109790616,3.02564831570282,medium,45.1679937537277
119.830805565934,42.6842531124684,0.866948498236247,157.237626515624,50.3284779446066,4.71985031253653,medium,57.1878605671064
174.369798498265,49.8161922809755,0.915117992897841,156.946264721212,24.3850202304878,8.01607787983684,hard,61.749032901447
106.38068854163,174.651202801312,0.997931234762399,164.797531151501,52.1115119606395,3.68312973067599,soft,26.1380674745145
74.2847074238542,160.445889899649,0.770272545155447,164.585696088455,46.4444033298777,-2.60319743075889,hard,12.2923827066756
61.2039005196117,195.019539181037,0.870478987925709,157.097915008038,27.0176520460447,-4.29105427527836,medium,9.91088256976906
166.856086300683,188.006620734331,0.868069427981199,164.026367992166,29.4203485738009,-1.12447541529933,soft,46.1685488084222
177.632517438238,116.925859855663,1.01012153120265,158.177721138572,50.9493315406089,-1.26142625404985,soft,65
96.4471647994938,222.994828970292,0.959374379600239,152.486250280339,47.9220606515549,0.565280658098351,medium,18.2234605596253
132.840522034028,70.7780717641585,0.795717982380275,156.137045116845,54.148402812989,9.32054761448485,hard,39.1330291369351
133.767344109424,75.0356266849594,0.860760061289957,160.415958222245,25.1953217705459,-1.20591812664362,hard,52.8211617587867
207.724042476265,190.547207686276,0.81411389075758,156.596604603794,28.4171635375107,7.12686502733413,medium,42.2851956641388
98.307893055103,79.6377967122434,0.780512046441798,155.055090063935,53.2489122159466,4.71483956601386,medium,30.3320068770653
161.583475319445,40.705476071277,0.890161058857442,161.749775051532,36.1829380313794,-0.317430578172516,soft,65
138.16332468133,41.0935025472385,0.750159610564453,160.396929462606,54.9101600176785,-0.888894643938446,soft,58.1723424885675
179.066159899418,115.064532373486,0.756231994836492,161.366318091093,54.219723713834,1.32898659192353,medium,51.0183844113595
106.6386315744,200.259523493462,0.766752369394768,151.114587793925,49.792535100126,6.38683045651814,medium,12.0460399223088
154.783772316245,100.25069513041,0.802108365303486,159.140558204016,33.9397018036463,2.9000219127746,soft,49.9672206646356
147.28880427895,195.724687140872,0.856010698522337,156.962109029007,43.7907416416313,5.62458452083774,medium,29.9621168719207
189.574421494701,127.534980337989,0.906119162862031,156.428430238043,24.4734693449184,3.32528784597141,hard,55.1229976562758
105.636283389056,149.729305337945,0.854346542688404,152.303039292122,39.4374423313371,7.649084773534,soft,21.4577670559184
207.336244119407,217.064453068016,0.954978690734667,159.994661402728,42.614682965027,1.39295896507681,hard,52.1512649239926
64.1066141539264,186.976912812591,0.918081679261669,159.5498491668,48.5425455996227,0.954388177202301,hard,6.54307215479966
151.92907794547,103.02670462247,0.901861172945666,159.984622798983,34.7972395696715,-2.33782817232635,soft,62.872825663967
86.8369913438041,157.5382548332,0.859429667520997,151.718854717789,46.244265626278,4.59138695261242,medium,14.0820422856335
88.6711768802596,166.392173383249,1.03464976108841,158.861769533524,37.2188123797273,8.67121950849057,hard,14.0885645329515
112.955916900903,120.95686178245,0.780103122344244,164.514499806115,27.7391746474074,6.54738848757407,soft,26.0667439445049
132.655323029152,21.9291719688173,0.958267611769447,151.456814528632,34.1812555996724,-0.585784333262386,soft,65
162.254374674326,179.281068643717,0.899410714318378,153.569699612562,40.2839233747556,-2.82964894707337,soft,48.8031667336645
104.179393501417,102.515609030124,1.02659836101353,159.256277187154,54.5578560545368,0.489816223374409,medium,40.7020089792381
199.584244083401,94.4309188344956,0.859908778609456,160.602204611084,37.9088741583848,7.20620893227957,medium,57.2940195833653
196.385313499214,93.9544870114908,0.836724038175367,161.397329784888,23.6368712450197,5.84882483173982,hard,52.7292768408353
144.715194028588,109.852275990321,0.775851315431126,153.367106978084,34.2935347654963,-2.87684699098367,medium,48.1961832561502
201.539450773687,100.073505334215,0.990176268386839,150.066785632661,38.320791216006,4.01553242871184,medium,65
71.2138812164233,92.897426554514,0.935503740700273,164.80063579733,21.9705388134164,6.26220853700792,hard,13.3969254718372
83.6244436782568,159.662069462642,0.954613907052122,158.635585610113,34.4395397877379,-3.63538151093558,soft,24.9166064004901
151.160424008653,98.3009490840809,1.03581157889294,158.533465888978,23.3036579620445,-0.807368337851521,medium,63.7021971305756
179.951123895546,155.613501387219,0.820682743847687,156.721455838023,28.1348802007866,-4.48033250901623,medium,52.867530102177
63.2439146615854,188.52050050619,0.760990985269077,161.456567868245,44.9661521233346,1.91221924566376,soft,8.96048273973829
202.018715082264,28.8933497371198,0.803344898540844,157.660937759799,40.4662346390997,-3.09979634819287,hard,65
199.630555303973,126.940527823576,0.841967138277953,152.828312029753,36.6828827520422,8.36815657920299,medium,50.4570569086022
182.78045618066,22.8670572908217,0.822600506736872,151.685892404029,39.1504971797808,1.44726615375799,soft,65
174.32923329711,55.3272727526499,0.904515635258832,155.416807301993,54.5586870273225,3.9788887326867,hard,63.5802494802385
169.054356086922,159.392788549758,0.880196482165269,161.360362572954,43.5147855311129,2.58690299931998,medium,44.2457488562034
92.5468102856202,65.6010439692599,1.01967613648698,161.928830290694,49.0095480530137,-0.562285842529577,medium,45.4752408739954
152.334336810729,104.765205010143,0.893843286739078,151.593567737728,44.768266465608,-1.70033261984009,medium,51.1036608558474
184.229011636682,237.906792830396,0.98695078947087,152.222303481531,21.1823934082528,7.11501631095434,soft,44.4717053631658
111.568031447993,246.40836889584,0.777334782209582,156.93031792947,32.9326834503714,7.03572265217957,soft,10.6911585825842
206.969120815283,98.6560454483609,0.913053870551223,151.001356448397,35.1428130731378,7.63551718195324,soft,59.8474088127583
109.438025096366,236.736830346395,0.987773221499079,163.33641281377,38.1392285705296,5.87282404928222,hard,12.9247466896019
121.443530640929,69.0608854456699,0.95087555869259,160.033503594763,23.2518910415883,6.92757961424764,medium,49.2908733386759
144.125626689727,44.5940179116574,0.857170984917828,164.246057467516,23.8502885862588,6.17916143230642,medium,57.3006189694891
138.307510697049,29.9691864554551,0.854002415672141,162.056072161408,42.6597116578414,-2.93437798241693,soft,65
198.948802091011,202.310959835522,0.966665149473294,159.472611009574,38.1017761250074,4.46687391980714,soft,48.7632826798275
94.9798339828673,138.820102500661,0.808423673463748,155.754045298247,54.5108439021771,5.85205394890582,medium,16.0900542712597
163.982128192448,142.769916687395,1.02679010937089,155.694148701488,24.1821285243441,4.46853390779274,soft,57.6853009280219
198.9853037864,60.0987518665302,0.8355166684442,164.450721993728,38.0889371509389,-3.43791889277424,soft,65
196.352063589782,114.177482794662,0.756733487683793,157.036189975735,40.4832083265464,9.13298885330781,hard,40.9672564966926
202.680055507426,225.860584202637,0.972124204803945,160.297694037074,47.4192610435134,3.35909306388827,soft,48.6545799435478
111.089883709149,191.63944418955,1.04955601575753,159.31760247215,41.1413038814588,-2.98849353533436,hard,31.3889540336964
191.101518191699,108.885336561585,0.922213037368771,158.875457917146,42.5590687168018,7.80285091856706,hard,60.2269333282078
108.000178764473,44.5111368951946,0.829999240453189,159.605945543771,28.390614680338,2.89279936208812,medium,50.7721157061412
146.858160213545,195.582837785415,1.04131850481457,154.194230106897,47.8496003000994,3.44973120736022,hard,35.030143138274
113.282423576971,244.03507211474,0.773451452968723,158.156982348936,36.9400755965922,6.46141184928328,medium,10.4611112543693
112.426384777982,27.6731144727386,0.872407148138358,163.314878645653,43.6141197302622,8.04785049971767,medium,54.9940909532163
98.7322976147261,115.977797180665,1.03679627455211,161.603811640905,38.3499217295796,-1.93897062803133,soft,40.4645560716094
74.7592551147203,116.393379024655,1.0063450526148,155.126192944109,44.9958353494692,-4.55706154017435,hard,23.4274532929296
199.541409864583,103.057717492108,0.804059296616465,152.123241170689,53.1050204326976,4.5711163055231,medium,55.4084474236904
148.28937452454,21.4736338338998,0.972462094932921,155.581402288145,42.2099974185248,-1.2086469458987,hard,65
201.587069042554,89.8712022666818,0.82522134342684,158.888472003875,31.6832117344885,1.75108898583347,hard,58.0008681578485
171.410623591256,198.881709194589,0.856877222426931,155.309664879139,21.8272128396758,-2.41853621680103,medium,44.9008419447564
187.716759701792,95.8212238757954,1.00689895498849,154.892720075885,29.5608026702998,9.33921356404231,medium,64.134065048799
110.542880625866,143.594158708104,0.835140772471695,160.935575482418,26.332068925672,7.40824764177125,soft,22.8729412106743
125.667482915906,129.598246803946,0.86635580290227,158.550439382883,31.5242294058634,9.77406828908722,medium,30.5433617646315
104.892071606356,94.9807565148705,1.00684874201659,154.193869892171,51.2590942458987,1.84475949877503,hard,35.9504943686553
155.332967228493,43.9137969555779,0.978262801938115,150.664605973307,51.8582038092271,2.19830576824572,hard,65
118.572786556246,195.739471736188,0.822464717196813,162.213657948757,52.2794747792342,5.78574604889588,hard,20.2522718789434
78.0753121995312,188.771871638119,0.985203246257387,159.930386341374,23.7042226941729,1.72326214084724,hard,11.4723176284731
67.5807285884797,91.3852977650617,0.950901140693297,162.658375172951,49.7637092475679,8.47432453023172,medium,10.4812911394468
110.588707604322,47.252660569768,0.813695851243556,157.033631456059,43.4244493744706,0.0100555924259051,medium,53.0018107118585
138.266056028933,114.167159174449,0.875472470105471,156.214587193827,41.2722185252832,-0.531842362459633,medium,46.9451757763912
69.5473310963927,209.825483421405,0.872055182290566,159.715521352016,53.65074874352,9.86166691964792,medium,0
102.251484752422,22.4676710414081,0.821489714067088,162.902607547531,44.4983474625282,-2.44599062543937,medium,62.809402446122
186.262899543564,60.5792615236487,0.75147166944109,158.711349431096,45.0769928455821,1.25471510606169,medium,60.4781172742279
63.9903976711787,119.863001649911,0.846868998572934,160.453815228884,24.3766503610332,-3.0564059996586,hard,18.6997586288454
126.998157786261,31.8406922164715,0.869595679077368,150.656415917347,33.2150356090594,3.58044768747666,hard,56.2734927327239
78.1896270924974,248.342564531464,0.911079761791039,157.906152358285,48.9681531307248,5.22095972429682,hard,5.99687288157889
124.854299343194,111.395626025603,0.776786347222667,163.664075664879,23.1671512733566,6.19300684844519,soft,31.4175518094399
188.084047069814,174.266587076198,0.884107518442678,162.94359921087,33.013674320614,5.63785257139819,medium,43.5000174210356
197.375347732126,59.1052888146191,0.855255967831353,150.275245329832,44.3954697291308,1.41691741012,soft,65
83.5346517613616,107.533336912026,0.8800948103883,161.601205462683,49.4821177754501,-1.04527464739238,hard,21.9033618696017
192.807583572776,162.913511933268,0.852788216672679,152.700408162763,23.3542731946033,-0.102867818942729,medium,51.8460085681467
98.4991358874387,95.3159183258768,0.853845844512436,162.550502303159,31.3080528322893,9.01075533101737,soft,25.6755789600534
96.1817154504655,233.431481767992,1.03535904047952,159.848711775137,45.597042050762,5.76408234813798,hard,10.0818193136055
191.424537264329,83.6046039358929,0.929782618646992,159.489277172692,53.3997198737744,8.54867776940909,soft,62.7977973092137
110.711295100423,111.945233635184,0.912063996851926,159.111512344025,37.2117981035755,9.91371314033787,soft,30.6811245436184
137.729680357464,230.962160813172,0.766432876558313,163.021391905626,32.354439695839,9.98463405653589,soft,16.8790163968399
78.037388880188,67.2449501084301,0.777480569084968,156.393146301335,25.3675747147588,7.00920666577565,soft,23.9474727236891
193.774606943434,209.183229873544,0.99071398361797,150.712229043016,50.6291868423157,2.74523253509772,soft,54.8659974217058
66.5152422680087,195.186064634309,0.826899962940002,161.879067407766,42.9945383105798,4.21321624473142,medium,3.07526535995511
207.871684884586,248.80856384447,1.02662087166244,164.194516593715,36.669495075874,-4.43875826568477,medium,59.2084032364608
80.2120387468149,141.167650307027,0.958655967359772,161.885252405659,35.4495404972676,-1.63901755828873,hard,19.5238518082199
93.502230052396,197.012064192456,0.805511322441484,155.213758984703,28.6755483850652,-1.5371432273417,medium,17.006515693141
75.8258649198098,137.205137897784,0.805925969875247,150.893661769433,36.5209376319354,6.77780074810226,soft,7.74432514372183
181.160556423843,117.455493527226,0.836020263156842,155.347376698703,46.1039574062481,-1.83064627043473,hard,55.5493762174905
188.709734946654,65.0615380200166,0.903425726179139,154.328393163686,29.8204576955176,1.0129690844268,hard,64.9724938270564
157.193934580745,181.169341819835,0.976154346423143,151.40907414075,51.9379739096342,6.66228422904014,hard,33.4166087154964
177.930773167616,112.700535125106,0.781797054641995,154.062459027546,40.0535034399705,9.50563128745055,soft,46.5291479939728
111.553456950738,164.530694794087,0.93607640248857,160.999514965434,45.3522946400835,2.00884912172591,soft,27.0207396558567
201.282834279146,90.0028097282122,0.953637406819098,155.025878215953,20.8160055147295,2.39331102912701,soft,65
156.035187299468,218.250545898801,1.00349795586729,163.622055797167,42.459909591393,-3.82034936378873,hard,44.3696885011121
205.04086975141,42.6182585994896,0.803105063676311,158.404062643035,54.0371922767223,6.76407576453473,medium,57.7747130151616
114.532066505459,71.2391120892736,0.947509784189319,150.579344472589,27.6252868358667,-1.09345390149254,soft,57.2377041639436
70.0888099844678,217.493132861165,0.806053071870774,157.518700836939,51.1228224170613,-1.44520903664213,hard,11.0198509857434
143.274624407962,163.52773102311,0.997550826528535,153.494139028259,51.5776468549942,3.58444203011394,medium,39.9406750737999
181.020563944395,209.95349605118,0.791267821907072,164.655482330734,46.2570010023103,5.73169603368593,medium,31.2717214287108
135.480229037025,86.5603367924359,0.921653042665868,155.909198089164,38.2702831462492,2.45862996385301,medium,51.9501338863057
150.610891941089,175.933242195694,0.867459936278487,163.853709503798,44.254177610472,0.601821609283148,soft,42.4920159874896
201.318319490149,62.3245993734877,0.852633437278241,154.671768074213,52.7438403035378,7.95120945798053,soft,62.267971922121
69.3085707833237,222.299783311806,0.775008942049342,164.398774152761,30.2069533760661,6.47167362361063,medium,0
102.429340144913,79.6473442551694,0.984655226449793,154.116355333346,28.5728636232698,-1.69577938763194,hard,45.3707579995479
99.8112522330962,68.0005800979875,1.00786128849704,150.447530293613,32.8883039380827,6.98226671760497,medium,44.0167476606302
90.7362960445376,54.7861688692712,0.868729877363332,152.518745791472,27.040415508607,2.41966117312562,soft,39.9076202505083
200.812416904358,229.67505806359,0.925608862000782,152.131527885255,34.2575070214502,-1.05618198751174,hard,52.3952346687087
69.308839535714,164.053439436485,0.859358883099372,153.633077852529,47.3197386099212,0.810305223283988,medium,11.9548567941575
209.599991688737,217.712127628334,1.04111976125202,156.762434196538,23.171688819232,5.13824478359636,medium,52.987087614877
139.005059326533,162.919859613281,0.966725316362701,164.819047978461,31.5084541070783,0.0455988913904708,hard,42.7331846139436
187.949237373851,100.927006001979,1.0112310521772,152.205017715489,31.4274165440906,7.30196901215449,medium,64.3897537072614
161.705007153028,181.167622914774,0.758551012373881,154.983891272127,42.3995700784825,-2.59628084761894,hard,37.8990135741652
100.822771504713,89.7940689339842,0.865707734288626,160.788682274864,43.939743653378,1.09333984162658,soft,35.878801009556
66.6037252900193,185.169005945611,0.899587007854471,151.838261751656,24.6881348277141,-0.0969627599203253,soft,12.2826011242191
124.678065676584,30.6042105174732,1.03830712497906,151.541236628228,40.3344954330165,-0.892303022486749,hard,65
171.18448106273,195.584277498282,0.894863384518763,156.748245300481,49.11366244078,8.07778743553121,medium,36.0526015190104
88.2646575054407,51.1272074566025,1.0274131917373,150.328796406558,47.1204138248247,6.72857072753927,medium,43.8260284381777
172.702585571267,234.051126572361,0.898895566463233,155.887147227482,32.0866982055948,-1.76642054510322,medium,40.969360906124
96.6530157045708,157.768021331854,0.781898403698639,162.769520057846,20.9192130631802,-4.38111885693076,soft,22.6355390480693
115.941577041319,231.69722268785,0.851896407133165,163.797226204745,49.8995966623528,7.38166769290062,medium,13.9139801334787
141.262966536913,67.5927222518757,0.843577717622642,159.692653980111,25.8197276762269,-1.83486171027175,soft,60.3721953945344
103.692044512,115.563434456799,0.895636899776417,161.360607105039,53.202208334924,-0.419474720533277,medium,32.2496476573985
179.942666186666,136.087495119366,0.863126820209277,151.025218784374,40.6296670587492,5.6447622165259,soft,48.6891611382982
137.958187261357,121.129046496534,0.993096772378092,155.152179253047,28.6353564331669,-2.50639979500431,hard,51.9684807981933
189.958764368125,178.778016394062,0.788345768571969,156.150449952996,54.4061307445638,5.70268836643069,medium,37.2941922738409
128.723800203989,42.1484520393106,0.904775520910262,155.805387264625,24.5034054766199,-0.00074493214024951,medium,61.2235218120494
102.684344171218,86.8623059551541,0.776242598369191,154.200790253964,41.2615463138793,-1.9190476726974,soft,40.8077775958006
141.290189569487,76.776729444556,0.795051389283425,164.958076553656,32.4265313619969,1.11003549727418,medium,47.4942494477127
155.325515270644,134.163130462777,0.896232399053695,157.828987736634,34.3177101276875,0.822115422183256,soft,51.6892194468838
149.868375324829,156.173181010867,0.796278758501867,162.058876934796,54.9904526210586,-2.46744992156392,soft,42.9831155573887
129.915651719715,193.762282565536,1.04250914226926,151.185405225161,32.9641784250921,1.6286754303622,hard,28.367265160332
179.486508748939,53.5226526701648,0.946126149532416,162.068827203915,21.5192659157345,-1.77032363913237,hard,65
116.708202073493,202.748998684604,0.86645120928346,159.6533218072,48.5385714757429,-3.12074552886892,hard,22.7634150777349
64.4897888530364,59.5027818176158,1.04452421327272,150.001222178096,34.3591705252135,9.92271711779268,hard,18.9559533042779
205.337770683653,245.697272336096,0.952101756044546,158.091574722468,42.2315442968918,-2.01205795558659,soft,54.6757348968392
78.6807108541759,27.661793920999,0.993003694320409,163.48551293335,25.9493827665422,-3.7072464267357,soft,65
72.7173600314183,215.719525119018,0.796819393542577,154.875989110739,53.4035883540994,4.27186455330242,soft,5.53615396069364
159.708800213756,90.3025734301778,0.838023975892121,157.118932052943,32.4640340762245,-1.40799832278652,soft,58.3948305011092
105.93633858416,47.9527499276233,0.757431549790717,158.059767541714,49.0302688918519,0.394553620243659,hard,43.3832222875883
163.885988329063,59.9884063971176,0.811634998418261,164.026339743568,49.2721420171777,4.50658647196314,medium,57.1494724151098
153.178371556644,116.013447719266,0.789438113871314,159.972885005198,22.6504435884931,4.74947046200968,hard,40.6315935183394
60.8599232483406,226.471056002645,1.02619647280047,151.261936419682,46.0226053807911,6.48336206343744,hard,0
77.9600482308271,170.92126030269,1.04195896393598,153.481234264005,23.0225932799887,-0.672606728564643,medium,17.7897074269369
165.089158059084,178.07553298838,0.898026066331633,162.579166688799,47.1812624316878,8.41102693460273,medium,36.9914158407091
181.87981180394,243.299283196385,0.943482270991813,151.979974894282,22.5632301570296,9.29254122330554,soft,38.5844536971216
117.182602842488,41.8763182763724,0.90453954629548,159.868447873048,50.2039518774853,4.26226691196453,medium,55.7872731840199
107.656896513282,41.3198091150971,0.911952570254719,151.878578049156,29.239536091883,-1.21940577324747,soft,64.4305248331321
104.509408510366,104.740437222833,1.00905020564148,155.40092972527,32.6739762147759,7.03963158098986,medium,30.2672777366547
157.469089989635,188.194007346295,0.935492947932036,164.616810102154,53.1286037114827,-0.531742382645181,soft,44.4145646583395
111.931446504729,184.058293461537,0.813921306059852,160.686174609443,48.3705019157531,-4.83856141018733,medium,32.923156019465
89.5774116076096,98.424072290483,0.978589742503539,158.949549986721,36.598418774693,-4.40660151195097,medium,35.8506285351316
83.4024731981923,26.9525237314062,0.909604350890842,155.4458646331,51.740296355114,7.17477330525205,soft,57.5514797728725
116.595026187898,177.228762261633,0.882809185888204,152.053559888468,24.9757657674865,0.493953398209398,soft,30.8618507831774
91.9224317501889,74.2198275737892,0.863776989743274,152.732438898326,44.7458883842577,9.16645115316302,medium,27.8434174070938
104.498107792868,21.6455262345467,0.901190938887697,154.325853714389,26.0350944264397,-2.12489983282921,hard,65
152.936491547755,235.123010867398,0.849458054417871,156.465176990766,38.8897262921345,-1.29310331157472,hard,37.477492716229
97.4274717906783,56.9930018703032,0.772771367154123,153.919820279735,24.1062989140226,-3.66052596013095,medium,44.5570063818824
195.908362694647,189.869929696264,0.900692212788105,151.548263515727,29.8890044326638,5.21110434951214,soft,50.043761197731
91.7979841427198,102.569697930266,0.955113394319219,157.106763033693,39.1139419131068,5.68872971689692,hard,24.7130113353018
165.804274054642,43.1412586716767,0.951709803373309,150.547249049887,40.5447081913006,5.67979990912905,hard,65
78.7057945233248,199.28443184259,0.890314709470271,156.757492650759,52.1706779734934,-1.6859866777103,soft,11.7951666770436
65.816731778267,112.243363714488,1.04729843053738,163.619726557069,39.6207912471264,8.19104544718103,hard,9.88793585255584
85.1788927996816,21.9463916956496,0.903109803566946,156.623055868749,46.8607721511608,2.37333016393156,medium,58.9120940344845
196.536573667426,106.079145513509,0.84410153612926,162.599118712834,48.2990501155903,-4.11017976734736,hard,60.2391902207664
198.498687540264,82.4763255425017,0.752214451860761,154.361331582077,25.9602298742166,1.60347184039552,soft,57.3802388808808
60.8148783351031,240.220838639817,0.960215658869566,152.727890932602,34.2399052753407,5.87138230005673,soft,2.22851493114909
194.910161940448,74.4417524248736,0.817039491461429,156.443686994949,39.9489411925915,8.91982967356502,hard,50.6886079955482
114.463380736235,160.319643759121,0.962773003931804,162.316231938532,24.2991438363106,6.17753426034583,soft,26.9918053282099
172.373265186551,229.772792116294,1.04549952619153,151.122032710229,27.7414072635503,-0.0032849778770867,medium,50.5128114715118
153.109541307564,69.5103606706232,0.889981016325137,155.598623099489,47.8797164706277,-0.0358713465871237,medium,60.6366129184207
190.486421468813,249.822537519892,0.886681382203884,160.382384354106,47.6271177839714,6.34292250521939,medium,39.352533939945
138.463276204408,49.9821404011662,0.931015036727473,155.811005285353,40.2438392899161,-1.61206647785236,hard,62.5816057726388
97.7621629215513,25.6571488121046,0.761870493931389,160.710397367912,21.2295544296633,1.59223062012778,medium,51.0981043772783
117.437740108828,113.348248179557,0.896150054252406,163.18961993784,42.1493708152636,8.19106903841328,hard,29.9736535842509
98.8891655032055,43.2517412494146,0.813301336041013,159.084567357074,45.7494098039051,-4.74770891095021,medium,56.1438716792328
76.127608935311,98.2703558379563,0.905708386464248,157.243167340004,22.0185846566253,-4.40962411337694,soft,27.3500683817035
66.3172650360843,29.5967482950262,1.02727457198025,160.883515917036,34.1785562653304,0.944379483171829,medium,48.1457312477351
99.0820068088271,238.305039720627,1.04050214476511,154.280932950008,36.1164836415833,0.747508638127826,hard,17.3808155744242
191.009077074016,25.5259424312753,1.03940379519906,150.838225987688,41.1475041816635,7.29887982963674,hard,65
102.611935823487,102.659752400574,1.04262386695389,163.943807408735,27.1412373331499,9.45076085766818,hard,29.5331115823283
180.210256598105,123.634267073862,0.771491497784535,159.541994831901,47.8746841994722,-0.797145501620784,medium,52.5627086418707
181.586617350819,115.250893704147,0.857021039623415,150.221626265565,28.2741706119066,7.94364803629726,soft,53.704080932416
139.834326193404,127.385160401212,0.776113221849871,163.558925268514,23.8322081812287,7.68865868519447,hard,32.4326020005572
195.753653658334,50.2637048993383,0.822277309090488,158.370690877607,45.6545976730036,5.76097279515489,medium,61.6030886066121
195.59637909136,215.751362859765,0.936654944934769,156.597359325088,34.8900189706558,-0.00119222661482166,soft,52.6764441706842
201.567199249233,48.3959101109632,0.941416266399309,158.282194031328,37.7929583855347,5.75444529855501,hard,65
206.084929421307,175.609038235164,0.927501102272613,158.942328489819,20.8499442358048,6.50732510371341,medium,51.9305683261631
155.486910240943,165.864229469433,0.786032408522727,151.757367748494,22.0001050327035,7.96947931396108,medium,30.7121646895879
64.6260922008715,199.109976617674,0.932689026555828,160.598249209309,34.7140853765966,8.91996138600105,medium,0
111.839050573435,222.954622437271,0.797778531094059,163.525605811536,30.3491083363239,5.61746664000018,soft,13.8870373444836
87.2164771745684,21.4832315305498,1.04056950955163,158.561681211389,42.3567813946793,9.36505205609649,medium,62.3207390565808
193.413975829686,186.582354505783,0.959391586894445,164.251173886639,32.922534389217,2.4155711288667,soft,53.9269514943138
161.644641394151,59.8199442303029,0.919384523712932,163.246104911621,43.5422165213815,9.66517535722535,medium,59.692173839134
81.7064779715315,236.992916124758,0.924176288457172,153.620418133258,48.1039852693684,4.81074048094351,soft,9.21346428627149
177.983457992841,104.43806243153,0.94986172306971,152.784724681389,23.8016912359295,4.67202225877174,hard,57.9418165817323
109.111684461001,110.310179696962,0.890490736214587,155.813383509577,47.7364687127911,9.25167910990725,medium,28.5010947524015
78.6132880347518,84.81184149662,1.03999108130902,159.267256236945,53.4473125220935,5.82203046961236,medium,29.3150153697315
172.37464127467,70.9029391591319,0.954368497400641,164.975499393604,25.049486068033,8.19101959948985,hard,55.1752182648683
112.164626495123,51.2884374034129,0.828356281737012,163.053456982056,21.4851100807752,-0.921218135719892,soft,53.6477082994822
164.345659126134,59.0235807850089,1.01001052104991,163.9378847609,39.4451419199374,1.18830015547134,soft,65
145.16573971293,162.869863648581,0.772978931709317,164.814573141967,46.5867671270029,-4.52402376186737,medium,39.6291097036635
81.4905729451683,96.2561037504103,0.920266424191882,150.846256839654,54.4668847075374,-1.21816306215915,hard,25.8325675820752
136.844052434383,66.9005809653919,1.01667395595182,151.319689486894,27.9667878176384,-4.24275370286093,soft,65
182.517225214704,89.4273909884825,0.874825881641171,153.214762180916,44.229606535352,3.46744754085178,medium,60.5095852015048
155.479876056015,25.5673597028649,0.957186741683743,164.347024491709,38.4084559803352,2.24727867725594,medium,65
86.735635602758,26.0686942968053,0.772249780858604,162.489807219052,52.2504241566934,-0.735989361840467,soft,52.5997977271396
180.214500476074,166.780699785149,0.942856703346957,154.46134182914,28.4052110586072,-0.111442098618186,hard,54.9152377843635
186.77382137451,60.3335544540554,0.926849384388417,160.595122660735,50.2341564780752,-3.08180301385892,medium,65
89.296216235991,42.5271102214282,0.887013931633796,159.870530541612,45.4077844399371,7.39639930583181,soft,47.7049432186918
66.6096556586312,234.040639456384,0.813762496413781,163.385543255368,44.6841252958928,6.9285490120665,medium,0
202.765451148386,96.1559124702054,0.933514764698107,150.076596785559,28.3744235670946,8.04406204975377,soft,62.123061278173
181.730093621363,34.8877296904495,0.856679188178399,162.946852537882,28.9522957817201,8.90848433018364,medium,61.8189907154853
162.994250990234,38.2843492270911,0.894166063505225,153.105498071555,22.0361022493945,-4.54709099387011,hard,65
150.226893730709,61.6238257404212,0.945481977151524,158.478413696656,42.3807002748276,-3.57244038042992,medium,65
68.4376483694807,35.6073649937085,0.87614229713162,151.285599684593,32.4464582748855,0.521973538069718,soft,38.427736028374
190.925376633021,30.8976321159123,0.985316925377017,151.012204801396,29.2772007230763,-0.134353795218091,medium,65
167.429116588631,186.845146893626,0.759216407327871,164.266080736163,47.1945185987598,-3.18600827331138,medium,39.887736053066
121.499842537075,199.672187254165,1.02183575926791,156.984655837956,52.7634381766375,3.58865980517387,hard,26.0402880181644
151.736874414818,178.588113249072,0.847010319046064,150.318397747557,49.8983585171309,3.75108470299523,hard,35.6212585706506
133.087551020608,203.317711844401,0.920406297011984,154.722799440429,32.2309219854232,-0.0284880591437791,soft,34.2663200932885
112.052660552243,30.5234580006254,0.816905385997287,161.911947596048,34.7018650028652,0.299113335452825,medium,56.9798655598637
123.998597092468,189.841518021072,1.04579253155888,160.410615469399,20.9417464402601,-4.03468559860253,medium,38.2473528773382
159.11467778974,219.513723186868,0.889832743322125,160.132963944403,47.73714065795,-3.37195790588966,hard,39.3997290751054
146.015592018348,164.203732088068,0.792875614305496,155.977327757325,47.0504178177719,4.46032100245284,soft,30.8960918776937
169.529150086159,232.860524628666,0.865420731617603,158.622278882081,27.2625644067786,0.354083556674953,soft,40.6234711793955
79.6555391042759,53.3013191578482,0.974811499882393,158.410094666585,46.6663807739456,0.0721325350055713,hard,41.2725420132164
155.355484942443,163.234562041466,0.984293400746943,157.149008370785,37.4723250130868,-4.26572996919032,medium,53.454125244478
107.975732693159,43.3592580570164,0.935812014742129,161.359074234811,23.647881931818,4.94661682271578,soft,59.0812461050041
74.9423186172372,120.281497282082,0.870273130073941,164.960627337882,37.3761404614574,8.81255351556238,soft,7.46481555309344
178.328739369337,141.817101267859,0.958286623661255,153.849775618699,40.1273597767798,4.75220759390099,hard,50.5064958004452
108.051573572142,23.5644269797553,0.930642025414115,155.15621845444,33.3274497938412,4.94616268593557,soft,65
166.985517348857,35.5558268405105,0.981070931876763,150.565606524395,51.8645349791676,-3.80102466149385,medium,65
175.243515751071,51.1699132788256,0.791911292418305,162.354674804416,26.7448872470236,5.6045998437835,soft,57.5080157692436
66.6819518019263,132.907643300514,0.937238900419855,151.253095259318,35.0154590754554,-4.69146608738515,medium,18.6206506811754
197.89880288529,195.339579668931,0.7673646392096,154.623992218228,24.9268186537757,6.18863306231903,hard,34.2633100901885
118.546436952778,71.418271799864,0.945044980300607,150.187698882629,29.9169333919225,-0.292917614087394,medium,49.4725238421827
129.371640003285,181.387014418799,0.980188631312736,150.517321996602,21.9472616596715,8.80462385537728,medium,28.7898714204357
196.244637259837,131.660802852062,0.999998976590672,153.864411892726,30.7744120623277,7.0471067142655,medium,58.3417580427338
75.610007443636,163.462404312198,0.793674548737669,157.293844137672,47.0408263522272,8.18785500322048,hard,4.90706256622193
185.974300388188,212.524237093924,0.758101444136527,158.607683473855,41.5060983884967,-2.70677927551222,medium,45.3319728926811
199.050763511962,174.942434315048,0.944614631902383,162.166952649383,49.1458002095357,-3.14407856942711,soft,65
157.936440934609,40.5442891013071,0.969907718898556,151.895969316362,40.4413118411051,7.89496905869706,hard,65
178.724636823286,114.878126901813,0.852356417250062,162.949063115153,41.6357855876894,3.93912653776324,hard,50.7716674768842
111.171106659359,56.8605632203666,0.866635406068906,152.041090699093,21.1585010489593,-1.93587955633917,medium,54.1215585847968
148.488050108587,160.105491724777,0.97530839026951,153.392683605264,27.0771389547664,-3.36744356568701,soft,52.6344265904162
206.461156005256,148.790972233097,0.980449702498567,152.054912021174,54.6486551510914,-4.33760327741234,hard,65
104.169665773103,160.62584226392,0.785569416345947,160.555336269013,54.0496985549568,6.04923722630343,medium,17.3533976235489
132.647216950556,80.3489273822444,0.93041225778823,160.04085299386,47.946217029415,8.30003427613763,hard,45.8813703787393
63.4948495307621,91.3453150492704,0.867363322199216,161.603632177704,32.4360630523199,-2.63631502475553,medium,21.5063208353622
204.915068061422,205.310076157394,0.915570854429606,157.950545620434,45.6735802442298,-0.116680468957803,soft,52.9977853536793
100.539440926959,36.6671159521154,0.822343470398673,159.696977140418,46.051346585699,3.70256591045775,medium,50.8807068989208
176.226584134311,83.0222293986594,1.03033326906473,157.552367099082,25.9767730456721,6.65940580966177,soft,65
136.69190708112,131.776270381163,0.835512515086069,160.33383185744,38.756240446479,5.90792686457078,soft,38.8842724688447
82.9586856777837,69.8872497534385,0.808651819849076,153.603576639414,38.4496610716792,2.51770360644,medium,33.3106621696103
152.790751137719,206.766139633322,0.9688098351381,160.606074641043,51.7606676064544,0.832462146310364,hard,39.0975951498804
185.607371300248,197.854310880838,0.948158656989712,158.733306462104,53.3918363980184,3.23569050658642,soft,51.3998780518447
97.3508135519115,91.836926883858,0.881295247468666,158.38749415646,26.7489599360698,-4.18462086013972,soft,39.1934603544556
69.5817049500885,219.347574315378,0.751224609473187,164.784398782331,53.8767806410381,-0.994900661735466,medium,11.9482785203571
103.003140103119,38.7511962907494,0.775750871194302,154.678706950888,23.0512844009329,-1.47488064805815,hard,50.2199632417263
144.561865523028,117.660187092686,0.945876344044001,159.446959145662,38.3519488263691,7.96247280509361,medium,44.5518227641282
118.802137735357,188.398691581839,1.03616193050934,157.788821588316,30.4928021857343,-0.70961259785836,medium,32.4615657209595
157.264962873982,210.817696089661,0.76959605756905,160.109911108149,39.5050246818112,8.2427309645747,hard,22.5204871093511
198.736389806645,134.943781685017,0.962566808860261,160.603436817887,38.3356732198904,-4.93761615477979,hard,64.3444726163924
171.606587946205,197.437984958245,0.875019969297767,150.581840274473,49.9080507763569,-1.7226916944629,medium,45.9970618315902
116.956292845595,50.2354009092933,1.00001280779453,154.296418467241,27.4602746559906,3.41778449812962,hard,61.6339580882216
179.406923278893,149.449376657849,0.918851992525849,157.386108043275,20.6232441834695,3.15782583969366,medium,54.167339064614
90.11382656868,78.7219873543162,1.00379382466742,156.396565967762,44.287059695567,2.01854859556828,soft,37.5671360380423
84.6999122601211,85.9138649408849,0.965800998953239,155.847010823538,25.4394533890878,0.72535479612657,soft,31.4756431507382
93.6662321186827,148.704921888455,0.842233818284813,159.163797890106,22.9612287892411,-3.42018301890136,medium,25.1753468497681
67.1776637787379,244.486772991924,0.818533992740149,156.709940887281,49.0874089394645,3.83242948157297,soft,5.25929250077147
158.952878285069,157.370540054534,0.753027366773088,163.024578960296,25.2710734548734,2.53969443992611,soft,35.9034522006263
110.701184416358,31.8587179113896,0.932164397266393,159.279395115609,39.1936826978602,-1.26338803482525,soft,65
154.48055424994,203.478350499237,0.801541033954773,164.006126783037,26.9886733477061,3.57855587229984,hard,28.9616542469421
60.5616509251349,223.303407204432,0.821563228416981,156.976281438427,25.8271889212173,-0.105428378633897,medium,3.04478170893302
121.091343098106,46.7470346482485,0.92091548603341,159.846803898627,51.321048507304,-2.42493714592296,hard,62.7146683799991
163.252042616613,84.6646226940744,1.03906396077597,160.981458382749,42.520415446657,5.52866224157609,soft,65
84.2573751969874,149.496859670938,0.946551807907813,160.459328377165,31.3897150552779,0.958237743328196,hard,21.6748669101247
146.797229673085,196.593840273969,0.864399379816725,156.802100059754,52.5325628700938,-2.75316534343033,hard,37.784409407835
149.469200106691,206.584308215337,0.986138534720509,157.191649849215,28.1624446514252,9.2718422288191,medium,34.976855284358
109.87525845327,162.352421830297,1.01208759795593,155.911954644966,46.9664798865895,3.40248706874077,medium,28.5885172382092
151.641184868341,230.760865317851,0.901498878360015,160.2666765409,44.6061165381839,-2.22172797840733,medium,35.6709991219393
82.736954954717,228.164381509032,0.822858916184165,164.643740651355,49.6245831731974,5.10817502135026,soft,6.59379491832604
76.9171151123198,219.974905592731,0.969823824554856,152.078845555058,52.3179254321128,4.52962551447278,soft,7.52096053389677
74.1993846372738,105.515575337984,1.00792286795295,155.67582312119,47.4115538604616,-0.627742883759145,medium,21.3962448442748
64.834203470246,199.405526533344,0.913615165933387,163.469826661695,22.3411614238478,9.69242104642732,medium,0
130.752917739376,165.219553581263,0.98789976277632,155.061899631921,24.9238091531141,9.79973377128334,medium,29.458663064751
126.875840909257,149.805181314498,0.791137336433677,164.746683129774,23.9167392965872,6.94660485300929,hard,22.0488045882702
69.3736758548478,137.793697152333,0.938078428996809,150.937041138227,54.138545892084,6.28871493140835,medium,7.37015761968129
132.850391685636,167.597527374228,0.99049470872429,156.307161794197,25.3651730153473,3.63423402852263,hard,35.8586057923425
175.932202813722,54.0998548727865,1.0410338206195,164.63468625122,32.3895071032834,7.7752104136376,soft,65
165.894754967117,134.820251378617,0.981976078290089,155.478468317078,32.098199646665,9.73739908824849,hard,47.6434883967025
72.2895012756372,205.42487046275,0.774151376644582,162.104529364207,22.1350787818053,-1.20648076418363,medium,8.045229403942
201.264631196199,246.860730076697,0.94139446321617,160.4656324732,34.2678868376125,7.61482286856955,soft,43.424661235807
148.165382406184,38.7731705010847,0.760445414381449,161.155398027983,33.1230288943665,0.452379518753888,medium,55.659591027771
180.247848152377,81.1802305749901,1.03304681760874,162.854476269755,26.1095828577474,-4.96145297518081,soft,65
69.0960037720924,240.432908259045,0.821550363448403,152.084268793007,40.5830125011808,-3.86921167494042,medium,10.7973741267154
78.6442107242066,43.7045548500992,0.859284001034141,154.747659127358,43.0193607228045,-0.870774599911,medium,42.7588082361884
93.9218127631003,246.011694731531,0.797129970137135,164.61741671246,24.1919566558243,-4.40896289266698,soft,18.3924630983919
120.369166169707,126.829543277059,0.957303386325149,161.665190654923,51.2947918066904,8.1683720389396,hard,31.5302994450697
191.288336537529,176.547596192493,0.905233837123291,160.86076754602,34.0718765107137,9.0616719561128,soft,45.2413948699918
117.148862733469,42.3548265564993,0.90840674981538,159.962022272779,25.4491468403111,4.27374157312533,hard,52.9659567957753
70.5099794474545,137.842436628916,0.923183775709205,152.729625506855,38.1720728534183,6.75014873304291,soft,9.38511084448782
82.6387222422914,138.600484610932,0.967238469606524,150.216268446949,52.9589460046584,-4.91644632439508,medium,26.4037994667569
146.75842899627,106.928332066907,1.0074539209443,154.485582248738,47.9678980648204,2.86102315120487,soft,57.1986888911564
125.623112144125,80.7553048397162,0.838701662410905,160.406868888431,26.114974985554,0.545973921212632,hard,46.6482001550333
95.8519360051188,30.3741520894917,0.943690636310859,162.599617359105,21.2176960417573,0.130934760457054,medium,61.4492466218525
164.528975578628,103.334979696049,0.82343379054295,159.728136415031,53.1836022218476,2.24317641160388,hard,43.5611954634821
201.009616636354,126.369891476845,0.934312240513475,151.874653927312,46.4460290388581,9.5562394801242,soft,58.0640246266886
70.4584748297298,27.6486589037362,1.01576979579071,164.749195081244,29.9178104828536,1.69083055236535,soft,58.1817756452719
108.316037653896,31.2589407750767,1.01530949577012,164.406670647871,50.2216848728164,-3.44529696327217,hard,65
195.982757506613,240.869958973199,0.906902032402398,154.545364050763,53.4411918292183,4.19200397806425,hard,38.6719168409279
93.1512638119856,35.1864477587192,0.918181767759838,150.793068544261,33.3667467875932,-3.62509066279256,hard,59.3029621634801
77.0742375896958,219.919137896508,0.968515383237849,157.978051056337,52.4069664121121,9.69754680045072,soft,5.36380558435793
115.404982402464,217.067251124714,1.0167463030547,152.788598570649,31.3332380411214,-2.91878966372521,soft,31.5698560851842
91.3664801351564,199.927164151695,0.756866761650992,163.695489118918,29.1596976327676,7.62438638806443,hard,8.68119682204101
79.0806260840372,170.198705032215,0.813615466283743,161.559480680811,45.2662178002506,1.10012497443682,medium,11.7504245744019
86.9302566774615,90.2123323294575,0.977456555509884,158.330611330084,26.1437866399456,9.09288347766449,hard,21.0903583828592
129.592314426036,88.940632125854,0.814594107449106,163.422217619526,50.0360402743262,2.04842784419805,hard,41.3284918143493
65.9636780256803,188.892444878754,0.752164946086261,156.191539012316,41.4332143681112,-2.34745406565667,medium,7.22506385772091
118.763027206006,36.2605526522614,1.02209386953413,156.612479675932,46.5491905897904,1.83452342784191,soft,65
77.8370196655913,188.250982952603,0.837937773649493,152.97111218292,41.8098992542529,-4.36644296389809,medium,12.7530832672309
113.138450863502,173.198467130414,0.87933037513049,159.281181466352,54.6014362292555,7.59719517117955,medium,19.5745208251035
162.393686642718,35.8318118915181,0.784356495352051,157.725074083931,41.0893048093835,3.28528187550616,medium,54.8422324983485
101.168662900533,227.929766136544,0.797008100754307,151.430609715323,20.2174602379478,-1.54982137574809,hard,17.0070644348369
63.3348966714384,115.748501353952,0.804535302023643,161.856865202369,41.8777019424391,3.29894913814438,hard,7.34014570023278
140.412397926284,122.445715274102,0.912605688466644,155.121788218478,52.8770062600683,6.47724210632274,soft,45.5403093685679
134.347817167786,58.5631234816482,0.879468352208801,150.538422979346,38.9728631532139,-0.94469470046762,medium,57.715014193962
205.684311414974,55.7294566370179,0.837732829681047,160.567933049723,37.6660191226126,-4.55095304059052,soft,65
120.471702559916,25.1963434204709,0.874149494638066,155.211243497131,49.690193960797,5.77935736257103,hard,64.7718727398498
86.6534717782935,244.635539287123,0.758846282291357,161.960638674268,31.7071505543687,8.59421396414111,soft,2.6267960340255
192.604983056704,133.583346928405,0.81059652530976,160.734498377704,26.9362886712501,-2.42461596145584,medium,53.4736359999296
130.74295186628,236.626181111761,0.946931685496856,157.231162096582,23.1252944077954,8.86890727428131,hard,17.1238051063574
128.624704957981,241.26372950294,0.890639982899108,150.125682714982,31.7950182586824,-0.496058201592662,soft,29.0273007768619
153.368937741824,178.870344163125,0.94248616964624,163.179082510228,41.4609932123606,0.846016607553056,soft,44.3593740451272
115.970182818838,151.056844684901,0.820693777967459,152.622080305866,49.735914290514,-0.728744345742855,hard,27.7488726167444
159.753874497703,187.586038668377,0.821969380832566,159.879413750097,50.0583466862305,5.98681642566864,medium,31.9826306042411
205.273469224446,119.908004092784,0.966554898194853,152.703811741389,20.8865879774026,9.47497548218484,medium,60.2019076145552
181.43319082451,99.4708993090222,1.02792748429093,164.824460889026,51.5458364752746,7.73908782821962,soft,65
186.819049948614,198.198655423616,0.980778910200154,154.421494915158,46.2108969287981,3.20727124324304,hard,49.8426287771719
182.183616135145,183.421137431344,0.994703492632808,162.314984235371,51.1461700116577,7.06091733080215,hard,44.5420351446583
189.716581119402,220.734659043961,0.948858095124685,163.505526893589,33.9959199599357,0.615071604713948,soft,51.6215808378438
189.019509636627,229.81315671473,0.952370137870798,152.305044321723,32.2115555679715,-0.964349117554326,medium,51.0189058762516
131.550499092826,52.9224259680497,0.938050384788597,151.973167072658,46.7824634602661,3.94455211855446,hard,57.4151037684536
204.986123010492,216.177515900453,0.84195903724001,154.98538944272,40.7347636095599,-3.35910552845891,soft,53.7875773812466
148.530802925342,194.235830902182,0.886071939258096,153.095029503117,33.6453636968484,7.47804255427056,soft,31.0564934929861
118.241670730082,132.608179687703,0.858710505669439,160.65147802954,35.1224660664006,-2.84091773714107,hard,36.1363496227774
208.013458173665,129.779203484973,1.01933105367386,153.740036808758,37.3835305023073,5.41060734466623,hard,62.0103159513284
145.486442290888,56.2006451671538,0.773019597481043,150.878900301426,27.4515002280089,0.117860370955819,hard,55.881997097849
172.866918673071,172.835714591922,0.791107836236538,159.830201306767,46.2029058955978,3.55311447041304,soft,40.1324740196049
153.582403407687,248.483894164368,0.775748834281633,157.583885415251,35.9480668344845,-1.4777989553676,hard,25.7406308412619
113.229385484315,24.6847159325779,0.912470451001105,154.294851991553,21.9279833089992,6.80080293342864,hard,61.2389497934643
128.035551070956,121.252599664052,0.858942225019929,161.843089127197,41.3286513336468,-2.22117602380028,soft,46.7070265560782
147.325297951114,35.1319496665427,0.804940954217438,163.883067212575,23.6176170721838,-2.84551361465715,medium,65
167.327928052349,245.306499562304,0.947552600897467,163.497580513576,52.4996217412631,-1.51545069128902,medium,41.9572624985776
64.6242835246373,151.16322435324,1.03235905235421,163.839783625807,20.3265457332396,-4.70896226123552,hard,12.0841569600583
209.242813658107,159.59177707784,0.921440260172003,159.506698664912,49.8534637069235,1.87399214037438,hard,55.7756337561736
143.268101001696,55.6842173650504,0.765195425978559,156.573434839971,47.9318402488198,6.73994145152705,hard,44.7356471413828
91.5556574962613,22.8770817108999,0.813297701135926,151.038597965056,27.7843460901139,6.5448600815068,hard,50.3825418963246
127.257691540941,30.5209079919178,0.788194232986711,155.695811496462,20.3662663796684,4.31145551140944,medium,53.0333132892117
127.140385934696,172.836336540049,0.90507981786713,151.156395130022,25.3510552248137,-2.823926090358,soft,37.8794672794443
164.403236000196,31.1186161526884,1.01220879028195,161.555871614696,54.8785743580207,1.44902030790215,hard,65
189.897139304537,104.38267379492,0.850458722701248,155.367661891852,46.4481054153123,5.83023857723559,soft,56.6482120756692
86.2771788187307,227.816434987526,0.808529684091317,164.874790555208,49.5618362461767,-3.4263081105932,medium,14.3745230624628
164.275841034609,134.065218114234,0.966162202354884,152.916230995979,21.2955885031849,1.82949079492166,hard,50.5577848942281
83.7774028705103,67.4505215478733,0.84164341702622,154.289456873385,25.0678119405466,-3.73120583757293,medium,37.2113529168061
195.800600792659,123.02112639113,0.833661686704553,158.643513813504,27.8450357661652,-1.44910482800458,hard,55.5267812197342
142.647087262216,91.4860798924443,0.824800297492983,156.295086033812,24.60406757719,-4.79543691106634,soft,57.705047605238
195.2363209208,54.8063638116673,0.863527352187903,160.321687140202,34.9282069428949,2.65704315397526,hard,65
190.656833927016,38.855878741367,1.03772831121746,151.272414630953,24.8971142847033,6.99500457064756,soft,65
112.774482188589,136.213805953184,0.93165738865917,152.845302038946,36.3325650679079,0.385311571309084,soft,38.5867798633871
209.401574675558,30.6250925558086,1.04043814619511,155.164044891643,29.3285553777686,-1.43891609039892,soft,65
163.796195731297,218.042302024637,0.944270414610721,158.600491240547,45.2420123827282,-1.74509523173531,soft,45.1572980180871
153.660492900693,73.4035630992284,0.865545315211046,150.705908885569,38.2196195879322,-3.70957029306811,hard,59.6830374556066
180.538358069973,51.3864874300345,0.867453594590479,157.180603703903,54.6499827108267,0.605268646611251,medium,65
112.568788417201,222.667951167867,0.823086441095448,151.165851408265,52.3727208497642,-0.706046555245567,soft,20.2517804577561
84.3037923035274,237.330743599304,1.04726000104823,159.474434469643,24.7623482226652,-0.683357134722241,hard,12.0850829727254
119.04072122785,230.131238656362,0.918660440502251,160.654102134929,49.9764715677241,1.41548947318356,soft,20.6055697985881
117.382313932681,20.0714954201725,0.91663199333711,154.099796527328,49.8949129978538,7.29023452284315,hard,63.3779654395347
94.2961633876655,147.127307070433,1.01871520434298,164.9604039736,36.8159536057918,1.54930752575301,medium,23.4520904676198
103.017461852447,190.853337403245,0.894337685203779,150.064596679086,24.2697311423999,4.88778628647169,hard,17.9375899654035
101.135428130629,207.881894516422,0.901591683352097,160.2955903502,33.6837888161091,9.64029494177609,hard,6.26697759015967
111.378464404813,119.019881526187,0.936080503409447,159.21415840498,47.436559482689,8.97881121341043,medium,25.9175696747789
119.544088037691,232.734475614459,1.00663956488125,152.658529485834,35.7962616658288,-2.00352913945596,medium,28.3099455452227
182.519422289817,49.7547180064712,0.754395308507831,161.870995640165,49.2911131271291,1.08279880237467,hard,56.6164028913385
147.963316932447,90.0137607418725,0.931096459019338,150.60085281732,44.1346400151858,1.355774064246,medium,55.312701115028
144.190826872687,28.1489985603501,0.863029991829388,159.176886336212,21.7550108625502,7.94691736331154,medium,57.476431542989
150.5107126801,102.778286574072,0.944394150856967,157.288165293405,40.5765993504518,7.35474790153008,hard,47.1977923715967
144.745095081837,245.355423688256,0.946780738869854,151.134379344719,33.9277740963729,1.79876458043015,soft,28.8274333612518
88.2828655693712,100.597895504659,0.758480502409908,163.842373839535,45.9897197160825,3.23777092454303,soft,21.792190891549
116.033797744335,229.783328643434,0.812537376832277,160.668631140907,42.4931656478958,0.729101490491097,hard,17.9187992273726
112.928764691634,101.639412690351,0.938676138822125,161.405897866387,47.0884204288698,9.02579242480626,medium,34.7830988418287
108.060926955743,138.093013837136,0.771781257232583,151.485603462851,46.210879705208,-4.06055583111913,hard,28.1454925975884
191.380209182826,231.569417740752,0.763165568563842,163.319400024621,46.6276816219233,-3.93473266544355,soft,43.5812671961659
85.8542192554009,170.828763904654,0.760959415839639,153.063972997462,44.8365587051629,7.32029434650804,hard,11.0048290005655
181.849395905479,133.467184277018,0.995781587822651,154.110379997599,32.4532581767828,-3.78745797115525,medium,61.6482386052471
160.466366951633,21.5272170204818,0.921510358354978,160.144569722625,22.4874477065261,4.95204425272867,hard,65
117.905886611391,82.8076676955099,0.75303614621807,156.328284552822,46.5904330583441,2.90869722755351,soft,37.4784488907907
157.730757057349,71.3357874104143,0.976629843059943,151.651021597622,42.2118723848719,6.69654140951201,hard,58.3148616232867
163.711502990692,130.559386912819,1.00793318281011,150.775149857959,31.3681531221955,6.47443975543217,soft,53.5906593850215
195.777068982225,141.743562192152,0.920745411616608,158.262900515146,33.6040498305881,9.44103945306183,medium,51.2905277683142
72.2599917426987,73.9017319145962,0.977117200298851,159.48013946667,53.311814674512,4.73547008820549,medium,19.9256231920224
99.5164614950409,77.4354273398428,1.04794361870526,158.474760106567,44.8083048902623,-1.44487800246807,soft,47.2274902496312
149.899034790532,138.0341931662,0.77291840245805,151.279775807201,38.0205993065344,1.19560333309886,medium,40.38401924463
195.497000974,74.4846881038499,0.911154866564527,162.860267881464,33.5979918792664,9.88367954449724,soft,63.7973490223187
183.695150228773,183.558755367319,1.03908245521466,163.887435623118,38.6267896170387,5.74929166552114,soft,55.3813403908696
104.18062465844,27.5084680200345,0.752702306835461,154.176281084268,32.466838228725,-1.70160015903857,soft,60.7586419840281
99.6392896933774,54.3531975987399,0.880656454937814,156.632703124477,46.9868123910591,4.71259543381439,medium,42.5214166082735
143.505899356655,50.5028215586432,0.827303072170252,163.67974970784,54.0284260032109,-3.11590808895132,soft,64.3003868641601
125.642285610332,224.565018941145,0.99993754348763,162.862516606051,51.8102557815609,0.218499500324027,medium,31.4714075651367
71.1051324673003,167.327333219712,0.905964791804149,154.309212508495,46.2340815318769,0.21658295799713,medium,11.8438906633007
192.638222926671,111.23370236645,0.946301052234352,151.971049955629,33.2975703930358,5.77598795425837,soft,63.4973508734663
76.6052566155778,198.539187168848,0.928497499998482,154.820770124345,44.1913982460128,7.75543706341129,hard,6.21362515720937
119.04770190753,80.5502530980543,0.904873875118374,152.956666783885,43.9082154116828,3.00061813433603,soft,47.9069662864639
101.456525761047,117.838253465751,0.865354359264955,158.046641046405,47.1707847758087,9.75835311100259,medium,18.1491894343192
114.83219438163,84.652592569801,0.813376725212867,161.455944404646,46.1808543344748,-0.170319330771723,hard,40.595129724812
98.4022870385896,199.199249580502,1.03108728882023,152.526770011437,31.580470475498,-3.19255447746126,soft,29.1017718088315
128.615196123806,146.675612924402,0.806720088002045,152.284570025127,38.2002209311471,7.991180513621,soft,24.9318858602753
122.792385189678,132.402550006447,0.988970443326482,156.412667395271,26.2450021478465,1.00387514429329,medium,37.6981737908957
192.094990630249,78.2040717786844,0.967959275985492,164.030656598717,32.3990017521378,-4.81434056118855,hard,65
128.181479754042,140.816812565733,1.00808750856315,161.058390338112,44.8565801336457,6.4012126791858,medium,35.7910566363731
189.642982983613,203.211542657362,0.755916381370811,162.796662767132,50.5397264115644,7.19703578601453,hard,32.935108003236
167.559921551485,244.486543794607,0.946431080741019,150.503297491988,29.930047455086,3.47811324012935,hard,34.4738303480544
127.970808132033,191.962594190196,1.01672740454916,154.019556829581,33.9754861009988,8.5882918657961,soft,29.4508065680912
142.086800677374,75.4650863993892,0.837521484025035,164.159223516464,29.5180240049193,2.55915864420765,soft,56.244117777209
65.4019790209003,166.997622687695,0.825984626954121,155.709294070612,21.8793393595105,2.67037188933169,hard,4.22791482654064
160.516840611441,115.4908034105,0.983180361053378,153.356026924299,33.9957997798324,6.84748176473814,hard,51.0169380738538
64.7898971787709,225.796002102989,0.99683788515011,163.610850577307,38.7474641313683,6.40007624464566,hard,1.59130811892703
163.026026614063,174.593402470332,0.786250358904392,160.968463291801,41.3912326164511,9.09713256176918,medium,32.1565600866814
164.014685681637,218.735605219924,0.877696457930109,152.417055975215,33.6398028690314,3.59757239907386,soft,37.0842823876679
201.594703117699,214.794512553452,0.939412441260167,164.798826627912,22.4302042999134,-4.55785194080839,hard,59.1926682683945
163.989094130909,116.745251305077,0.884474596411192,159.260479045669,35.8585019552871,7.11586824105422,soft,46.9604762412136
197.637129066849,203.538104379097,0.763786405219715,155.071584607295,31.1193306998113,-3.89229488274412,medium,46.5743105127196
64.6387228456133,132.225497386139,0.952033532139681,154.044265593585,42.049058763007,8.51682542155147,medium,3.06802869839064
129.468038042066,131.657037233284,0.93013893237782,161.253372898523,43.6023524965052,-4.61645220200009,hard,43.7848670235881
116.45347003922,248.925417717954,0.821744311557567,151.574565761502,51.6204843098883,7.82659723947406,soft,13.8169787474323
104.605171044106,230.544101834397,0.750444871248433,153.339644811516,30.5930163140343,7.27409319542308,hard,8.42245432748414
145.000327171112,41.014191998481,1.04185093096111,160.508365772071,48.3988619245063,-2.70058225668324,medium,65
74.1164925052333,46.8497316286321,0.997106573077734,156.048040420368,34.36548627074,-1.8708148274509,hard,44.6954759965524
146.714946405832,242.396175076772,0.873363631619464,162.440881324979,39.465127166983,2.34650668204989,soft,29.1969305010225
164.103130558533,219.859873002422,0.812614703308487,162.335110352429,33.7329319178241,-3.98988921750535,soft,42.300364675784
70.0703320512489,191.808846704613,1.04438480769109,158.566237603275,39.8493335958718,0.392246927815269,hard,7.15249220658851
163.951779058024,160.529551881651,0.913368386141796,153.557117058221,31.3537507873529,-3.21101573413503,soft,50.9978358884658
100.697602536387,171.051610392102,0.896271727880484,156.33321352007,29.1420094935294,-4.89936338149156,medium,23.3986016193123
100.02141468465,145.81095700841,1.02632218795988,161.000584103435,42.0913860870182,-0.546536249780295,medium,29.865765452676
200.227405491469,31.8520826585302,0.832520521250645,157.639130796711,20.5443558873228,8.6012609603432,soft,65
182.815332957898,119.944889214262,0.947699385513192,161.075977360883,46.2648204245899,1.16894746419316,medium,64.2312533443335
168.753097847222,78.8182985065869,0.78805702933797,163.953955561872,41.3038307041942,9.67152878960727,medium,46.2932190210818
184.142288858016,230.176472256727,0.983743968165444,156.450665834478,24.7505793444612,-1.2615653784207,medium,47.5571099845742
74.3144652289381,238.934790172745,0.928661629000111,155.053712513374,25.7247118628705,3.21181674508375,hard,3.83579556992016
187.084618943736,20.9864812978211,0.976856519361515,159.885227574057,40.5336190724067,9.72191106234165,soft,65
62.2369044815256,163.577675970295,0.815445995747303,154.63992007211,44.7028058760042,4.64460256535021,hard,2.81359215603675
150.02646217342,151.005892090692,1.0102671054864,155.622289386735,24.4473801631697,2.88713756478079,soft,49.2493364679173
162.564062518009,219.7073101777,0.761616013007792,159.782622308124,28.6634461455826,4.57119740788421,soft,29.9949090726532
64.4763980161508,207.443307591852,0.917939373581057,151.214042893131,32.1510020041653,-0.276278279331169,medium,9.74258385161356
183.325865981284,89.8480179190876,0.942175013587673,154.149778280735,48.6815417959032,3.1561239284983,medium,63.3539158813721
160.51508841009,200.420320190996,0.962028519498202,161.096592920221,34.3794382723125,1.78546859919607,soft,41.9989032732337
205.014885084072,25.1389174370196,0.847854082719717,159.358761545831,34.6933462759582,-2.54418041238656,soft,65
100.463997338482,139.047548002174,0.75199268889522,154.103538860893,47.1209131585962,-2.27864175796931,hard,23.7768113611998
189.77607674431,229.795107131015,0.854181317559839,152.871666433805,38.4807951151696,0.411607733918756,medium,43.4681175808162
97.9645619560115,190.177004281719,0.86758132866083,152.868143888405,46.2123918106049,9.93984569718647,hard,7.50278957835649
188.110480710324,168.305233503578,0.956338927513644,162.699541609049,27.7266671003263,0.486684821149279,soft,55.129472222961
99.431204392135,168.735516698685,0.768773049666875,163.047927971545,35.7148306523886,8.97846830589777,medium,8.39535338177382
208.806251711096,229.73688704769,0.999487780144871,152.120459926616,34.6674925960233,8.84304185990948,soft,51.1308234822321
174.063425886993,206.066089822536,0.973978890432801,164.545312800179,20.3873930940361,4.91318430325005,soft,45.1046978316512
153.880278805443,244.056809133098,0.838926089440113,150.873037268682,41.4603089007771,4.87975548435387,hard,26.6093826497251
152.699095561931,37.765739907504,0.773782255186165,158.859577959216,47.3690983354318,4.12620900292652,soft,56.6818662727802
157.241182731982,105.46764806907,0.769351827066859,161.933523904357,22.6509665750268,5.3078267552986,soft,44.1458459636429
96.3124174556717,248.030917661098,0.789462087174371,151.019312986327,45.0960341846152,8.68664951728426,soft,0.706207393806461
103.830767533771,240.435733939032,0.997392628142596,157.014308120852,44.1163508477501,-1.46414706883198,soft,24.0945710538146
199.54786668369,54.0950281990209,0.784470607704774,153.784487624813,39.9741202531153,4.26593326851276,soft,61.1988837882343
149.460141914475,243.563208484872,0.786772284794722,156.635523016393,23.725092394376,7.21916930124923,hard,18.3547502334359
113.708853472969,129.503750749419,0.97236922234274,155.402263442351,48.0331364007001,3.7291133756254,soft,35.2161287875744
86.9631419930644,91.0978434844761,0.771766902100794,150.156297145778,45.0078272803395,7.16377284671495,medium,19.1804469663277
120.98181976069,42.1688399842356,0.848513366378875,152.585833877557,26.8832443795333,7.68571478334217,hard,49.12900018339
172.680271772604,209.798543061335,0.784849043593284,158.762340033473,45.6442191040418,-2.78345964904279,medium,42.3788913619031
200.233920482664,247.689722661316,0.96130316026506,160.675178343285,34.6394879024889,5.88572661072194,medium,41.9648879001822
141.439750556061,147.272155264993,0.889233509142336,163.932869027303,30.9688630086074,1.45953450172873,soft,42.8811222332118
196.563385572981,230.303593737758,0.820675824460771,153.098814565469,34.7658016820147,5.92683849345973,hard,42.7332478311734
192.36590750967,20.2278335407312,0.912170525080917,156.407384446168,27.0861826905358,-1.72915527909406,hard,65
106.076016207476,71.254810710054,1.03566396873925,154.846788400141,49.0848310030794,9.99685208258473,medium,38.9890453962869
87.7206044151404,199.506250134532,0.90066578272627,159.168120328901,51.175693218246,0.440591122780745,medium,12.9035847000996
174.867977284742,214.432917634437,0.990800257853838,158.760368023607,25.1548895452399,0.563889618329839,hard,46.6210058810005
112.891063521701,121.367327269398,0.821252466971683,158.223619368186,54.8837362126826,6.42268810949748,medium,27.7204907854112
62.4606317518742,53.5186786695566,0.874492207499224,157.155799032982,40.2723378215607,-0.229056926039208,soft,27.5150830549027
129.238157693973,199.876778905049,1.04741729019126,154.115125093828,21.8994363257597,-3.34952621768546,medium,38.3118730355548
140.778453382678,210.805377578816,0.88195917386505,152.560656806357,50.8951373868688,3.0758350252452,medium,28.4220969451009
62.5335119839261,220.828254376389,1.00095664661282,157.863475060137,36.5392234379382,-1.14599465129889,soft,5.82077260035023
134.712463720763,178.860025038566,0.794321020983538,159.619121513051,47.3213417993721,6.36655127295327,medium,23.0160211847617
99.9878495926665,216.333694955152,0.922683338776637,157.044581058053,50.2953203046379,1.2864052588022,medium,17.6934128822215
72.6038963841951,76.0683289080857,0.913091468855817,159.278862059758,32.6183459718076,0.0972543216857238,hard,26.9507626551951
104.904432076428,36.2715271006809,1.02696844415488,157.420049854708,30.1078031478611,-0.39000712969928,soft,65
187.550506754198,51.0882255896568,0.881901888497123,152.185975920995,22.0465108610471,-0.239252541043515,medium,65
200.266205371174,29.4110162940464,1.02032695482859,158.804715311885,40.0150366694128,-0.398222772302438,soft,65
206.147652506107,233.280103082546,0.841794954133863,164.535746699638,25.8073663042025,0.179274396419274,soft,50.3715521729486
118.545206518687,133.288927607941,0.757722846183501,164.346002159915,54.6380157913325,5.18448619024537,medium,24.5906876438767
165.21812731661,231.546496444398,0.750774400811999,163.183741139991,28.4096850410774,1.50341494165043,medium,30.7227473833604
163.442732801902,202.864636633497,0.982444400144394,156.855505657753,35.5606233234217,4.44867237792425,medium,42.2890137188639
146.933053471569,112.419739742515,0.989705680643636,164.878660423258,23.1594487202014,-4.7303598982144,hard,58.2676805933063
112.008976299124,191.126833616265,0.98085198765616,152.506501271043,24.783123987396,6.87135264738052,hard,14.3320865772212
136.676828007613,223.784436324397,0.985044855351154,164.68119580494,33.9386466333529,1.54940228753809,medium,28.0941642746679
98.6622689911903,40.6162448489312,0.751241640058607,161.24608351386,44.9375811303892,8.27126281565253,medium,37.981539493467
89.4346119282427,81.6482761682183,1.02482607161403,163.705295003666,31.9609981673944,3.40500433004488,medium,31.7750717526383
198.06239762285,43.4583164793637,0.855693294091829,152.140932982394,37.6942585462214,-2.79329379128757,hard,65
189.441798722539,117.102585125517,0.775926778780914,156.91259067749,48.038604136813,-0.605839057589461,medium,53.2032129007751
125.154425779827,149.724822283222,0.897851509386227,153.521189516046,40.8213199097757,3.3838750019948,soft,34.1674842922728
162.653417855775,68.2357258644232,1.01905974911333,162.441169330143,23.581175997037,-1.77367290588249,medium,65
108.490485977815,183.428081413846,0.881212420610126,151.189082606156,30.8485292998675,5.61086464627613,hard,18.4001720452034
168.396518498146,148.730358962443,0.873039140493278,154.846818135978,48.9216128941757,-4.91003463583766,medium,53.591489456704
174.273456462395,211.066619102324,0.929957740825595,163.203293224293,54.3245876404151,7.07890367525156,medium,37.9236114881886
206.870121713179,33.1851803618512,0.889253841811237,154.787271913729,44.1893301242725,6.10405233297718,soft,65
63.9886308981513,244.744688593054,1.02898798623453,154.384984666628,45.6309082257705,-1.53353369846176,hard,8.94201113808233
98.3575208319521,146.868016543759,0.916945804815996,158.645257436964,24.6854691939342,-2.55499667082355,hard,29.0223538503504
61.9993071579509,51.5924644754621,1.0347395020978,155.684017711247,21.8065411840004,0.378630109085847,medium,30.692383315174
106.918127732889,164.640978233755,0.779277181660675,155.136452557164,31.5895050019545,6.4620020247949,soft,18.0946412936037
197.099288623452,139.80704444043,0.903634476968004,152.643708614697,51.9174799354035,8.55298482772639,hard,49.6143657662268
179.881685897047,154.070727136428,0.762684656906361,151.727012049712,44.8058718477546,-4.876578698193,hard,48.5602753259197
78.5127267650116,52.6020618073179,0.981637250755994,158.159499831197,27.5521188005977,2.06195488206439,hard,38.0256791604253
164.194288452284,208.348594940948,0.819858800257679,153.937843979811,31.4505576663415,4.84769126875776,soft,35.6929648828055
137.382286163823,47.9627068264513,0.787162121585528,163.413150937491,25.7603821830402,1.60069309030954,medium,57.9767304575662
163.382369435118,42.8912294769591,0.918026363189474,164.127120892334,28.4266979908636,1.34487549674802,soft,65
206.57779912935,123.453262801707,0.996703956771521,151.395246919506,45.5195142128323,9.40514422209468,hard,56.1031984494645
119.148681414541,73.3677496257659,0.791489381919826,162.833549208433,43.3798272305221,-0.792661946559941,hard,45.0263300990814
88.0676858416009,102.411501230908,0.89329675792623,164.818836173849,53.9378449691463,5.39880326944798,soft,23.2185164171038
95.3069496420539,48.5061544584764,0.838854266001625,158.330712430116,51.6110315054389,-3.79822134233481,hard,50.8045531462232
191.557298818525,228.478860111872,0.993549342220079,159.009807872325,27.6940280042286,1.59653232138335,medium,53.1608770161461
169.971072218033,45.9786418495877,0.91547440096196,152.674245540086,30.2550152506756,6.81961051925609,soft,65
121.708000119327,70.2526246443962,0.97423953339786,155.351625180113,51.1030654034502,2.4054785649531,hard,54.3482176243723
136.439733427258,36.5423971552369,0.807697292954128,163.120795354719,26.8245785914255,3.08592543418569,hard,54.2999145731721
152.638347346953,199.658091788087,0.938905589710381,155.593846295395,21.9671129446824,-4.00350564850947,soft,46.7832871243129
103.612838752856,120.327364230426,0.830581276020629,164.259293104359,47.3882864929862,6.46529037909115,soft,24.8955963377921
165.604880035216,195.755757467086,1.01958667420292,152.525655994526,41.990033330343,0.52722228589127,soft,53.590766029038
122.652705457577,178.487451641148,0.809602721754124,159.719394914683,50.15896858358,0.0103838319704854,medium,29.76132686898
196.424307564182,228.241662595862,0.980955666584171,153.131428998369,26.4616144360975,-1.24257113440349,hard,50.4110707339974
129.227767486485,237.891448308113,0.841991257751029,162.837306513018,37.152300823684,2.2531248889123,hard,17.3702551882818
182.868646673387,238.252833177801,0.751802637205376,152.231750435585,32.5303857483546,5.52064955865078,hard,28.4205166520836
205.215352734324,143.204265572476,0.992525006162845,151.605672406041,23.2711386591969,7.9293418993251,hard,52.5210616891878
143.388250784633,186.434360600506,1.00632819326891,156.670042684672,53.0074006998922,4.62925098184781,medium,39.6834925109152
70.5517712507045,103.560627745152,0.857077070941606,154.008216654718,43.1252786674738,9.72704089505453,hard,7.33754534876891
110.232605565253,115.056407636303,1.04062270395244,159.734929410057,26.5760458914416,-4.23483078205868,hard,47.0545967150033
144.534884597551,79.4634936817817,0.826367862806801,152.497793497081,32.6135513811465,7.91636327795951,medium,44.7896122616523
143.813878565185,137.403719627716,0.894588579760783,162.21500562663,23.8392032973824,1.84837709969509,hard,40.485651921226
198.946707199557,185.284834211981,0.836729035366831,164.248243944423,25.6400245207087,-3.57966867528868,medium,51.2937481304263
100.550101820638,138.52687376481,0.862990796269567,154.11323505392,41.9800779832898,5.44558740920717,soft,22.6733585058998
73.9205085099921,214.790489741385,1.04354479694108,153.433497284921,20.870288694479,3.88055730362914,medium,7.77488662578921
166.23933557434,32.1609859278442,0.761879938583053,158.765532165734,54.732758860949,-3.05760516890414,hard,63.1918007997595
127.729836601987,156.535867778784,0.823613075580491,156.691813455599,54.9383783926966,5.82093705019989,hard,26.9195826658117
88.8547188783348,231.036803754062,0.778150753505003,151.855148503997,53.5023932430188,6.24318406997676,hard,7.33082786320506
68.9306245304021,191.671336282798,0.830936916164014,154.911485507055,39.3337203088232,4.95427323182001,medium,0.61996300828113
118.244154026142,44.2086940061216,0.898364487633185,156.239980332774,23.4543239655802,9.31842937707237,soft,54.5093475262425
139.019055011623,165.157374883845,0.966308887306228,159.843951835707,29.6314245982276,-0.00659049262464428,medium,38.2763163582143
94.7819499549818,83.1832375862307,0.96735838054977,163.549917422743,23.647104314744,5.91839663712259,hard,30.5480515635884
104.456069393454,191.975572269068,0.868212663053704,159.85036620571,23.2561068616316,1.2759621701917,hard,19.5665875119769
192.283846864102,77.4055907376642,0.750287672283507,153.172503897103,20.5657685837765,-2.22736881843673,hard,55.2179019453161
185.645364064302,107.798150403336,0.773452732789058,157.083879738922,41.6476794534908,2.09965905260905,hard,52.7959603894687
173.743703727166,99.8435382485758,0.895133459349728,162.723696319845,50.4602695692544,7.69393480801364,soft,53.4788706395208
98.3191761027575,61.8775237011734,0.922207746034502,152.449617957289,48.0887359713528,3.0536480211768,soft,47.5679998440451
93.5170180968478,47.5719144118522,0.761235730439938,150.209877190253,30.8869070253658,8.06847400734581,soft,37.3834891393865
208.162501688863,210.201424894144,0.989943897325839,152.390023881512,27.9835835065621,-4.71883074935834,medium,62.4955884585198
108.276406084108,136.365419063744,1.04707063641267,163.263615684138,54.9981036423837,-2.39817087141796,soft,39.255544700125
181.186107945002,172.576027972813,0.987925706059462,151.952574086987,46.6880220433373,3.02957435274315,medium,53.3723880098883
74.3582768533618,204.489985107678,0.844155700038159,163.809324736338,32.6262156622284,-3.34971670840422,hard,12.6472105099098
175.338115467225,122.982163678278,0.989036760570245,157.91163071813,34.5368107128957,7.73700603748459,soft,59.6231227663902
154.673898864103,165.943454718396,0.881192270221463,152.679894388491,42.1485712174221,4.37985478930616,soft,40.9144337689032
119.787517338092,207.554291885454,0.940288334362279,159.443248296339,45.9924679486982,6.75341089707545,hard,21.1564234875102
110.285954410602,101.330992368622,0.769534402175273,160.096017958471,27.9477772927944,-3.93987399613791,hard,34.8203835818773
106.885613088521,233.052207817571,0.832054776020991,152.799113078293,48.5761321066151,0.495870703084631,medium,12.850681154603
189.518252864696,73.1910570616417,0.797017268435834,157.465624990012,31.2110271805781,8.49664104964451,medium,50.6924473568588
132.1603189153,69.411838047075,0.789052181409489,160.549258018092,49.3098313437372,-4.57899121646269,hard,52.2970581924369
205.507586911852,181.926433193723,0.759783593426792,158.200899631685,53.4504771653979,2.80382684926911,hard,38.9513620360456
125.94370689067,32.8613689584045,1.01324959268543,164.192684007813,29.8674153344262,7.29229701992339,hard,65
137.289651476841,178.881831904863,0.920383093274722,158.822315960689,50.6619460509284,-4.54454299338185,medium,39.1612658134313
94.2836487371128,202.488752498398,0.899791347432271,164.279308042566,52.4586660894837,8.71060987329824,medium,6.21912874807903
171.055133197587,247.738473669235,0.918645419778593,150.010765278602,34.4671514589335,-1.6662745329433,soft,48.633850979066
141.543205482765,159.134411510863,0.833939239477981,158.45562956209,51.8150230889456,-3.84046076244797,hard,40.075383486044
194.806338935831,90.0929316166471,0.840919147182134,156.405808011638,27.7723004937503,2.39220884853206,soft,62.4785323749176
89.7658966175912,100.20554406493,1.03127201934474,163.640550931179,27.6988993592351,2.3012692801712,soft,34.5526533753483
209.622612799825,67.5979379436463,0.773502958560692,151.79012587248,38.5910881453934,2.65939286429238,hard,57.6466563737743
95.6962274460051,154.736625023097,0.878035739061848,164.844325389766,22.5607237624472,7.70619933014056,hard,18.8157140531164
166.006471814121,223.303467242454,0.834278364005857,159.458758272614,48.1968248150086,7.45000482145743,hard,29.574555472414
198.605397667298,71.6315771993094,0.785983598530193,162.62764898792,39.4109367485838,6.13275140747583,medium,52.9170343048634
201.605747521777,68.5918169194024,0.855489589738812,158.572092469614,53.509957378095,-4.28507681506741,hard,65
150.76013242998,233.634176513021,0.871376883024419,161.007942396318,34.3474850052,2.56036981625548,hard,29.6823013861435
191.819613258954,212.918883328505,0.861825409001766,162.172543416734,36.97413653293,-1.43445348846649,hard,46.0661924353013
207.860230466376,137.212813384225,1.04432250928101,162.829591228896,36.0861626438446,9.08235066145819,medium,65
111.936050847703,127.653377288465,0.944270678948643,158.741980779115,33.1364785010233,3.26476359959831,hard,27.0112693239189
135.292992113029,21.627001745484,1.00531708879224,158.741687064322,53.3224010198656,1.72098237492212,medium,65
117.832279333021,62.4778545658898,0.972927454918968,155.063774575598,52.7907315128781,6.95817320797553,soft,53.1432902752324
163.932562388697,98.8938330222224,0.82046149980094,158.030013977562,25.2715106136133,-2.78512191572976,soft,61.2382868505706
149.220626393932,232.841264764572,0.855073411839593,150.403332456996,41.953672368897,6.49043161878844,soft,26.3312107862292
128.783624859134,54.7939698653747,0.985386250417976,163.529898299733,48.9459620906686,-2.17918600372284,medium,65
84.1748189730576,100.07966761151,0.771129489090383,161.088498403588,30.7795639787508,0.530048631040295,soft,20.8244025169445
63.3128363250696,223.01189248551,0.790553334704021,161.062499418811,54.1908147139389,0.893321317538119,hard,5.07321511563257
143.668736969999,114.71522888392,1.00556465566283,158.386859330154,34.7485658556914,6.82381759058247,hard,49.2590173085815
194.13164546499,166.622462757358,0.912201512833129,150.738260494215,26.2976626953414,7.15179674099906,soft,52.4225939890814
197.71473288373,168.442170629321,0.778207183328897,161.673956566423,51.8705632984797,-1.41384823980838,hard,50.1309791820216
166.435808039196,154.931070577463,0.786878644634563,164.627497667997,31.3579420496645,3.06091571475586,medium,41.8538604704652
62.1976867292681,122.728130962688,0.762795507961568,163.22676639125,22.5467456045563,3.87520879408112,medium,7.51659599145355
189.948516637149,66.0892305288886,1.04703407722043,164.38158816804,22.305320692581,1.46248010999948,hard,65
147.826946281191,47.5999722679847,0.825374306901101,156.462581347221,41.0913998259267,-4.6793170666265,soft,65
167.787887002042,99.0734973606526,0.987675041624913,163.523872997915,24.0152478854166,-2.9743877776138,soft,65
90.6710209446863,102.863828456148,0.898406989034401,156.434197706068,28.7252512196311,4.67728027500986,soft,24.371763582526
67.580131066994,209.389554437711,0.821442172801937,156.266639393216,21.0306295753369,5.49690726842115,soft,2.39508484594369
66.4586379640378,235.808119269833,0.778703782495256,163.550267618513,38.6236559789558,-4.02210077270877,medium,8.44836590473937
176.493724164321,60.9861525398299,0.882541410071327,157.521123091064,36.0786094026285,0.501690293025311,soft,65
116.839577361016,28.3796651063882,0.859363398964241,158.124257123959,51.8873091254797,0.967953930588287,medium,63.0598901499617
62.0369011739574,199.314045797026,0.837319365998525,159.318379205616,43.369359993701,7.6672987557839,medium,0
160.341003508164,196.260729437279,0.753270292668715,158.997060938632,34.3570422159386,0.981925419543137,medium,30.1891863571908
206.913955219533,141.12866814437,0.85850809906111,159.156050651353,30.6470397076085,6.00419077756204,hard,50.9908418568271
161.776947371525,104.824356405976,0.879942539890335,159.713569340186,36.6230791127131,-2.64385909773101,soft,60.0758225773607
163.618908031553,63.489445617602,0.915808266487698,158.858799973852,37.3985388188685,-3.05036056522447,medium,65
68.7298816419087,179.121795218914,0.985775522037017,150.682442956863,37.2520087754411,2.73733311723781,soft,9.64499778474023
185.807090553333,46.2206530037893,0.760769129297075,158.637618020319,52.4244400362406,4.00105193656465,hard,54.2926588600763
133.573393813528,173.453626552271,0.798475468378793,151.494626586289,32.2533734871199,-0.7238481742155,hard,29.1971530304955
143.276345533635,140.627778502649,1.00353978053478,157.399176597998,21.8345989678966,0.381840108695845,soft,51.8468949343342
150.772220498517,72.3617908763409,0.931254067827929,154.753785501621,45.2432437532104,-3.98158994576704,hard,64.9604338096489
60.42586812176,135.334146670293,0.90650358767622,164.244180172262,51.3694165038348,8.3198048909029,soft,4.72028116764578
106.962720348442,171.105405289408,0.904357730320362,150.396547724657,44.1099656607814,3.09940947366571,hard,20.129174142341
132.733500259405,189.062462012652,0.894484953897917,152.333973094103,38.9544138667632,3.06270652152858,medium,30.0349141986187
66.0592724266924,143.128174210409,0.997235020030173,154.640970290705,21.5414787287432,2.39129810608142,medium,11.5758699793605
188.215515857688,34.2625782922336,0.943453508847563,150.45233014774,36.8346868978792,-4.32200662462047,medium,65
142.981151266798,105.550648660275,0.870560004706772,154.580332802534,23.4360822175116,-2.62702628166972,medium,51.7137477885687
128.507964433064,159.923448506259,0.958434692075277,158.461292397144,50.427360214141,-0.526366811857673,medium,36.8432608702408
181.265314997705,34.8893883165294,0.962789946250361,153.778861619074,21.5279089343744,1.64649947948763,medium,65
146.354047883472,184.908193217961,0.941917369960006,155.798264815891,29.7309458843173,3.90722621907724,hard,33.7882312377686
61.1742783632819,32.8084967764488,0.914457434837479,150.221514625101,34.1345704453475,-0.191905726550462,hard,37.8364184055004
75.8751797840489,51.0331137207517,1.01087950228038,150.742549255127,23.9555889720457,-2.9382149199929,soft,46.149687944924
164.206552292374,152.571077763973,0.882368726902323,153.260882170794,36.4530595934149,9.09618489458591,medium,37.9488166160299
85.0007596032499,175.309588642311,0.981268355093765,163.609323194884,47.1887008807481,-1.75090669003393,soft,16.985995325911
199.531858352075,212.642835954174,1.04775168980742,150.647935140889,22.4364632055658,0.453993355408592,medium,60.6837649425575
63.7887119401989,210.947416924635,0.844211895782448,150.376773710632,39.5875113771201,7.61739347261296,soft,0.0404037246502507
196.267337414474,20.0994692423775,0.954999539789507,156.332599937813,28.5737033054274,0.691866386486399,soft,65
134.033901908674,159.738340755469,0.812217004479907,164.513288378447,31.083404626836,4.76347763246262,soft,30.2283842200449
152.315033909293,24.0097298017654,0.824833199683165,155.02259626221,32.3474422443661,-2.49507781847156,soft,65
187.746888197051,222.579262095828,1.02525493870121,151.075934855043,26.1870038628917,2.94963356366371,hard,47.636998998248
99.7917146764176,175.160704801189,0.861418600942201,161.350860152907,54.8201025122796,5.413291886981,soft,17.0149998161656
63.4614399327666,228.203940647713,0.755087809929381,153.43066291909,51.7971600468414,-0.412640025998037,hard,6.80477563366593
206.480395015647,47.1943548858488,0.999889699469871,162.170365075039,39.2098209153956,5.35354130634974,medium,65
190.219406547166,119.245550450868,0.942664878075449,151.864611435767,33.1604379861633,7.39241558537659,medium,56.4871670379419
116.286063015051,184.531803478032,1.00586604947116,161.394593536941,36.709439887257,9.61417901351685,soft,23.5913491744296
153.807959275498,163.26339876446,1.00807750868057,163.546317752322,31.9676086183472,-1.92449310829116,soft,52.9870273233608
134.264545704218,166.742837836529,0.881206337930269,151.405982643758,29.1749667314404,0.495298280265265,medium,36.2130687780687
168.548041992952,138.133576693434,1.03506828447847,164.275883825609,51.4750001591866,2.47766195033066,medium,58.9250876189691
78.6716405904442,216.91475489303,0.830204801395745,153.512398930927,30.3918791499055,-1.70653062911545,medium,12.3493879376149
116.059191042974,137.293077514223,0.92267503617845,160.403501182608,33.8782082890165,9.96088065109258,medium,28.3436542968746
65.2766942729551,120.706324724984,0.863340343805276,154.372254824119,20.3080966785308,0.66961569363578,hard,13.6351124149114
202.111174387768,134.099221565698,0.968022439799253,154.259816999603,46.1938997877662,2.75413969420454,medium,63.6400957300541
133.940558520555,176.307224015294,1.04717171989236,154.911555763194,34.5982898935207,-2.18475034591509,soft,42.7713292948173
200.904236556155,203.293029200104,0.834177543661117,159.8607086523,53.6310932804817,3.64077286539781,soft,46.8127445252682
183.244164654053,212.57378269542,0.822575936309751,151.845242581455,29.0077602909403,-1.27631103688861,hard,42.3887199918929
163.547791938415,209.853785169423,0.891589305301983,163.683472741477,38.544391866146,6.73999833616431,medium,30.420422674251
142.858409597203,179.991127246103,0.875028501391849,152.139418253398,22.6448215857003,1.76389606765239,soft,34.9527996238919
94.6347304512732,203.43893931591,1.01606359021249,161.379482132448,37.2312384722448,1.99153680904306,soft,19.4465723973766
84.5688099805234,116.205848174671,0.784781026127619,159.235292786113,30.1590816229133,8.56787905290497,hard,12.261662255529
108.251549927545,127.015884948616,0.933065734535672,154.998728484534,35.5763490475735,0.715267688086668,hard,35.2278782698392
183.013590474052,106.624793427382,1.02984497709587,153.013739338009,21.9494501226561,-0.936620945400544,soft,65
129.298934410549,237.076829449871,0.993394652244449,150.878600389625,48.3116972137254,6.75263216336118,hard,23.2363336816873
75.1681646132866,99.1780893392477,0.844412698590202,153.428052661,29.8176812865526,6.74008589324595,medium,10.2214866362
205.68449612513,245.960848783491,0.812999033219999,161.108960068733,31.0361433711766,1.59541465438567,hard,38.6986755300203
195.126342175693,30.4966744331315,0.772699466170232,154.14029702245,39.9620363270802,-3.13711227668187,soft,65
95.8288154969205,75.0498780834579,0.949781722227478,155.252888510243,41.071683429628,-2.57532278112871,hard,41.8842635628208
161.692882316272,177.382233301135,1.00277274035713,156.270841093441,54.2760686299485,0.77050748929704,medium,46.0911263244947
80.3177867912319,247.668370047421,0.947206108226679,159.083713987423,21.6046062191216,-2.33002920063048,medium,14.5118376396329
188.592213785901,235.43859532697,0.905603239497451,163.182293463669,54.2930251395033,2.61374840492169,medium,40.6622169621025
112.131518410699,20.5219372265875,0.772264630725795,152.871513982738,22.1903765228609,3.63125514019514,medium,54.8322540733494
92.2647828788332,107.72035615178,0.950180980703998,151.815789220418,26.8255542027166,7.51039041056206,hard,17.7005247421473
169.135907783712,165.046439611434,0.994351004555864,154.534662845208,46.1916657940464,-3.78327196935843,medium,58.8599295633421
171.913066556653,114.677718739319,1.04116018940014,164.785923666684,27.1648986867653,7.43484888731517,medium,61.9059617157192
187.133564415892,182.874266667796,0.812717782558288,156.113515977429,22.4775856017845,0.540161991434715,hard,44.4019088518459
113.026000770755,153.162025124018,0.901359575995457,157.780290352671,36.2057888181632,5.79001606844696,soft,23.6160444712085
193.052781430772,187.534299345192,0.959385494196499,159.139673769359,34.5552760904766,0.878145043319433,soft,54.5180578731246
79.6514660907062,238.952865734472,0.86506077262237,151.939742750274,42.1669465984448,7.77577194800787,hard,3.77316914188191
104.454942574767,29.772199356614,0.997941898440106,153.886997817925,21.7819454546626,7.63059427975613,medium,60.7235035748445
194.813331464691,186.69109717348,1.04993137755751,154.461579474746,22.2806106842017,-1.2300098782704,soft,65
68.2143750539459,104.494113870162,0.97975390264991,154.393810905134,26.3290086653502,4.71336172607194,medium,15.7814385313442
178.393821790973,197.976246734853,0.803757003612357,164.008128457303,33.3361055799863,9.99352263311592,soft,36.8076662197095
123.927350952735,114.200686585813,0.992539150854249,155.389719678629,38.0376603223288,-1.28737394403035,medium,47.804512131652
78.6504196191763,150.117845010741,0.833915139052125,164.567226897963,24.0516220024515,5.32113261597597,hard,8.98400587186665
140.650237076803,99.7446491426168,0.784440785381326,159.720564413726,46.6680031999972,2.26985388474414,soft,46.7284060343248
87.3484288988564,200.177453501411,0.777283221572078,157.000111982515,29.7868244224339,2.11944095540244,medium,11.4503917822047
167.951681081907,145.752427014478,1.02650730609981,156.925633326501,33.9684549227599,9.94713321035026,medium,47.8107035759527
161.641459867183,237.313325766636,0.903626451942931,152.557235615923,33.7287282398219,-4.91844319765066,soft,43.6561195459715
67.9501896283396,45.9336949415201,1.0472189793286,153.603984191478,50.5122617903736,-1.59315916050045,soft,44.4930954435649
193.766738672913,174.852658368227,0.869925604319252,162.552365630402,45.2905028116616,-3.57707300221768,medium,51.6140864453925
157.405551459812,90.8454503570976,0.769787931980203,159.396056175087,40.2597420019323,0.306964106003323,hard,46.611115073941
127.540479850234,28.5156910117837,1.01343632679273,161.451310715886,39.9945636842053,6.8456404693848,soft,65
171.887089251595,183.826549259645,0.761075586250576,152.60097017143,23.6817953879758,3.63568225536715,hard,32.9092977716908
179.809627566115,42.4068264867121,0.807873791969108,156.392476259046,26.8543332319587,-4.54248388611181,soft,65
100.495933671221,179.313129047823,0.857924833926394,160.915505252749,39.5473322239069,0.250913207943022,soft,24.8655006001616
163.956563805323,98.3105367492368,0.98246826716655,153.655927775132,28.0408096504492,-1.60150220753031,medium,65
115.723653784972,202.878778194917,0.931468653925801,154.92625662227,45.8524273979476,1.95881733920854,soft,25.6069874182794
195.74545797579,102.797860384353,0.890940179173418,150.902726140533,36.8281431131311,-1.19568713327698,medium,61.8576183367624
94.3429981308559,72.6937698824452,0.755131356860807,151.534306609809,51.3231403489484,6.33335638534477,soft,26.9821494641889
126.464302588979,63.3068161140489,0.88878961824835,153.805166309916,50.1994032869857,-4.90246565207854,medium,62.3955304519934
133.900685106092,40.1328038197876,0.922187375483754,160.077919731027,38.3447293838778,9.19453837421809,medium,57.673323655581
209.831514691401,137.525321686369,0.829760760502129,158.942717402087,40.2241589375342,8.63322348598422,hard,46.2217088786003
208.88615826518,44.6967783129673,0.961027152808218,153.032077941362,25.7469682188179,-4.64980966900504,medium,65
175.89126589493,73.070082386076,0.856630889350977,151.061591543692,40.9057842151705,4.7323353951895,medium,57.1724162261059
98.1797249434654,196.005215673,1.04742571718696,158.200707480745,50.8176665328556,7.63510982655339,medium,12.4166948325797
76.9388975869518,199.571822521197,0.96264062081894,158.797876753563,35.8009045373897,-4.48258756589315,medium,15.66106554571
86.5107438813211,116.21662331227,0.941229011981691,153.569617336486,23.4693483514103,2.08351051567256,medium,22.7455623980084
119.306163607036,110.739894610536,0.761027608866441,162.31551072322,26.9468292649286,-3.54286671601928,hard,34.7493232390406
155.975413366363,75.0679573305263,0.940288289557396,161.573036182288,42.6775039473216,3.71845315293626,soft,65
189.561551989366,90.2644763207651,0.804925503059204,163.414945826643,31.866383630265,3.89304149522667,hard,51.7279450048611
79.578077580834,26.7858920445039,1.02733363799316,151.026732238792,51.1737090575408,-0.135945254319847,medium,64.7612171062971
173.369559603051,35.430448984854,0.856942658152875,151.83759038063,40.2084030794992,-4.20360663544485,medium,65
172.591520994336,27.8495673600956,0.994881679769362,157.949561883249,47.2311769391969,8.20989641062541,hard,65
167.451692658744,208.032647473059,0.841132552314927,163.127558441316,46.7337968875334,1.26149039217334,hard,37.2367574697194
197.9673870992,103.994118825221,1.04788422901127,155.301087480886,51.8405740469257,0.155634727090642,hard,65
136.022814601941,178.558151971451,0.980820170610378,156.459736104495,22.2453872858001,-2.65956604729177,medium,37.2199040978628
76.280796594068,204.426679240143,1.03286552632498,153.537294459502,38.1740741687787,-2.13212166149225,soft,20.4583476703313
184.552427953382,179.762325618589,0.960809383391075,160.234007483537,32.2265895854492,-2.73743010487046,medium,56.8347300389206
131.385041535586,136.53211784535,0.873356715995049,150.711214776275,53.8693950237565,5.045781826449,soft,38.9343036415886
119.248118433416,81.3722337443451,0.966543020668889,159.676573791479,46.1981969871868,-1.18849889886738,hard,48.8184894287319
204.693293250014,126.726747855715,1.01619988087718,158.19049401707,31.6970157383629,1.5571603634277,soft,65
79.1845074340764,113.52296623305,0.76671769747211,164.112550653,47.0743582775623,0.411056627125011,hard,14.9850766065011
186.830464638977,125.631927856811,0.750909776129004,164.618478233092,39.3959245211908,1.08187355236553,soft,50.6280052739744
72.5832121264371,163.226890209106,0.815957174021185,156.81144207458,30.2155095531705,9.9344048509781,medium,0
106.57885910407,50.7198287225532,0.847514712207572,153.060682303343,24.7033069596656,6.59233918181927,medium,45.7550555839607
75.0427434352907,23.1972448123131,0.794627896508106,157.270769123735,24.3621125397773,-3.78808516629817,medium,50.7692908562883
205.420264142147,140.741662200208,0.928088131310203,161.304719633885,24.1394342644725,0.683636525020792,soft,65
181.684810885857,181.217533109404,0.915660624537256,161.853785457494,37.4557722926293,-4.28906131129733,hard,52.4891359691562
75.3599781829246,77.8929440365887,0.940495766279782,160.541177257095,52.9221022099393,9.11335509985387,medium,21.7207182428502
106.235389001404,182.659091644046,0.787822535650837,161.702159204522,25.2949514590778,0.340346569638767,hard,18.0155699370174
129.167663262336,112.133293259382,0.752107118740318,164.994499654982,49.8553335366185,4.53072433675906,hard,32.2252080489186
194.766449635864,56.7911618998585,0.788767245816295,155.870806200568,38.2911032456947,2.43549698106264,medium,61.404891357648
201.422241198929,216.559346450181,0.808529681493924,158.164719917978,54.4948449292217,2.29268263592079,hard,39.4099178255909
95.3133062516471,182.952367741035,0.760545686395284,156.786075527784,41.595537219524,3.00477834487719,soft,13.7179014030494
207.887082775653,79.7500124664911,0.764147556702616,150.550192366272,36.5531520094461,1.60350176704851,soft,62.8924212544818
118.186553060263,50.0141249176833,0.942367729289579,153.120876061401,22.5500101970437,0.57398545287657,soft,65
102.468777880594,96.68751978276,0.901771082898404,150.365373302961,42.8416776268123,-3.24307566775344,medium,38.5485272859844
135.342129180524,179.095903268465,0.886936365334475,158.326091012949,42.6817421320545,-0.346236395776555,medium,36.3655926945914
135.347986957038,133.382918098877,0.758555128370909,159.797137556633,21.4915211358253,5.7437890783585,hard,28.9213410333884
92.8535492036398,124.996042401286,0.995267308886031,156.82874592325,42.5780251683564,7.84876350833932,hard,17.9866426282363
90.9957350099943,54.1588521906901,1.00895579067799,151.984532533996,39.065891952081,1.29327032878742,soft,48.8839443170692
75.481886360999,88.9264658745756,0.832794390246252,157.900397480862,21.1677549519849,1.82542922937816,hard,19.8387702204939
156.765880360707,249.060607123855,0.910310627051375,152.287149539932,45.2363902134247,4.2867307533124,soft,29.9438617206701
136.744854080266,174.971781702623,0.960677243110733,156.787762839815,44.8432561724747,9.92084937956228,hard,24.082926597386
83.3462580390167,134.107203945783,0.800267290008334,157.499707587239,52.9388623607995,-1.92713519855889,medium,18.6852535228695
175.752438828075,165.359147114266,0.870507918681208,155.31943673788,41.6862077115827,1.39119759148077,soft,50.5571017633753
68.1312770811236,113.710868292038,0.856754405297919,150.068135065451,20.158097527969,4.80467848065371,hard,9.7314966001263
83.4385122188372,198.394743656962,0.888956933479637,155.180355774661,31.1257040808813,5.45919343577831,soft,7.89194161201932
79.7538276714737,223.696356696974,0.88178131666376,152.459145199406,28.4929756505506,6.21939176996879,soft,4.54533123903271
170.576378882129,145.176785916537,0.911231717550638,157.813460609052,37.5378368121707,4.54067484914784,hard,44.4583187079818
66.8642816537022,172.55690871821,0.939732701789532,152.45965519712,27.3541220976178,4.87004871195953,soft,11.0626446342664
195.618562542673,98.4657841449633,0.807354513636125,160.183895926553,26.8793319269025,2.19826598502504,soft,58.3644526744931
209.142219030379,159.683803140679,0.795098185601821,152.96146078148,41.416064517883,0.372022305095848,medium,52.3672500397773
130.471707894221,237.367824978405,0.935059662329184,155.138221868337,34.9501204383246,-1.67732073392949,hard,30.7705734199677
142.781829096523,61.4840735952186,0.882692321418221,153.501169145149,21.2758856120947,-3.45029420968607,soft,65
139.345093313578,226.489232893153,0.762715503174943,162.297794788084,49.5145340432027,9.43863392518699,soft,16.7448697171749
124.262947394535,187.283145004482,0.86888248178092,161.762702057892,36.7300647096326,2.04344991899369,medium,29.6632596875169
136.892716508266,153.84990128126,0.787072910527465,150.288886552112,23.4373268371986,3.61775429162511,soft,33.1146896044623
202.350445786897,60.5139761954523,0.990101795831772,152.447676646162,22.0843831817592,7.06276283967512,hard,65
140.129479894974,71.9176150617512,0.901116020843585,158.545763599917,42.6821655494874,7.00543516027401,soft,54.0088013139177
82.5340765594495,110.235241217936,0.837482385213754,164.534951684069,45.2815381534862,9.90888296871617,hard,8.31681643179343
151.556241890486,238.385388431747,0.756633589339134,153.442658245669,33.8805721112698,-3.68433275119799,soft,37.7495401256438
69.7061942467529,82.7446261581978,0.783365135404294,157.629611186146,38.3007870996639,8.3278491867954,hard,7.35976318579747
142.404655310885,70.1233749034417,0.838935750912045,153.46033848631,24.8001792668322,4.73830231054587,soft,56.4209524602466
147.682217413622,45.250921242614,0.873108895473323,162.896820851864,44.9379829213011,7.70947825080191,medium,58.6108585477862
170.479506628792,200.995219882465,1.04898924152196,156.742771061493,38.6172649357292,9.394211904938,medium,45.383792705935
117.584982794246,160.691995815154,0.823360541799137,162.95150652035,23.7865478655837,0.0201517461383718,soft,33.0671519375993
82.7537551797546,150.769932934554,0.987427000358654,161.467617840088,53.3982533513747,7.84409242201793,soft,11.667576458155
118.494569156235,39.6625034928055,0.80905156783423,151.197628580183,47.8071786103391,6.99540233810346,medium,51.5376364928534
157.956406250114,180.057683811735,0.848413514467699,157.773316975666,29.3052811949849,2.95497782488046,medium,39.2629735588014
182.494618726143,153.072621432017,0.922691130872153,159.307808232806,46.5765924775179,4.72973030711301,medium,53.8102944234589
154.053795648789,211.16251209391,0.898413002706247,164.60941615336,37.0834293037838,-1.40411091588223,soft,42.9891037653633
131.854165580808,180.067420974513,0.932782684616853,162.456721043483,52.923602224314,0.533195446651551,soft,35.2863755066795
159.854489033366,195.028405838818,1.01907733344331,154.759494603881,46.4852706121351,7.83480215071927,medium,35.6983320385129
132.156650682406,215.534831147148,0.966941457278856,164.328531940586,31.1973691395739,-0.616902007473357,medium,33.6563036728602
75.5716515461502,59.2070815797312,0.841430603241382,154.006140623505,30.8528614137684,8.16246318253078,hard,23.9094182364391
127.581171684983,57.7070490073639,0.765901059355847,159.729012445549,49.4487097281585,7.05390632030673,medium,44.9820670129536
192.955821922763,91.2045201441779,0.89411294465313,161.012904497742,22.6966135456628,5.68667036258676,soft,63.1468344226459
70.3316655438843,35.8690013919049,0.845877639379717,161.492275564246,30.6468710431679,0.129749024143126,medium,33.4055811654189
199.018637263714,94.2480692330896,1.04751705961287,164.82253332664,27.7989809581096,5.68494680049265,medium,65
169.486395455786,231.407929309198,0.955852140362459,156.322599029856,52.1662892155857,-4.19200921851435,medium,47.9844365503902
66.0407137158042,94.8302295773211,0.974606545164089,162.47065903611,21.7372887106453,9.17138234143264,hard,11.755191823506
66.6718728668322,100.205549138836,1.01307193313642,162.552308127597,41.3790318752186,2.13730335357613,soft,21.5760424908663
190.559202163511,126.381289558586,0.764413369226419,157.605666495824,38.6575441427483,2.16744216656439,medium,50.0994179213611
79.653743193195,121.859809550528,0.933190040631575,164.130899171718,40.6696233751195,-2.21321824863489,medium,26.8573985393207
154.410318181082,90.4853151302352,1.02325623546052,159.962327298263,46.02907510566,6.11864871097091,medium,58.7544118044078
196.692633809851,143.822494803752,0.881105167648257,152.802662607158,35.2740934065653,1.13411025569167,hard,50.5442170868077
63.8610280042905,166.470550237828,0.776527826796199,154.578202889245,49.9684994597819,-1.32607511226831,hard,9.28906578449673
104.21698425212,143.704141644407,0.896933534344162,154.162085913189,29.1185954715168,-2.32140112523702,hard,32.3689425564187
208.544181946378,137.601474663788,0.912262555654578,152.587498742304,36.8435668939953,0.193818546748124,medium,60.3564252762549
158.99437055577,128.225785083626,0.886343260254052,154.725270202806,28.8241166869358,5.27337891276926,soft,49.8081916921815
118.547439656632,146.075149628501,1.02522436606413,163.251652706175,51.2344003595424,6.1777065609214,medium,31.8001196209587
109.57397235876,138.276645854484,0.847370692206379,159.780454618514,53.5304537220817,-0.169683034957097,soft,29.1328911506906
89.1418208002842,148.538793343458,0.915007804666788,150.911669708515,23.4225938781102,-2.03480456961384,soft,21.9460102114056
199.576650748575,103.399275617537,0.989420393374981,162.788750717637,26.1943206639111,-4.43039258048575,soft,65
100.27123798375,76.4824301164672,0.899160384444931,161.511310020972,51.8963669480046,1.08213774907756,medium,39.3552977840445
112.34477353702,132.410925516751,1.01554529936102,150.887284140981,38.6578152514481,-0.223016257008722,medium,36.2915236995507
134.239065834785,193.178864881841,0.954679867907065,152.19974383198,20.2069797474916,0.82150794118539,soft,32.2696718730308
189.968425568498,34.2184792863688,0.827175418120825,155.584095678014,23.8909356142788,-4.94960785330841,soft,65
200.878761774633,139.975238555454,0.95602353817573,161.128021145478,35.5859694040587,-1.02502646865349,soft,65
164.269261430951,57.848263449917,0.840548696032856,154.672178020389,33.231328995734,5.57371773904657,hard,52.1524285818926
209.795513081228,201.109719762515,0.889420148825492,154.063656676089,36.6028740096311,4.79010482496059,hard,47.9876257478476
164.907508992801,104.5957730437,0.757334813356634,156.869023166753,47.8675419005316,1.93332117641751,hard,47.3780403749925
160.229394327442,249.017898396046,0.752869253873137,164.487560126885,51.7321575367918,6.87563435599608,soft,25.2453081659762
192.883482274204,186.579423069277,0.799581398135655,158.144829113537,29.9206533691684,7.35105165342605,hard,32.6356711615607
104.533720025359,138.406826144626,1.03032677195175,160.968371405566,45.0656248324159,5.97718085502434,medium,25.2993611634429
66.017440105343,184.788130267577,0.823342885073436,160.538988852852,20.726525468107,9.62531894195395,hard,0
100.039195114643,112.310429975238,0.883401643847841,156.19467572045,26.7978682216258,-4.59934108058946,soft,36.3163976069367
153.708702937229,211.88901638955,1.00947299747365,151.521295710126,22.9396911014525,8.29146742515067,hard,30.7539671492579
186.066542143576,21.1188946792465,0.869351958847679,164.052458075823,42.8402026183793,1.14719245335004,medium,65
128.62794778723,192.250719418197,0.785875765390714,161.03477279789,48.0806375499297,1.00258748529314,hard,27.0205790090884
147.887984741308,225.184572513088,0.865704414137812,162.879767218441,20.636925866404,0.219744851215221,soft,34.6286403171212
172.754402532872,208.40095426338,0.885835889260458,164.493664142354,20.4869731949604,5.64661216450335,medium,39.4208076209717
93.3889030558962,24.791753011439,1.03665751065386,151.703275556604,33.0108830159353,-2.94272866945334,medium,65
111.39350296152,204.532542480683,0.896373768519689,157.014177338464,26.1807530518433,-1.15254581198562,hard,23.8043506490111
66.7147576321904,231.256380843728,0.834773503422118,161.988582789298,20.759963556511,9.69384438753738,medium,0
158.375284831904,165.566728073629,0.872034413217519,151.798533013242,41.7394510642448,-3.10988910133726,medium,49.9383672715313
70.877619265434,111.869529912594,0.802949968977114,150.010290139244,54.2962524144042,-1.63669794950467,soft,15.195303172721
170.112367949529,51.9769347121976,0.824549038583502,153.469843201494,31.9532201725426,0.891124647679096,medium,64.5731926152643
128.146331121821,223.817512075378,0.973435009762192,164.109027628109,52.6811514575872,6.70446887469323,soft,23.5772563297352
88.2836181540959,163.0976412654,0.930194097127655,162.365271910316,48.5884630279676,9.87809381889297,medium,10.3554747241098
154.446571841154,98.6984373771671,0.835797833867697,151.602077352193,47.4211407226224,5.33844578256467,medium,51.4070517982242
138.094103469884,67.6186576202577,0.878614885292588,160.117390225898,33.7817675058805,8.66440084106044,hard,44.1704640735443
93.5578109335169,215.855535809638,0.997874204493192,150.108392299259,52.590727320626,2.01350181904117,hard,14.6203551308836
190.25305710511,43.9445015506672,0.815802581530365,163.846329333847,24.0451937394622,1.12140873554449,soft,65
71.8896115864314,84.620181859096,0.860574738732608,157.773295161865,40.2770164170437,5.53298655012722,hard,18.4666489860133
187.6100670228,24.1342186602667,0.810021614155508,159.512702673013,47.6453644643335,-0.408026027205129,soft,65
96.1427056452181,209.908084426057,0.772759593871595,155.719795354126,28.5122831556876,-2.17659886349621,medium,15.7852036619965
143.865598839721,40.2450823544761,0.84005465364735,156.240436975155,34.8803351298213,-2.29813062127253,medium,65
67.7098761726586,80.0428889607996,0.938114318488926,153.301591541804,53.8158208901583,6.7197785941024,medium,12.7031372912378
134.698331635913,130.403544981327,0.838515659730004,163.553160887126,23.4635557026508,-1.67981010762427,soft,45.7407083848154
178.187328033836,162.706804333035,0.81688035692117,153.692368523738,34.7239195431769,6.59232826796756,hard,33.4816690778484
106.889058941758,65.1385161522215,1.0461251737844,152.798609861398,31.6769433813753,9.47109370514874,hard,47.5325596634555
83.6084742935653,239.861866211994,0.94899706643986,154.985079504244,46.7209006187253,-3.43847878866038,medium,16.0169724277581
201.018694996195,138.850980979962,1.01190407445678,160.635475226587,23.8450787181349,1.57621094504308,soft,65
65.1204109203943,248.048445850818,0.871156029857594,163.597773319201,51.8764805970438,-1.63973410165272,medium,9.56021380122776
138.788071575874,22.9523338993597,0.904830572868006,151.276022711876,46.9960591368638,-3.82392093585483,hard,65
155.20772011385,41.9088872741908,0.881338558749965,156.128336918349,35.5139937595746,7.8968640793014,medium,58.6529873949823
83.0527642215462,150.986333863782,0.910848651187171,159.864840424336,50.4728801284199,6.10663542321957,medium,13.2611263796652
132.005264011634,58.941680787725,0.778510178925947,151.026474761331,42.8737148665683,4.36582236390127,hard,46.9813248996061
193.94314057158,159.547812500619,0.914431272550438,157.540331302729,21.7037998428591,5.92083063844587,hard,46.2924585979488
93.4611511380487,99.9772545784892,0.993703437166804,150.028207915608,50.9425797249853,2.46262232581652,soft,30.5496153124425
106.541051879873,24.1532028866957,0.902209364365333,163.712238812508,45.1071509846784,4.9212808971721,hard,64.0451779057672
198.52474119285,183.168874373837,0.971834404621601,159.106491209973,49.1287152616055,3.31698652148507,medium,55.0732450919705
178.730219862422,226.510219707647,0.983193419894448,150.46646120253,41.4713180956828,1.61473517304217,hard,40.8498838787768
176.352485098439,188.469017050775,0.960838496636788,159.168321147581,32.4996954349084,-2.15687016446346,medium,51.6226746209922
68.1331991422223,79.7766458514944,0.941646463090666,160.134642797237,29.2640713684796,6.39130864973478,soft,17.7661651109655
123.948157237393,212.087123310987,0.840096538779107,158.893043524775,37.5365090271438,-4.01059729663563,hard,26.8704532922707
111.803596008153,211.871452378969,0.943793607536331,154.634754178667,23.9146861707495,-1.4361779292064,medium,26.9865960976342
174.720638634923,138.794406038807,0.988999566956734,151.170038670382,23.7818909551623,1.24918286922347,medium,58.3568840339754
77.9180154003657,131.675940733714,1.00746954531469,152.349200298323,53.3663773489182,8.5085002433982,hard,7.63458937138846
121.733664718959,62.3964933967883,0.857947705504359,151.189537157888,20.1843260259586,-0.0534977674372836,medium,52.1606355373376
75.4870249089006,135.540771642348,0.999919303544561,161.689385209068,49.4223264087937,-0.456289694314333,hard,20.1512380436633
107.123648457289,129.278259028015,0.912868121562231,159.078982996553,23.1193459080064,8.37309487407767,soft,29.3134868781334
186.467518415371,107.343817099951,0.959747338965921,157.748732582879,42.733585324339,9.06275632765902,soft,56.4534150666161
166.094938524954,53.4122182383222,0.839721712615983,150.134136188836,27.2738589864545,1.99040859517614,medium,58.117724049983
152.391287748492,20.222883067097,0.909393963202127,162.860731737649,21.5479396306202,3.91010329747709,soft,65
96.2432392319888,38.6753596474515,0.966017001776573,161.982733411234,37.6720134118531,2.34412951128628,soft,57.6187625227848
163.93347219862,35.517980546333,0.988369442534184,161.283440893303,45.3314265184033,5.8999143479672,soft,65
121.807841269356,55.6384982164688,0.955522246300583,155.000325220468,37.9066729342227,-3.04269489114652,soft,64.6835655245888
147.214533541054,134.770883595296,0.880245221713887,156.081150673106,26.8113579625818,2.19645537941003,hard,41.2004138455732
134.896709487266,63.401068226283,0.881665331568334,155.569709094283,21.1778047901398,-1.68922171990071,medium,60.8067716639049
173.070534572193,111.028094097666,0.832883247794875,155.00908259756,40.0036212318828,2.15045788698717,hard,48.6678007154202
93.1976613971451,49.8501305393825,0.779988322583529,155.351628648902,51.7466032176138,-1.31440768854493,medium,43.921696104457
117.328733717719,237.712131611023,1.00635004298906,164.512895532025,24.9354424789884,6.70174274191028,soft,18.8795177577103
71.2740509456764,181.993150937407,0.889929439535316,161.290988636003,40.0910466530426,6.58169037625296,hard,6.65345392101446
67.65394090038,126.054612103969,1.04175668342366,157.558519878121,33.777011621151,-0.56966528983652,soft,17.8611510226903
92.9997939746968,209.578774860677,1.01434154321468,150.618021772207,34.9277157435107,1.90896589903856,medium,17.5348220897286
63.2330658161885,164.806796623247,0.970507098214441,160.16404812664,35.1789796505786,0.671419724212853,medium,12.3515986988699
154.712394299094,118.64034199239,0.916159676013288,154.324417938859,32.6289697468496,2.28564308722647,medium,51.1634052411087
106.45439311323,57.045267161117,0.960516947044504,163.725469398188,36.5973941372111,-4.86122579254143,hard,58.3359528117756
188.846004095183,152.118425723429,0.836283077777944,158.402954287214,22.461805079689,9.31584784050444,soft,45.6442596412136
131.690103415791,186.134631636043,0.976510876540499,157.719088185949,28.0482468668617,6.65836005669771,soft,30.8293695494277
75.1012131903335,230.686455459485,0.766755356842804,157.294027457189,51.3634085843601,-2.62763231930666,medium,12.0959154884902
68.8608850687685,171.517362298439,0.948922663979267,162.483403052053,26.1492001311137,-2.03536343904303,soft,13.8858494415759
156.614960710203,214.540109931322,0.941923124861563,154.9275352441,22.8099286021258,-1.09266737471885,medium,42.3993976124816
93.6120680724353,184.611787059698,0.96542189179139,154.351234710336,33.0995964146321,-3.62647832312212,soft,32.0437558066481
106.06583139666,79.0026268516922,0.772100526506446,153.821741639798,43.2369389370662,3.20671790855739,soft,35.8176913580592
180.133641456762,210.451606274585,1.04789153556605,164.386217841729,46.0727788369679,-3.88054330136767,medium,52.0590539363607
171.501047183066,25.299429251492,0.981121694671877,158.434762099344,27.1057599230242,2.62248508291812,medium,65
159.360531423571,164.136344697814,0.93517963219402,164.904028028254,22.9789089973909,9.89652590259385,soft,41.3558790779032
208.350482288915,80.3803027684111,1.00715790341508,154.137099784379,50.682849729284,-4.60814022113105,medium,65
124.543538888602,54.7052290064304,1.03826759346583,161.787656538813,51.1434389003138,8.36954616991081,soft,65
102.309284111964,170.832943960025,0.849734682827244,157.373114189283,22.8934906701157,-0.381737310560963,hard,21.0771699366877
85.1333108618563,158.722017894556,0.866552361114524,158.170058365996,48.5816456421903,-3.66031315345723,medium,19.7489396566239
150.441229123742,204.457911607574,1.01347911884886,158.743893084238,33.6759501387886,-0.670892973974825,medium,40.807841798596
175.655866741219,41.1519685321092,1.03316049311798,157.036915954821,20.8960075047689,-3.59967933595749,soft,65
193.882890661749,203.097274606967,1.00921159360563,160.367818806652,54.8517313083372,3.96237611230286,hard,46.9208676205807
123.814613481694,230.556677001724,0.84502904859685,155.484366367792,51.0970655792079,9.02290421709146,hard,12.8665021027568
156.56101644538,227.68446450067,0.938174890902494,151.383235758089,41.3754604988058,2.94800868451434,hard,32.074477727953
80.1553432388034,37.4211008929865,0.993925041001367,163.646486487686,45.9891651055149,4.773507420453,soft,50.833689958205
198.708573718249,177.505782080323,0.899809590655657,159.760663873045,44.9267611235494,7.92327324132957,medium,45.9906645981752
164.53428901849,205.370896383796,0.762723125373601,162.139778395268,43.2421228450566,4.60806976556401,hard,31.6491488228328
198.406170361669,152.157078924902,1.00445013276548,156.138780081007,51.1413925904087,6.20331713419345,medium,55.5413149779973
98.5997815129927,235.159540664436,1.04448188621202,155.317610395147,30.4110987473896,1.83040896060642,hard,16.3666738706795
85.7498850011283,64.5835678050961,1.03923345751385,159.006277473053,39.0505422489159,4.72911548020628,soft,40.1136730598787
101.858670142881,163.006473129785,0.837281791328153,155.114360082517,32.2247509234597,1.81178370886212,medium,23.9945048395295
69.4339081012513,186.699053256376,0.925079686332604,162.826391274107,52.8771596692218,8.74826443531604,medium,1.41058702856792
130.242980056532,58.0604330434868,0.917229489295844,152.206826170133,42.5766687029551,-2.14033073952383,soft,65
98.5840589302176,36.2061045499397,0.799544417052326,153.113005539303,29.0577928363837,-2.23345576390309,hard,51.5418018849434
166.929645286616,69.1847405679736,0.843288988270797,156.931818555816,34.1828409033641,1.89610856414929,hard,57.5558441449714
173.033114391128,32.7877500242197,0.980007297745207,155.60030354126,38.4893495806751,-3.58742133622227,medium,65
191.18847149907,220.696625365138,0.906563495276332,162.094382624751,28.2779158620661,3.90808774919804,soft,43.6242130976955
171.558690976778,34.9273811177603,0.810186077273905,157.121455364387,26.4283094661273,4.30496516578977,soft,65
152.008588707897,87.0496075446076,0.849632054971964,154.812646447643,52.488394414774,6.69878978122831,soft,50.8403336190001
97.9818188854124,237.965211716153,0.83480517433458,154.266861649434,29.7811297376828,1.45300253053871,soft,15.0197658327944
128.569343110377,77.7064501193148,0.898832681356207,159.064059481945,32.1457542127235,-0.702522262638135,soft,55.2915445387918
63.9434335007955,198.440238154173,0.886664300502226,162.172934866103,43.9937895760216,5.0508135862985,hard,4.92691747264855
139.666051033712,140.000896063035,0.955474531730021,151.628639120214,51.511822677158,8.25272095832263,hard,35.6002027388258
179.449027023885,56.9056645807431,0.813934186828794,154.586390468539,35.743027361414,6.57535568391097,soft,57.9328973755721
209.109456251451,227.121276017591,1.01452212589957,156.77928055066,30.4396674031282,-1.71517554483647,soft,60.4077129498417
100.365986973123,98.9777392752518,1.03989657388535,164.3683103497,42.1347111903639,3.79455651162244,hard,34.6032732441804
148.905917425037,123.768199509114,0.808879035349282,150.373709576494,44.7171909059357,-3.087130100358,hard,45.9415479295949
140.768273482588,155.589275018135,0.807022492005014,152.021492049619,35.6946861417333,5.06986267499871,soft,31.7622333696508
124.503991024397,105.681681890974,1.03285513037156,151.283405280056,51.1419027323337,6.45444758930293,soft,45.7701507021622
166.973183948854,175.898383849245,0.780206626038722,150.29112193804,41.0019584506298,-1.45766143574898,hard,40.4889838471359
97.7735363501158,42.0848794920321,1.01971748129091,153.180301309323,24.9251855161388,-3.42977594218283,medium,65
115.539013212994,94.6831498858559,1.04017300236162,161.081664489893,42.660922506225,-3.31612138395794,medium,47.5242465343635
194.964010975231,43.9673452491799,0.97185172938478,162.131046162348,47.0616243131123,-4.25169306242163,medium,65
94.3361959070242,174.170000409136,1.02442626076102,160.283032848896,36.4638722806432,1.23709971044797,hard,17.9999489420116
119.166027761315,229.354595418266,0.997014715036833,150.007735465308,35.173604347515,6.80186780706485,soft,20.8901835008183
138.042054430748,86.4247864979214,0.907534851366914,156.625153587851,31.1485965759797,5.06278863902894,hard,50.7465922949247
205.227346801138,62.3920053605318,0.822299917529419,158.435976317145,43.0082632884149,0.0681446379982313,medium,64.309133350566
93.2359544865779,77.2068868013463,0.915933704569935,162.49836577969,33.4180546909871,-2.42973780378062,medium,43.0759062613708
76.8980819532739,230.284761504535,1.03644702523668,151.677730015247,38.8029111095873,1.59382581994853,medium,9.45773107058528
101.780394454729,95.3826654882186,0.980124831481839,154.21409735201,25.624941536529,-0.622745998604677,medium,40.3909884810244
168.738718086214,245.514632412854,0.934551647599358,154.823798057253,23.1305371903841,-3.65725396623624,soft,40.5332132454899
68.3097228699968,205.421376246521,0.934493720546361,162.908251167615,26.134723738157,0.425376657365433,soft,9.5530915361833
76.6320372986987,25.9287639975939,0.808637322121476,164.000731146739,40.9069120994957,-3.7316380772433,medium,51.6202317958832
166.90438836088,29.5773871219771,1.01134544658505,161.183947693856,42.849491035045,6.25921203192118,soft,65
99.3085912569641,228.626926399642,0.868669712758541,162.204186473928,45.31947926649,0.975588159876455,soft,15.9875759020983
192.598668981999,25.9548541402788,1.03163149294653,162.849911285336,29.6411692787309,-3.5205448081615,soft,65
131.467681811947,27.8912290000625,0.988892082297919,162.749728918482,20.1097994493814,3.1203087117586,soft,65
116.928358168282,42.7337677660625,0.760622913028697,162.04186860367,34.496470939121,-3.48359178648657,hard,55.7615897321472
125.170132334349,138.874690599482,0.898001153055564,154.572196573711,34.6477141743152,-2.80107629305217,soft,42.3779128226182
131.421503460593,186.488752851974,0.784776232673791,152.649040044323,39.7659929270353,0.616802301909416,medium,23.6382812700583
197.142815342908,115.09603374967,0.960187607836377,164.940763023958,22.966142836181,-2.88339668528806,hard,65
100.136199209358,215.52272050619,0.752329693608235,153.360852979933,36.4719552078234,9.72357023993784,soft,7.60519862431978
142.130729921165,205.974161889638,0.996305584142573,160.414390268398,49.4134686785835,-1.15511621521702,soft,42.9787068151392
160.975304837711,108.307916475444,1.00472763343198,161.009338487182,33.3508451690612,9.46934734303374,hard,47.359268673149
170.173262419145,223.455268840144,0.911639327137009,157.889864774087,26.6569545458142,5.91724369110211,hard,35.5041365997461
71.7043980207781,241.396492175269,1.04411538292873,158.564149767995,40.6853223241799,-1.15088279080235,hard,10.460050207938
129.487001829948,211.240362137179,0.844835372147428,162.549940938197,53.1350046608161,7.95530939034814,medium,18.1854784240503
184.65116811108,75.7271120868976,1.04596738169242,162.805535173334,39.1566176848916,-3.95031960014479,medium,65
201.807201573708,93.6161934190793,0.760777820465876,160.832041625693,38.2662147035075,4.41776315625311,hard,48.5240242185174
113.41722268989,101.38922940466,0.946355612540638,152.165234493284,51.5723476781299,-3.29188270408436,hard,46.3592888823996
206.819876347863,93.9046673815396,0.820220167902407,159.421666300943,53.7294648465224,0.05173082475455,hard,56.4549833131945
208.657410003145,37.0812465400499,0.787075437286005,151.049050006668,21.39826356675,-1.73008960010492,hard,65
113.17709424434,247.904633857521,1.0277725401997,162.081680889105,20.362667906945,-0.21259237063288,medium,21.6934451071315
96.0524671312884,152.463417868876,0.770768004462673,162.448788612905,24.1632221801981,-2.29579776138513,hard,18.917644386908
158.887825232762,98.3977399760801,0.962099818580924,163.070913372955,33.0043637196075,9.46971819793273,hard,50.6046185238338
188.958464239892,217.864775455166,0.858529206057189,163.130013170811,44.5896896157228,8.54003678266584,soft,37.5959303374418
103.640606880206,207.122275838848,1.00726178691005,162.879657335853,39.0079511515577,-0.510343333855658,hard,24.6231584779774
100.69020123826,152.71606591338,0.944992361374475,154.464432904429,28.3988090330864,1.48518761104447,soft,25.026010143348
199.622796915104,193.179924305543,1.04973155071884,163.946032955856,33.4713243256301,3.50277672826742,hard,59.3124588987987
160.695882906751,38.6155741041378,0.998780035120903,163.543005524813,27.8144017525054,3.91684558370503,soft,65
168.517858120423,137.77578995469,0.991270693067284,153.488479132246,51.4602889797261,-0.529203421994042,hard,58.526460154798
176.505178616842,249.128478930719,0.930989944355855,159.145314220493,53.9726791698552,5.13601180894483,hard,37.3924244859463
123.138646852716,239.565761483129,0.977936889915712,162.717091435121,32.4718706138479,7.52601012678096,soft,17.360518171416
194.359513196306,191.349506729317,0.897987432110659,152.212175169253,46.5661834697889,1.45623872379012,medium,47.8722935831476
157.657433795617,120.511477990424,0.905394319482063,153.853313959854,39.9227580663893,1.60428978766654,soft,53.0797112896907
135.613664895503,63.3105501808075,0.983153573560462,163.761159549688,37.9654708823988,-3.67210522473155,medium,65
67.5025994830154,162.316955030514,0.908755929553634,163.391849269242,34.6072182494351,8.39597031536794,hard,3.96431329139383
116.935557334299,92.6699514471087,0.909323176332578,157.277892223461,29.5447346610471,5.72152396858421,hard,36.2780339768525
136.371677836155,82.086315897896,0.764452615394129,157.943732051316,50.8019674713905,-3.84305494176888,medium,46.6096208684305
74.1001000819006,102.436386073443,0.773528041649836,157.756663685626,30.2745616209893,-4.98942018360948,medium,21.2346219049157
107.723275743654,63.4636985899629,0.899176152566205,158.990252848902,41.0355382858841,5.96146547768214,soft,46.6699323006036
164.835638866846,217.630013258059,0.859021721777686,162.963284150122,23.8286194381716,1.9264309620175,hard,34.8935216081633
145.177291352459,236.67181268151,0.9373182744975,161.688988630982,54.3984347372381,-2.14490225651769,hard,36.6525439484243
105.915382410712,104.132545741773,0.948517177939848,161.412617080962,33.8179481020482,-1.92317960078446,soft,42.8421465441191
108.912915605317,185.976935903626,0.871509049210859,164.431902500995,33.9811873862785,5.04925173132292,hard,16.9590899807374
134.302468538507,249.543845749877,0.833642679299855,163.711440482345,36.153268530047,8.54062815726888,soft,17.2389382846986
174.839536048395,171.548960939372,0.833526301800951,150.539532828435,33.5530785553199,8.3969993648361,soft,38.6470991265105
67.836011985861,102.367645286444,0.769114802459068,153.838507566626,30.8853952021207,-2.83400496624999,hard,16.1763600483171
203.107057997594,177.997207426214,0.978722402443272,164.837535559263,24.9530711408885,3.02441268754608,medium,56.2871059145207
84.7416771025693,112.544889278569,0.770041079948143,162.826323783334,51.2051667936696,8.96970804422482,soft,13.9920070813032
144.176484947971,72.8347965158829,0.931696768189624,152.95526093884,34.9258831814115,-3.10793561475811,medium,65
72.0327082794973,37.6586741438212,0.978967040985467,156.731837558007,40.3143915296653,9.2123601853258,hard,33.4375751678617
123.9720286315,103.982908961909,1.01886007097638,160.311621299103,21.3964233546401,-4.49510669348817,soft,60.6967768514409
145.223766685402,248.997795308521,0.777219253788547,160.593863842056,49.868600554389,5.83794891970436,medium,22.6425422381375
209.071802790069,173.903532755059,0.759322879871072,157.165064570899,45.7365122324446,3.17210901526832,medium,42.9679561608412
154.416038263539,123.590610130425,0.844316113926072,160.255830909733,34.678171408359,0.0152319946853661,medium,46.7146876001041
190.049436747281,21.1827601239015,0.959757006418658,152.268589898999,48.9549309063074,9.47157279134279,soft,65
169.833687827209,205.453377272311,0.933217355244109,159.922014102382,24.7085835353425,9.12095291028829,soft,40.0902538671631
142.210335799304,171.636697151676,0.849941224132097,163.105886305547,22.731282975314,4.88349009473777,soft,35.6000317632071
63.5439549633382,164.007051795371,0.81755124851697,164.031012629959,52.5319998940944,6.52549611603685,medium,3.59367192123875
113.057468102226,231.545592152337,0.804375153946641,163.295229962343,40.2913792563903,2.19490305372244,soft,20.4925887485302
133.722237622831,119.342771159535,1.03215445534125,159.095480987875,27.5064768307127,3.11280675858373,medium,52.0591497125834
100.889093452202,100.638618105714,0.913088242915872,156.49416020968,51.6019382317948,6.69382631052159,medium,26.984248949221
95.8020921541919,190.689213259335,0.846975330674377,160.818906788827,35.9644207905757,-2.50486467095294,soft,16.2795540312507
159.457132608709,162.034536194482,1.04651264039067,157.451811645695,32.4848045272136,-2.03359856093102,hard,54.5661741931856
191.341561752594,167.721012899723,0.784760891332319,150.237014551973,29.3554059714684,8.44756083700067,hard,36.7222082925997
97.1255629462361,151.81521511595,0.928239210137357,152.540104731887,26.8491388122756,4.17367006015787,medium,18.2156836868171
145.172701821185,186.032317588255,0.766014242956753,156.029270809283,40.1861749924665,-0.782833288708281,soft,31.0080077061411
154.050008410285,240.415786726275,0.945911772166623,155.812997752229,37.0420165904129,5.93464966234054,medium,32.0771130478548
62.6490575722052,101.311861772648,0.976244648343976,155.885993905601,53.3113735840618,-0.305726712469222,hard,12.7555416876764
106.898803336202,206.499953913804,0.967502892706258,157.033116525772,41.5207379276625,1.94612096998566,soft,22.0060123130485
189.931713057725,76.9108005567947,0.956212208514225,158.546362734057,24.4087553023515,4.57528315148773,hard,65
124.51548604193,130.935813219273,1.03949389795004,159.167752907168,20.0472746175611,8.20166440296665,hard,35.7859083382779
181.006979023417,60.4067760493446,0.774656959150896,162.557198196825,43.4046767815286,9.87071282681544,medium,46.4811582952498
177.538728702256,40.318321535619,0.980313904740173,163.51796540962,51.2337532802482,8.1073049431685,medium,65
126.531248419385,59.5642003625442,0.873356593770088,152.940649472339,24.4732121892372,-0.651198523369238,hard,54.2458496479109
192.672059534821,202.234229142015,0.873456816356793,152.470509862676,41.8873660527497,2.32248712711443,medium,46.4011862271694
111.401533906293,194.163523658503,0.964233456834867,150.072014559044,32.8585737484521,-3.72494948260682,medium,29.0252061418166
130.371072767565,198.24451232084,1.0402652826284,158.252896882543,52.9493637732019,6.50775296185214,medium,27.6801449030191
97.7670272451367,178.426233530085,1.0246144289667,152.069770747022,49.8219813546877,-0.336685576655143,hard,21.6741591933374
197.160760712233,84.8124427606232,1.02954027440442,155.216227234557,21.2385608526248,-3.0555011088637,medium,65
172.224184747712,170.817031474489,1.03897827293447,153.611492990949,40.0939832907803,0.995793572750006,soft,58.2469429976878
182.553654334731,29.6483601924118,0.826514129230203,151.027990139439,39.8195753568228,7.18852552880675,soft,62.3169650804527
120.408933180577,61.7240225792075,0.888878951386815,163.814236274459,54.2089192993455,3.89902159895959,medium,51.7875025289115
146.310707265929,48.5133407566128,0.871716401988395,152.956357389869,49.0457895265474,1.78903966794983,medium,61.8037209069043
72.8332497741051,71.5290878074635,0.814498372398533,152.686429023694,28.9243220685639,4.75015955882494,soft,17.558563645038
101.34941085999,186.594971959559,0.838524158982428,152.678017126225,32.7927308841304,6.9499760309265,hard,9.54948581153897
153.53892191528,58.6456184263204,0.912628361839845,160.904157603351,26.1456809281003,0.503828900585907,hard,59.9314943244113
198.730796106448,192.847537760059,0.986502367734183,155.372251584013,20.9056793263169,-3.5393507341637,soft,62.9351051275378
154.952094746727,135.598751141772,0.9999380801556,161.596365290661,42.2501017785542,-1.02944414200364,medium,57.4012492585769
163.917755375248,69.307198469856,0.89259987596782,163.28195956417,25.8031792099976,-2.34672877553795,soft,65
179.588260369442,47.7435966339695,1.0002170932038,156.459869190442,37.4913309086055,3.20406240772291,hard,65
94.5965585123979,245.723513630102,0.820133695046628,155.545900051149,22.6735459323636,3.02296776559938,hard,10.9514251256198
137.906145257424,221.326257720751,1.00982694214659,161.459955717563,53.6818621860732,4.07659163194817,medium,30.0120753619633
163.558411372685,163.909399150632,0.99508547898014,151.274166717974,20.801675338772,9.94795927700641,medium,42.7568897846929
200.157359382704,82.6972159565635,0.986322587052226,160.678383613597,46.3532716245484,9.94742210042925,medium,63.028632357029
70.6498554005139,136.744701667832,0.992005376346655,157.989106328094,51.4601860852566,2.57409396496328,hard,12.2204125721226
206.856315793578,34.1560526070239,0.753216499681417,158.275741197533,28.10732735496,2.08835097806292,medium,61.1275569233388
60.6705672351038,93.9784183626293,1.03359183033627,164.624773044503,53.176555911368,4.06248216593107,soft,12.5467026140831
77.5384570028558,101.710211894367,0.828951268075023,156.27675136546,33.829282058061,7.79319587692339,medium,10.0390383631289
77.2889491802119,237.227750363153,0.946888968198442,162.941657188839,50.5387374895257,1.31508613505692,medium,7.12885624053566
80.0892060774628,130.481786681101,1.04311579401657,157.081032097956,26.4492516745068,-0.92816666931892,soft,21.661519576329
95.3463289414982,231.383269243824,0.780382328981879,157.748844806553,39.653201203241,8.94044563007812,medium,6.62041266427471
198.008662776553,88.3287299671333,0.967062618665786,155.533313049903,22.1259186941822,1.0509102496584,medium,65
87.7178737606041,118.016404932489,0.782704859348986,160.37072174673,41.0276820575968,-3.57306290649637,soft,26.1652343169728
75.7350795021951,225.098197589038,0.771977578685327,153.976561187041,43.2368635937372,0.938076759782809,medium,6.38243655465046
182.140373395563,42.754805496761,0.868965214771703,163.163057241306,41.8898173456954,-1.67847246139832,hard,65
177.886323552503,211.679467406832,0.959684036167907,163.48362908317,36.0210738723147,3.58223310116943,hard,40.5501660551355
207.437202433634,31.6264864136811,0.985396684979074,161.549042498632,37.8850121329639,3.60113586974412,medium,65
166.998533253688,120.090987272346,0.975820362399121,160.481989992079,52.3851890325503,1.36424192729846,medium,55.8012673493852
202.552606501166,76.1285718022765,0.756742945633857,163.639192477547,33.0688326431968,-3.35432768070949,soft,63.0662227845576
177.91449203701,192.190100515288,0.936161057463485,155.058495382026,45.0266957211173,9.00897179944145,soft,42.0241485839677
71.3571893331277,175.018859109132,0.914082376804285,161.544757325879,41.8649774791911,1.78228388900038,medium,8.03390524958403
138.76523057027,63.8344379257158,1.03718102048548,153.39366691965,27.8005892280596,9.59914896872538,hard,55.7125614684025
74.0555155303181,60.0473141849498,0.916351937576357,152.863278438593,45.5304367144176,0.162203257019425,hard,32.6682215836364
142.496935121115,38.8508395396702,0.764657841063932,161.401358096758,52.1477407009916,-2.65234184219609,medium,59.5121092034109
192.76076839944,213.597253673595,0.899690732707493,162.252744844421,30.2382447927421,6.94120087870821,hard,39.3535424844592
78.0159682475914,49.4884264578152,0.92084230744432,151.261574164211,49.0510810176002,6.45929033420772,soft,35.9806473391083
158.416425925952,176.326543557539,1.0179681901177,160.062553670043,24.6948283569189,6.8092800662168,soft,41.3369444752869
181.820132722753,132.989098591086,0.761873156330614,154.707268567421,51.3443370444619,3.82120875342324,soft,48.5377384605416
149.0840276503,65.7040424902148,0.969569534272049,154.07133502085,37.8385094151023,-3.27383543431777,hard,65
180.637829094134,174.394149520469,1.03894710360948,161.068536988172,47.2591868224132,2.40227489111637,hard,50.4227423934556
153.501924434392,183.017462575623,0.776008471004846,151.924601843247,46.821341946541,7.50096408430829,hard,27.4710843600925
132.978451564754,228.25075371279,0.993473882636022,154.628819057447,48.8573165793495,6.50767656493791,soft,29.2009678592351
195.025360725342,121.555957409872,0.82754534569041,154.201362248651,38.6816857553224,-4.36792224573998,hard,59.9452099953385
178.779420771442,107.30197362739,0.906804581505686,159.6279130032,24.7037281646343,1.5518574400298,hard,55.7136887087239
204.194836796401,42.6143701127965,0.94260343189294,153.34530169281,44.1298038124519,6.1775714696986,medium,65
76.7200389328503,181.281614152839,0.934295851066709,158.429778251047,54.8907932295478,-3.90831943126572,medium,16.6597677886249
166.766185793999,227.758885391777,0.907674430820969,151.993951070733,33.0088525385105,0.249861165596821,medium,40.9290681979087
193.448795482557,165.875537276055,0.84091065618644,154.960865639497,24.6985047195799,9.1818647476303,medium,43.6976201004229
121.189553836352,53.9682044064017,0.927296563232442,158.670684602859,35.413116328137,0.342715059554166,hard,55.2165072779582
170.542882278745,63.1755603426542,0.909342791809937,161.193366190339,35.7640671134283,5.24465876262176,hard,58.3351898838978
195.919596035043,25.8873638906129,0.861214879814067,152.989062251916,45.0292714506868,9.5337616127649,hard,59.2530842025312
156.086114781363,93.1858765646367,1.04947195299915,155.84817155936,38.7400656476858,-0.611669700633763,soft,65
89.0228673981156,139.155493960814,0.909931269531769,159.651193054171,52.1972382847901,4.57781014632431,hard,17.2906680990368
72.2154754264649,154.111476191644,0.792368856638539,152.270838158363,51.0895000319174,-4.92187809992364,medium,16.1483507166338
99.4902582597763,175.997938114974,0.976855831944013,153.332188595766,53.0006039842039,-2.04158463179252,soft,30.4318160670801
79.2825330411981,46.0686507179305,0.804072380938722,155.214654764143,23.4678318741595,9.97196791750794,soft,29.8095388393499
155.82548754814,223.062386141241,1.03046956759251,151.889833340259,54.4677570646882,0.294242667572718,medium,40.3515504729195
131.415025104432,248.211720351753,1.03177476213864,160.726810763505,32.7549775382511,7.2727432585361,soft,24.8338598515313
171.494471738178,32.334821791655,1.01713136550213,162.282252612803,45.2193915272259,0.187327636569622,medium,65
102.100292222793,162.034169252695,0.78251591602537,156.657959696212,25.364060955556,-1.2393905692265,medium,22.1989622128424
170.269089126379,132.853784059177,0.790987780921019,154.622813511629,42.5044330866298,1.48425723628085,medium,44.6941043361656
204.8099170079,57.4047829525147,0.91808030517971,157.267492146792,21.7140368303294,-0.755038126991962,hard,65
82.1079877251335,20.4898231487523,0.80519651190359,160.783846921748,34.2075100169446,-2.46146728807256,medium,57.5488790983651
86.1159112333982,102.352299095523,0.86834606692258,152.481103903711,40.4385744523949,-0.237275095926012,medium,22.0858541495412
91.4158847859025,99.688880091278,0.838343942889218,159.12638154147,45.0865888400607,8.83312866925772,hard,16.5089613763827
63.4951030923214,25.9886498390417,0.842728456152329,156.752720867449,36.5614039294795,-1.96467495016825,medium,44.925476945488
206.095304053113,116.537676748898,0.783849648840257,156.844261409071,47.5413895419027,-4.49241444010332,soft,64.5454496311958
104.266688100063,98.7915387366261,0.919072824459164,152.689346361251,23.7124725934963,5.53825477776923,hard,33.4071573232535
203.080563826702,170.252528089828,0.963378391873299,158.347591275358,38.6300457611678,1.89493923590726,hard,58.6567964632912
179.426634697265,179.850958636395,0.791772687050375,152.48310495707,25.1747284635213,0.1238454093714,medium,44.8871801225327
100.890552406432,243.190700832074,0.991789183107662,154.321204380935,29.0111017784915,7.14848411845818,hard,7.71902781460992
91.1988159910601,55.2284832727011,0.929875997965745,152.045875349582,45.150913572637,4.04332596258604,hard,37.6587242790382
77.9097633001755,175.594373427586,1.00752494147438,155.519205711031,31.4203733222712,3.47647705054209,medium,14.8165123535376
160.132464807698,211.813546951623,0.919615719743644,158.34437435517,54.3588751920123,0.663623047999153,medium,38.3580343174372
164.389348636282,85.4085237607062,0.961111743236335,153.422445671204,20.4821360053651,6.79322954063111,hard,56.4375152810698
180.496854415192,46.0719082483015,1.03099404662811,150.067411085706,52.5890449566366,7.25504629836629,hard,65
72.992096693016,155.896539715379,0.900996685053668,162.194569670953,43.1053157497634,2.53821656049837,hard,9.3244407685667
83.8287184146286,243.13769291526,0.800031260227039,154.333611603304,22.2410400398241,6.73258994439697,hard,1.09368643901487
167.198565506527,66.9700249135792,0.861960395217007,163.461395826299,41.2595215883708,0.554316687128354,medium,63.6188584443586
164.14287871757,248.484951780755,0.922101892542496,160.107072785833,43.2296097647526,-4.41103270434352,medium,40.3076949403163
105.230010562438,86.0785245471803,1.0268989150329,162.233041856994,54.7903949666869,1.33891452399981,soft,47.644732212263
80.4273099596135,117.103946912976,0.930756620829086,152.553069025286,53.4555332852241,3.09913462631749,hard,18.4043624121796
168.987792068208,195.790891579249,0.832428505360061,158.665453047776,34.1798693885688,3.5751912424335,hard,36.122835789414
174.606927797091,28.2769904457329,0.998854367772867,158.806598858309,33.9680077172807,2.28569069567437,medium,65
96.8194755985049,234.208739628735,0.766202756466667,159.690879472939,35.6936787584111,4.75515971127634,soft,12.0032626121092
191.783071034875,247.842535457538,0.843221234486716,164.080499370115,50.5887864029102,9.5012186833131,soft,35.3304420223751
199.334386242776,225.014105280898,0.883680224806239,156.25835639012,49.1988123315346,0.798585874379811,hard,46.1997029179927
65.752183961919,171.710666214949,1.00767337249263,161.813711689876,26.5302908374064,-4.10996518357704,soft,16.4084102199476
120.783696939835,136.215335977227,0.806472159904697,163.983674310254,44.9532890756666,-1.96209999048603,hard,36.437613320791
207.566116907027,178.061659165782,0.815949606351527,152.339867640252,24.9771374812283,9.73461508061335,soft,47.5177011022729
196.911049131905,131.083026919498,0.950754715765561,153.506029766038,35.7723946035766,-0.432304915098411,soft,65
203.690431020667,246.486479648367,0.826391454738435,151.10531449431,22.095707389568,-4.15637917541778,soft,52.2585689499557
201.130835510996,46.5023201232745,0.798643459610709,154.373480797806,29.1785040292883,5.63658202697892,soft,62.7517211148841
148.195584068355,38.9145630272953,1.03634282470466,152.518745579098,21.2395390825247,7.67853538864465,soft,65
108.099778343125,202.731865065275,0.889078321712293,160.433894816002,49.9427601473346,9.62509833795816,soft,11.8375897740648
125.770468991972,48.1993394548917,0.948508147155101,157.214045165742,26.0558592018076,4.57935907219609,medium,59.2013965795404
102.225924918338,63.2789876333349,1.01845735596162,162.19959082619,31.0358666537084,7.12586574054499,hard,42.0814506978814
154.215608208283,158.885377721289,0.80587566550181,160.906080773765,20.0973165072012,-3.78076107485365,hard,40.6914293672847
83.2824822520941,137.282485311543,0.785263344898283,151.1693639788,52.5125763513928,7.6516506193446,hard,7.01074107357353
200.56221170545,119.198650038745,0.973188548432254,159.482877017888,29.9700251034925,1.63953343724692,soft,63.4031688350346
127.267949338117,30.4953086799104,1.00367658075238,159.20343679749,53.9636594830137,9.96029318069416,hard,63.4363949539535
163.342528794506,224.057575338795,0.803555840722289,151.707814723531,50.6621548562675,0.0443372060231688,soft,35.3566774371115
99.8190817424527,168.587780558107,0.765551670941058,156.835208001342,28.2794842556902,-0.694356902475242,soft,19.3130193019794
206.047714366281,65.33871065919,0.786226082270495,153.901253334546,53.5772666477551,-0.749396835796689,soft,63.5290449623911
170.78034510463,28.2758408946457,0.912144227950213,156.47701169028,43.0778824291749,-4.04988034675514,medium,65
189.749359785064,203.412278410203,0.940716527937345,164.191059279392,25.9900631994641,-2.27889719113597,medium,54.36556734741
64.3385252344008,80.5910117536639,0.894210247431309,152.238259992045,44.5025602208419,-2.61383137767164,hard,20.8269999223804
197.571808601191,131.058058044397,0.948038375583411,153.887664632971,52.8489697506795,7.09890556755959,medium,57.9964075738926
155.091318106081,56.8025517923439,0.755083555625975,151.036923204391,32.8734552564769,-4.14309550926444,medium,57.0359493515994
201.911123622434,128.991677793807,0.965685506917044,160.393538922467,25.1319957715209,1.10707020592507,medium,62.3694305408365
178.401943373186,175.893974564174,1.04717572248291,150.526617479265,48.8234594887308,8.29571352652694,soft,51.3639481834723
98.5619834895413,210.426290188166,0.955451181038202,164.252215917812,46.8668200435104,-2.23775061004777,hard,15.7105355544405
117.940171975195,69.7396376649543,1.02890067717173,155.579076202524,21.3977776893019,-1.09414352999197,soft,64.919464604723
191.782376597129,87.5281411329422,0.814910363501776,162.387189198239,54.7296103437436,4.97046965239829,medium,55.4713214780713
139.381790371712,119.731791224786,0.78395486994828,155.445935055191,52.671015580907,1.85668607204175,soft,40.8451541465123
132.181832421401,192.969674143761,0.858792313670876,161.947835642454,49.9915572315812,0.390183033886678,medium,31.7137318274026
194.714618621183,33.3622752992794,1.02403309746899,159.639045473955,41.2746022890758,3.25088015274189,hard,65
107.971379361612,78.0242279983231,0.865908029576345,150.063961339379,46.2633484840618,9.78280319636198,hard,32.0988190134936
182.33498853542,195.467272488284,0.833315111175152,156.705355620736,21.812934822452,-0.391322619782398,medium,44.0560254148694
84.4857926296407,229.393848874746,0.903251696077318,152.970762190412,33.3570384213867,4.811738890592,medium,5.31280427043586
127.104208261917,65.4405605309666,0.92199951703438,150.071941337436,20.7409634372265,3.12769156662725,soft,56.4368628160477
120.173191114276,242.910279939594,0.991618340177832,154.71697392832,27.5030697247052,1.12816298054285,medium,24.71963646141
133.419515308017,58.8956524677387,0.844455415668624,158.789246518387,31.4371591505562,2.24284469959465,hard,51.4514486741966
151.746549135756,47.0928648331122,0.869078215226918,155.495170770574,51.5817020176648,3.04081878850941,soft,65
170.138944416805,178.544720563887,0.936609732813507,161.351611252778,20.4488929293612,-4.21790901002056,soft,55.3041245353341
172.036276359867,75.4429698480484,1.02166781382707,150.292564990903,45.5266192933216,-2.20518142302962,soft,65
105.676671623292,71.4656222644163,0.868556828988159,151.006897774911,35.9515880196311,1.78096433237651,soft,48.2489661592233
132.843119441308,70.5155627750514,0.832584128415208,152.697828119895,47.8754859580468,9.18685343562594,medium,46.5255858322952
69.618780238044,123.497845606332,0.893897428257598,164.193821843287,49.0419794517335,2.82722950347509,soft,17.6984775910256
173.077144636849,165.256043025782,0.850544872342209,163.568245051111,34.7262421750676,-1.14875079291267,medium,45.0865319782365
200.602596393169,172.276213494548,0.784986567202503,156.725796126023,31.5137409124126,8.54749381222734,medium,40.5957466046906
72.3172955922363,186.034839369898,1.04293506009938,159.517308532983,40.9713681990702,1.82266299312733,hard,13.6968914943292
199.567675778147,144.010999154833,0.775460410939058,153.383230317071,42.9162387759241,2.23261888170662,hard,45.4749955433922
81.8405443066217,79.5589436468627,0.923681754047258,156.260431196687,28.1369020666262,-2.75866867588433,hard,32.7462120659933
66.7539556731905,131.13443401754,1.02116445387803,153.16635763365,41.8737321557236,-2.33584744190339,hard,19.6970845450988
132.092043708127,137.531599754552,0.891758841403519,158.653277416664,25.8941597206768,3.70810864892763,hard,33.6522939628278
161.489903549432,152.112937090568,0.862599739102539,154.583493751099,42.5666462732334,-0.449063456698172,soft,50.522655531045
160.576227401896,88.2947962500696,0.891041933018185,160.146407066765,23.0860247984023,7.96542994264354,soft,52.5339288718455
207.696556013666,183.400331135259,0.760739411720857,150.546333915832,54.0352608141902,9.20096058749959,medium,40.1444155508288
163.864667751399,34.0462063765249,0.890661434271521,158.871885742486,51.6049345426901,-3.12577959184508,soft,65
139.676053475238,211.786830482511,0.879875265671169,164.904527676419,35.3946213631967,7.55876280038851,soft,26.1052522791068
182.691654343806,170.253043363661,0.988281543901714,164.994131498099,32.7416760450337,-1.25072592577661,medium,58.911226115255
145.030794250051,26.9815711793528,0.8812029173636,162.163434835132,53.0800700647136,-3.60108684472729,soft,65
107.881864738472,216.502103951809,1.02006846148004,160.071329733246,47.7811611553087,2.72210274732053,hard,20.3402690233813
75.7019323490711,175.282356339851,0.88861331719596,158.22064766047,45.5626682376297,6.4963839883619,soft,9.95009453199433
182.507367049081,210.77077712261,0.794137572623218,152.688485577318,20.7457157231223,-2.12572903779998,hard,43.6100130444284
128.355830933139,239.156279793203,0.777766622516149,157.398604803803,40.6931317577881,1.48329500943714,medium,17.866601619118
182.261944896395,221.99305027999,0.889199168928023,153.722969368465,24.3582926327038,-0.695212772515501,soft,45.66788216738
153.449836038954,233.783970669335,0.805160850399226,152.842480131078,51.5435344126347,5.1901479714178,soft,27.7262008394682
182.073569927906,107.507247525583,0.763511331336908,164.801587426947,29.8507797887903,8.01730012892381,hard,41.2576082823803
176.310158906589,171.375737752705,0.93673838105156,150.020221222834,43.1143364409651,8.70882340125436,soft,45.4186520574548
165.497878842054,212.086388562273,0.845127406965053,151.503105069248,48.4349140580221,5.43805428860391,medium,33.3961957551857
170.689686996294,68.9344355671243,0.843872516420101,150.441727543312,43.2217517649423,9.85502900971089,medium,54.0468927323325
113.344599196811,172.354554311394,0.934683537471452,156.910287165733,37.7348987743436,8.81797827030594,medium,22.9411673879478
156.335299069511,56.4790589927307,0.988678471646176,157.514579020167,41.474812042419,-3.37747873739919,soft,65
131.390449897437,63.6803488480053,1.01685259681945,157.618876431059,40.0346196155677,-2.69022315881565,hard,65
164.482599419869,51.343608311976,1.03839304844334,155.139823283575,54.0351096047173,-1.56695046269873,hard,65
131.177490291927,142.398579673923,0.841219148369871,160.435634621984,37.1044397216314,3.80832382325394,hard,34.0904426709154
69.0754174959546,150.454878399364,0.753829223572759,155.151636397372,22.05391680772,-2.7577951707013,hard,14.0345316374493
90.435156851575,78.455896650042,0.901543483228491,164.335446511862,40.9329040812785,-4.61478462838097,hard,39.0943781623932
180.519291043062,144.128611810749,0.758030846080793,152.979316130594,40.076234091555,6.38576390170986,hard,38.2957171523522
207.69004786468,203.219174026904,0.9999518715992,161.824114646428,45.5570190829919,5.54317738240571,hard,48.3859554048399
174.465630352662,147.738069349408,0.796211600160835,163.924123649711,44.9524325910566,-0.944938031980238,medium,47.8495717071854
145.58969886884,141.296435528868,1.02159010910638,155.08007578964,23.0950741165062,9.24250077914577,soft,43.7450861035816
91.9081530099227,157.969517568384,0.780081375825109,164.789849027119,44.5545901217186,6.82640576171993,soft,12.7239197717264
195.679349396117,202.907318851544,0.755451664171519,161.817214670057,48.4882629922903,2.41524047904932,hard,37.1312687134342
92.8013504900913,116.871633866981,1.03168810015766,158.740752275791,25.381896527138,6.4526946057405,hard,22.1747286969966
66.8608590829033,91.1356806410209,1.04133599480701,153.777280163434,54.0453780890444,0.601784266167416,hard,19.3986164661643
156.196374753627,75.9101949752552,0.897278200653872,164.739887854941,50.6103837354495,1.15952124683289,hard,55.4266718456563
65.8738376114999,211.204155714079,0.827895189349904,151.225658531666,30.3883434406221,-0.418249239758747,hard,5.97868281315705
156.44166345117,227.764266572043,0.756868560601713,152.80923556959,30.7160477206268,6.53836184268062,hard,22.217805241971
169.974323447967,34.2787541029265,0.968700610226042,157.928693642485,34.3766781011127,2.67608008140505,medium,65
167.951350202895,120.696908747181,1.03736575052305,159.34824129889,54.1838793248576,-1.27437741545479,soft,65
169.736570331655,126.750838508827,0.947706659081348,164.421396129465,40.5471723865172,3.65829111448402,hard,47.8041465909464
64.663418347824,91.9068766700053,0.968987941635905,161.576606618441,46.1178702664982,-1.52287873107367,hard,23.8138646003177
130.591198326459,219.635517436662,1.04886098080302,153.572757714362,51.778166917701,5.79246071853623,medium,25.026296501273
96.716128142968,127.979126352145,0.922346817699707,151.011878448451,25.5635278317328,-0.880370184524105,soft,31.7752529854167
140.376969432683,199.564997879506,0.867510176985473,158.726159728204,50.2411896488936,9.69875500461316,soft,24.8703769646757
67.3553330117488,112.136529075238,0.985696313065956,160.777564216176,42.3317760218582,-0.693327978540962,medium,16.5502302163976
93.1892509718296,234.481580928427,0.823544086368939,159.955334637894,36.5422147176509,2.68771204247993,hard,12.3745428724394
195.809394903205,186.359827069921,0.940442009126575,152.574000888335,26.949804316522,2.88804453778907,soft,55.4817465835578
68.8209548469799,178.463754755368,0.879952415834997,164.545915429267,28.5604034778756,8.19677070398351,hard,0
129.878386304162,80.7958280362294,0.87716735445434,156.228787153006,27.4947243918044,3.62518775484554,medium,48.806051634775
166.477955533569,57.7966321598084,1.01326488282949,156.541504706874,21.1874779709114,7.7229245016907,medium,65
183.172529433454,86.6949752627024,1.03121527488398,158.839953601067,52.5480173689388,-2.61834028519326,soft,65
196.721498474274,82.2586112960186,0.827265094486556,156.665640764338,32.7496539630294,8.28630829079733,medium,52.5079839395327
156.185744535714,185.236465992402,1.04986315547822,162.956769691049,20.5861492934182,-4.98108425955085,hard,51.1030844493428
191.394671809664,222.015011415538,0.923488119619913,154.702261952332,31.1774561665365,6.94627568734888,hard,35.1466319270809
136.983391679083,239.481417054061,0.981211308556097,161.64339104339,43.8285364432309,-1.15698390828167,medium,32.3948028158912
147.823138773916,34.0430496638701,0.867498966542881,153.496866600063,26.2169641027397,9.28693848919068,hard,56.3123101767117
122.400582383311,149.559304948057,0.987431537407947,153.044442946015,41.0111968501342,-3.15132027466511,hard,37.0675560046726
208.599548527948,113.294161596501,0.792751410767909,158.758462138279,30.5718457559367,-1.73811631376207,medium,59.4124487704296
108.584427354793,95.5072500573291,0.983960347818772,155.933981857277,24.2274592587467,-0.392022832168096,medium,38.2320308957177
93.5818586567941,67.1836657870959,0.846029052628175,159.783356826334,37.8667978383461,9.65869658200568,medium,26.0366261499318
85.586680712286,201.185699972404,0.87186608133856,162.638750269608,40.5079592498524,-0.395838222038241,medium,11.2417872488383
62.7803933153805,39.9385296581244,0.899757655571738,161.447869515061,28.6393606603275,-4.76938096637994,medium,40.3737392102884
154.086350563494,41.8824928243134,0.958920935402441,159.467581632008,42.9978990391823,9.19821708408488,medium,65
141.585747876218,133.299303505293,0.783026391941795,160.298298930425,50.029209604165,3.50953898059535,hard,37.6765652352448
119.575605203663,63.1178247786537,1.00046909965792,153.949387081211,25.3169889265027,6.59615686823703,medium,56.1892439000876
96.1490089453854,140.501217040693,0.936612047479471,162.919860136094,51.8372825627815,-0.113136345826995,hard,23.5065644525454
153.933247870675,79.8298040893339,0.985315487791956,151.595924313659,44.8198023329344,8.49496135955038,soft,57.9281556911083
189.281708453577,78.4200259184825,1.01568446098545,151.563095654158,49.750386077215,-1.24639312972827,soft,65
81.1457054587322,119.68495679191,0.983529777930898,159.793093767978,41.7010587196181,-0.264790370585791,medium,21.2657034937773
157.699442957017,129.474196531075,0.959731649052679,155.135835581618,33.7242018805875,-3.52658863270134,medium,55.0203833079521
109.646872382351,26.5357565327713,0.775337123667011,152.379438810417,23.7135442785758,9.98991360922712,medium,45.3616278332584
159.289095739518,247.279945256951,0.991529752992811,163.76123071331,51.1313423277032,-0.0535344410610463,soft,38.1210501984193
177.326186251429,201.081234370601,0.814869671179943,164.314637456235,51.8742835412867,8.16442404941543,hard,32.4194696964788
111.850849200746,166.322801701523,0.877628642087792,160.432172220331,51.0507358964342,4.52412415746973,hard,21.7989720858475
180.58941573944,146.346122356909,0.766444102910043,160.413583769535,25.3291820488635,7.12567142228667,medium,41.2702318186173
189.082509278956,118.59698510181,0.789703776415911,151.636449387143,41.8069099748369,9.20794342611732,soft,47.3508283162645
181.844924305791,84.6848093562086,0.977295508937815,150.12710550567,25.4626150093112,2.35945446157225,soft,65
93.9946184341108,84.8751147395784,0.882781176477267,159.499296933905,52.0177280700225,-3.11784720010515,medium,39.6752780851952
164.169948644064,241.433156747191,0.971372675473218,155.215667573747,24.4648774226342,5.50794704430556,hard,30.5716308020814
75.3704468595233,117.913568244876,0.791582725093788,156.254410892523,46.4447899009433,0.605445091201144,soft,17.8385954518007
134.903657913463,186.766527603412,0.904148657148986,161.329720883399,26.3280373599819,6.56916373608609,hard,25.1060398400808
123.298383638339,185.033115710783,0.895128361646761,155.067066706028,36.3402948385471,2.14526032389053,hard,27.2957539197836
104.452831522201,114.365743942668,0.794454236067387,154.652554523487,33.0836013889888,-1.78492193132866,soft,35.1402784705055
91.4897676408665,190.460364389528,0.873463614296787,156.773021488466,32.5111626073663,5.89669111532507,medium,11.2981597181933
199.851615966343,211.681709266447,0.837680025540696,154.58505390108,54.4846018080118,-1.63564741187995,soft,53.9049576272636
107.405503073007,236.329480833402,0.864947379624588,161.509951439208,45.6371483046171,7.01988121779113,medium,8.30814873318196
97.3442702147359,137.785996517675,1.03028519370233,158.715095335882,26.174287670768,5.15784108500512,hard,23.1922116939793
139.010266153631,186.854858899974,0.968644422234552,151.59636902377,30.5001196727604,0.15949938205412,medium,33.8249405978346
80.7297106424988,112.613358147056,0.78275705684372,163.651727557449,39.8124295693269,-1.91719812874718,hard,24.7497529175249
180.608393345746,119.829844772584,1.04979788902674,152.003426783019,45.9051321536628,7.11753557446658,soft,65
169.500441913453,151.291548694093,0.901337692682705,161.974774878736,33.7393945809441,8.810459258103,hard,41.834784820729
202.782322705225,134.174844183806,0.895400128645189,150.835561008323,54.4291750847422,8.07878430543999,hard,50.0618528790372
157.778329052548,217.804759204337,1.02139862195746,152.173027906807,23.1456414152977,8.03370769524479,hard,31.1883741346686
171.365255535558,241.928771495167,0.757800428983765,163.628317542619,22.7394357070533,7.99722534996371,soft,24.7001523808888
74.6293022029323,225.546914109657,0.945332317632836,160.734024156223,36.0601301879876,1.21305824701446,soft,6.04976149370189
188.273508200051,71.8663519121286,0.917649125419835,161.392914292786,52.1528006598183,-4.61610150235624,hard,65
70.3998100718605,216.640932964559,0.80634909784631,159.819631185829,41.0752782872499,-0.843409493380494,soft,9.41904561648562
103.055443159994,40.4943530450961,0.834961760889976,159.538744328244,28.6014154032539,2.67301418257498,soft,53.5758598634842
85.5052789399773,242.156438423612,1.00518776932629,163.928205751612,20.3687538378127,1.46166564088803,hard,10.4492917155992
126.776084758173,233.458123919495,0.91488553830109,155.734498125305,39.4400746890524,-0.772633437923323,medium,28.8925808970322
101.494889272433,134.216727307778,0.771531385220656,160.228797555227,32.972452612945,-4.5189080467682,soft,29.3223864751874
154.840518914987,137.473533417126,0.988063295757519,151.761113887624,42.1151133216335,6.61450140306405,medium,50.247601785973
119.700927739578,111.330920323307,1.01203729465837,161.190390354689,53.4503312728825,-3.95377673464909,medium,51.025064610563
191.450544975041,149.630912023417,0.870267551344601,153.424497067154,39.4152742128494,-2.43117786960489,soft,56.6596235961089
190.323575516519,108.27638391604,0.843687180120189,152.012225721176,51.8521215902718,6.69415400308327,medium,54.3042214712168
162.292366723069,42.6079526322383,0.844909772462235,158.836350727577,25.362903645803,-4.43154235448667,medium,65
166.232586943071,212.191059294315,0.962919180784213,157.179408608981,51.037834534075,0.0378559851406397,medium,44.2741886959364
81.4742495134616,138.650884771501,1.00602317221671,164.047594786688,51.1248076835861,0.00381535559835999,medium,20.1872774606834
86.6965681774892,69.1814628842398,0.99994337519192,160.259053669992,24.6072566184791,5.16662013454203,medium,34.972398111691
194.38883206921,111.379959513013,0.808308546160593,154.642709838355,54.8045827130352,6.69442629975415,soft,52.782779356866
154.825082208,219.895310428899,0.785154100558086,159.052709141768,45.7501912527584,-1.6660442816631,soft,37.9342892030929
112.735631450537,82.8559713637456,0.8437764530664,164.790899202736,44.4780463128445,-2.25322652723289,hard,38.8174156493259
130.646700312811,52.2858356988221,0.941131504917114,154.095668571303,36.1179712878416,-0.743741455956007,soft,65
142.151066860347,210.48450504352,0.969191191567332,152.999556449628,48.8500210488157,1.7042410167633,soft,36.3602294582923
107.121574671183,163.130023829658,0.89154589774104,159.864350068932,35.31733666596,3.752201847024,medium,21.9378421136551
69.1922456441048,172.216340230838,0.761576748061435,157.060250651849,30.276150152952,0.157823164078842,soft,13.1611983968732
193.067092574979,178.147328933461,0.964592807821555,164.530466151659,53.6552445475778,-1.93853666980665,hard,55.6662363275762
207.761479330812,31.9733809836762,1.00808731241632,160.401387423778,53.0667743958858,5.84249714666009,hard,65
101.965389881624,33.9608856490172,0.858571028620011,160.311449602979,42.0943890757747,2.6997139802044,medium,55.6478106188681
194.693499707122,78.7840607426447,0.997054162096033,160.799607424234,20.0783780423084,6.52006343272442,soft,65
158.745493573796,144.259044919107,0.819532703918198,156.156617013637,38.376091842189,7.37647804979625,hard,37.6252025233782
129.101778562128,109.826303461206,0.834971677813945,156.998693848218,23.3016768564342,4.74204282165061,soft,38.6407751943072
106.405446468718,185.956429482442,0.979895587555192,163.395300113021,24.4535399554652,9.52843845845918,soft,13.9126445666346
93.4453617416384,206.599104051272,0.860807362660642,151.567401425613,28.7109663404042,4.48679828554795,medium,9.54203026813976
69.0922192168231,200.762749654677,0.7567477168241,162.601434243683,36.5668308920526,2.79438867386153,hard,3.81139793003912
182.604473683907,198.432884108447,0.94969367312176,154.248935094476,50.6879787042438,-4.07118031144562,hard,56.1286497593579
131.450374306963,214.276785913561,1.04358948817232,162.260105007848,53.8072855729074,3.21323577402571,soft,28.8557341075034
172.670788062619,84.9270781368265,0.919675578275657,157.243331378791,51.2051045559232,6.43354787026521,medium,57.8500767615121
179.77906706322,171.21878230849,0.878791466828033,158.703381723487,44.0152723822834,6.7214872733458,hard,40.7805141747857
108.054282064825,94.7195111123605,0.86176933680617,156.683413251207,42.3096443527984,-1.8113919398361,hard,36.8680150088426
137.254484841282,200.152872366913,0.945532666623245,163.382900231447,25.7337815221929,-1.88724445463434,medium,35.5987329711856
179.971936538917,140.042049593051,0.822753928252497,160.823053487429,24.8097097247624,4.89121214883325,medium,45.8820790747364
182.302827218542,30.6939378197569,1.00808766624488,159.295412321714,22.117528098601,-0.537901900485015,soft,65
117.847542091663,25.8898300798002,1.03410164621799,159.934624386435,43.981409545949,8.73510842396411,hard,63.207926761739
143.046850024473,156.319023990224,0.779877281103585,151.440515607713,34.8602011741688,2.26868956510753,soft,35.6136546270058
106.270274450084,109.284318202833,0.961244337452359,155.478251903037,21.6735838149977,-3.47420807150425,hard,40.6438362886647
149.718923746507,117.808824257742,1.02544322718032,164.440522198012,22.135553069711,5.64842450769352,soft,54.9307777088422
93.3209133400195,161.099217741215,0.963580549060727,162.981657444344,43.0792652680359,7.47002687132417,soft,14.5419463622262
158.404297245822,194.916393367513,0.780983773046244,154.573224596663,27.2373611420084,2.67480174307448,soft,35.0453466397944
79.9435233211255,128.52651442173,0.797514422760484,163.287206763402,37.8304845004991,0.0156469449262628,soft,16.4736728227643
168.271310160399,248.84367365715,1.04021331593614,164.902848011701,47.9654038055412,3.72989605133381,soft,42.0519112164929
148.151898963426,174.793459857475,0.857800694930012,161.264219518668,21.874406576522,-4.98273051238514,soft,47.4864462149616
155.999279459062,72.1403572374929,0.872158951691283,156.178033281904,30.1631194935613,6.80465822138534,medium,56.7295393087026
195.310666444501,173.07492852708,0.861643295513884,159.480550455197,45.1506048725775,1.50439068693458,soft,57.0259743308697
151.483245857514,240.217291841787,0.93967951206607,160.521510986513,41.9484280737192,-0.338775184691001,soft,37.179853574377
75.6176776490591,186.214815146231,0.791581941576094,150.031928997458,52.5666086600804,2.58884185845171,soft,6.93066282262613
66.139055521873,71.7281384123807,0.801808437342733,152.322209481777,37.7741249067235,-0.653985501863675,hard,16.3357606307125
64.3691174920643,136.275213075705,0.905293292544752,151.814646624962,54.8244411437563,2.87464790696506,soft,11.0689103477923
184.994113918918,215.96847562407,0.813258860546282,163.733576198655,37.8696949876263,-1.58238525566389,soft,43.0707597896486
96.4140599503466,127.927243281235,1.01360560032131,163.737289700687,21.5492795710232,-2.52180066863306,medium,32.4567058220652
97.8633614464976,227.348956159309,1.04874754170843,162.349651010957,22.8574582707905,3.19095748095609,soft,16.9625935766416
115.325166153901,124.711101984143,0.86316929408166,159.863327457653,30.8476633147211,1.06987300628431,medium,33.8742288807931
67.5279240220954,132.559502322431,0.981581650088638,164.509496927816,25.9919178236431,8.6927583684491,medium,6.98666145658425
113.548484138196,44.1954974620138,0.919148636065196,160.736125207161,27.6231484561157,7.768033543874,medium,52.8528827747263
95.6700514352069,63.1530854731688,1.04039542424316,156.631700036205,54.4972798452336,3.33337330947715,hard,45.0155963726034
189.054249958897,154.493501605226,0.938812926009421,162.172796382205,47.4395112659932,3.09724710707532,soft,57.2633950474969
193.773662139823,172.639058198773,0.767609237791889,163.54466057958,54.2463855537284,5.46362895022855,hard,39.0906736034627
109.229965347526,201.189834908727,0.760371463903578,155.710323180465,33.217916179205,-2.65613749086474,hard,20.5797240758338
132.918827387584,125.875693789118,0.911517026895229,160.303460308449,31.8681633839744,4.50316925329626,hard,39.95133584342
120.165073172376,68.5335444057163,0.86151912207127,151.456825839304,35.6048196517298,3.62654282751949,hard,46.4846550130518
132.645524587908,144.398672250436,0.953056480386564,150.306661026039,46.6035804847008,7.83301962707046,soft,36.4351659523306
116.390296158832,20.4142974840377,0.900130736284927,152.212801365198,49.6982904555559,2.38589864869985,hard,65
151.748520013675,195.235143729556,0.869207340925333,158.505286429741,29.0292915883625,5.48127367616212,medium,33.3877764255526
194.813010290488,158.218473891266,0.906619016856368,162.97657302535,21.3614707458675,-2.78172457123556,hard,57.8093716679812
109.572153765036,93.9974984720286,1.04790639397125,153.715332638632,42.4551272256322,-4.46923666203307,medium,53.8447686029916
62.0869490410379,240.206634721116,1.00073479755958,153.79840002887,35.2552877303498,-0.945723987190915,medium,7.84834019033961
193.617107831377,95.4669471924833,0.755100629529389,162.917358928672,52.3595501349714,-2.05017195904237,soft,56.195990812884
131.634697353129,148.295678045316,0.8702053485569,156.608456853234,43.1761985558258,5.88858015230501,hard,28.8081312458615
75.6412059760117,162.796572245729,0.791276338493716,153.778021342799,51.4604445744189,4.65362766449938,hard,6.46952569569664
178.709342271571,202.556650826664,0.899350204000982,163.035903981437,42.7148118805687,-1.54099159718317,soft,47.761269828362
139.406833850455,120.514226410432,0.890822544488767,156.392807909836,41.3682806914855,2.17588691407659,soft,46.4943249975608
145.942484425278,176.513648583213,0.829687205258884,157.749658970532,44.4279602188797,-0.908968330265333,medium,35.0201096696136
146.792020259602,183.516530443595,0.963612551524384,153.186833619591,36.9243736943509,7.89339822306213,medium,30.878935603331
104.251111135966,141.756257832219,0.82095951772129,160.297979033554,53.9574499867436,5.75753598713525,soft,20.3372830681911
78.2587687275541,113.983388975627,0.822858797237758,159.33995810313,34.3474200500505,6.94988805600226,soft,13.0680111638244
183.035467197018,192.811006511247,0.915106393089904,152.755484833273,33.2705625035258,-2.05194062325292,soft,52.0056952145151
166.584130208195,120.171677025146,0.800255529992166,155.863521013258,42.5899855936894,8.76234814892326,hard,32.8246681417399
77.183802054693,138.451261861924,0.924666133893051,160.570855193766,23.3195717882559,4.69923367966625,hard,9.88747639897038
181.601288587107,156.882285537251,1.00304789473113,162.721511084697,33.7348466035204,6.46819032615252,soft,56.0195742144065
187.489427031952,99.2486603048924,0.79375651479689,151.316464815033,27.0986382059173,9.25254328858773,medium,50.4529222919179
164.712583705149,57.4045984070121,0.909806565380587,150.383334773955,25.2574963470611,2.60331280870821,soft,64.6208152660782
201.100705756657,246.973639016027,1.03488476289916,156.762245578578,47.0568293234636,0.926185252864336,medium,52.9046422094224
116.43455850095,235.817560535744,1.03807546123977,151.085532590489,35.6076284452849,9.11092385000156,medium,12.6410266175548
188.660227860495,134.817093784938,1.00996342108994,160.015001568875,33.406629189889,1.92356688249754,soft,65
122.719002182444,97.6913682772783,1.02737712636556,162.942425380199,42.6274527160865,-0.0693665294959027,hard,49.3260811068451
108.246850543438,177.519843466761,0.963588283641187,159.688489156217,30.7054455779547,1.1590950761404,soft,24.6880830425468
106.885249222012,50.3421532827646,0.952729152086109,151.021552903546,20.7499747708172,1.64102258845829,medium,56.82222484298
92.2510369829282,37.0997771941412,1.00282632225591,162.481615444143,20.8846592774647,-3.44447067938551,medium,65
169.682842842396,191.119631434366,1.03221939936122,155.536458585382,41.4622106470138,-1.4313949211445,soft,57.6266077213236
166.401339207353,166.954610264347,0.834658849375464,153.908153371535,44.4112208008019,9.72146148573646,hard,34.4816756419477
62.4913875824076,198.90823810228,0.825298819688672,156.599215471774,37.3538848186294,8.55862120993285,medium,0
119.505718893487,118.689685151033,0.920881135317093,163.217411361814,31.5945366533493,-4.90293066139561,hard,45.5750397155585
177.708114411565,153.417294261835,0.8810809387641,153.414712512873,34.0624887937364,-3.25567821305355,soft,55.4175646473759
139.752891032574,38.1728273200065,0.836367676209499,162.268845137475,30.835561028315,8.70394676849028,medium,53.8533238068872
86.9432654101686,56.4143918084623,1.02947076897615,162.750752078603,45.4772123043141,3.43830786125108,medium,43.6046309116713
174.919137271126,176.097158917802,0.93869413991638,162.037977417138,37.2600135169549,2.70870777044891,hard,45.6028512610495
76.6292800639248,116.003270276885,0.778908370685462,163.753941170228,42.165069894747,4.8312075077065,soft,13.0939525708112
104.519251877304,64.4008350576075,0.784195762090759,161.041822993069,34.8230032650636,-1.8766766472785,hard,43.8610881416888
143.912565820595,152.007717571401,0.766690236508704,156.785784940601,29.1829897375774,8.82082845995023,soft,25.1392330434921
147.572112071743,63.0395318646402,0.905923022099315,164.162629988773,21.3272563152623,-4.55523285000734,medium,65
89.3330470894195,202.154571715357,0.831851454562328,153.565767937329,52.89279573669,9.43673953680805,hard,6.14181769714075
128.892797855475,196.407675244274,0.957480051479466,160.190217955426,24.9308074048254,7.66472306798608,medium,21.4475631644942
128.413680444803,249.310411949062,0.830418136025998,158.154348104894,21.8214209037656,-1.59589990841161,medium,26.2785489981947
77.0636038094724,242.492066583551,0.850706924497124,150.527973580346,54.1481709480258,2.83533172993981,soft,5.40362845061574
125.613573301185,35.3493449011055,0.880975272809027,159.139654631852,24.4468890827516,8.1013873566315,medium,56.0944435654644
192.735834505303,233.91910167407,1.03330774543095,152.869454344427,30.9207453300112,9.29828160903321,hard,44.0610686840964
164.39019041937,227.621587284863,0.835894250183571,153.924930522606,45.0858998836898,-1.08465610873399,medium,40.046550464227
161.269806693823,78.5806073526595,0.811998306792674,157.90513270379,44.7674538676989,-3.77860163840357,hard,59.1658774172175
204.165178887412,248.47636435943,0.897484966438358,153.800740378132,32.0514519310398,-2.74092610660864,medium,45.8389055283587
170.192899812213,213.555295029314,0.847089847205591,155.073305583185,49.6060718960446,-4.03387166215992,soft,47.9633978856777
78.7069187680825,249.529005175415,1.01888835816859,150.508190059911,31.6579133464264,9.13569944522347,hard,3.75560119855171
157.110684865338,161.508237869785,0.872522169704513,161.494268595726,51.1468626326651,8.93684066321116,medium,33.1446676223654
196.498632501235,138.924703261779,0.861500059312789,152.765240034231,42.5006858369799,5.40855876620599,medium,50.568810555541
187.671335832662,221.916587233592,0.876024439076629,150.493260002249,32.0701848893091,8.06764588666164,soft,40.1587110596938
79.8663451439871,102.689823938463,0.969446833888727,157.943653540093,44.4775492881524,1.0981133905516,hard,27.0752173526927
129.021142107973,217.238647433237,1.04257546993083,150.622511889512,28.5641762262641,7.59560552146673,medium,25.8923009766221
189.501680044078,28.5011062957877,0.835182357512961,157.742326460083,45.8230439017749,0.105538729486022,medium,65
129.435644509181,21.7511078011562,0.856580518048747,152.727303066448,43.159512108749,-0.0895625461674614,hard,64.6832623682064
60.8368161526916,135.429432472064,0.934224476498828,161.992224106822,51.2669199293631,-1.70730429229785,medium,14.3216751806101
61.8371520678082,29.7573491695226,0.920113658572533,160.051293058888,20.3475968363902,2.25594682873979,hard,38.9008224780879
91.1721792034992,81.7642540695719,0.904817735893397,159.144816296894,53.0907326726923,8.92442711421994,medium,22.7464581983631
69.5714575971239,162.683590021057,0.794961385215657,161.942418065615,41.5475426567836,-0.155898014695019,hard,7.77846647556545
97.7919348757784,56.9147190094689,0.855906980861279,163.720608464013,48.7194091354279,5.84438823171514,hard,36.7118392635703
70.09539256354,198.173994364291,1.01707535753715,164.804064186962,23.9425431808983,9.70094282620912,soft,1.92455870682264
165.635774203389,227.5697088198,0.88738795562997,153.213725397434,48.5989557199356,9.73554529112426,soft,31.1671536930742
127.881600458696,101.712483012465,0.933688496647127,152.268151457138,52.8840777057846,-2.01899508220966,hard,50.7382880607314
208.88228366578,246.855987685262,0.968380063156046,163.702331034477,37.6807422140082,-3.76280314402326,soft,56.0785200518169
199.102412865739,97.001989514437,0.792805815680509,155.565589155461,23.8603351035284,2.10672991813189,hard,50.5316634533347
81.2646637858716,100.448830424785,0.797781722158586,152.85875926267,23.3474935195265,1.12140992495212,soft,22.0168279245696
157.544035213275,173.524660149865,0.815759200512161,158.181707513646,23.4012967317627,2.61339919065479,hard,34.2905510690824
113.315460479218,222.000369938684,0.99820001014205,163.023463418406,29.5301543596453,3.03465322031876,medium,23.1656465753522
110.911265264303,30.6359793577531,0.882430817170461,155.582401307605,43.1127260360719,3.34909820952115,soft,65
188.864591701249,38.7038444994073,0.971415015219418,155.232289771901,34.1485312592983,0.85632497786653,soft,65
111.622662598055,40.7631986413854,0.837517639714313,164.605466654671,46.9474928868137,0.822070459552361,soft,58.3800788731686
208.483569220963,105.56558183722,0.913018011474386,157.046799407688,23.6446614811959,-3.36612062676465,hard,62.6720464209996
65.7932730770236,180.219122419596,0.917774972157175,162.158883071518,44.6425090528676,7.17627607587276,soft,4.39260160664456
60.4359717511015,149.806831442591,0.979478763792044,155.613297419648,50.6485975947122,4.76316938478101,medium,6.91961821425072
64.503691785691,54.1128633424389,0.988774086371952,161.254238686658,20.3711653491574,1.10686071288679,soft,32.9332613090218
101.070233489174,207.071699203679,0.837137765789615,151.826760509091,43.7215774507485,2.58220690309072,medium,12.2600875660605
148.745539863184,178.518679719541,0.808120730332003,162.083844721968,48.3233251191743,4.99122531723298,hard,29.895914147581
155.879457551255,213.619013654829,0.828438916259136,150.556900756899,24.4166547817554,2.74346573737204,soft,30.7645397483518
192.987445270312,175.031772372132,0.985638893014109,156.74228580664,27.5065777281949,2.43811770343484,hard,53.7718253022444
193.930064073095,59.3298339398645,0.83154526494804,150.150417683011,52.4988412089631,-1.35063408673992,soft,65
160.248088934866,60.504920794934,0.956066885950253,155.073806694963,26.3740944651943,-1.5931126359258,soft,65
137.730852257663,80.3778618084067,0.876521298252126,154.376445934597,27.9171524448869,3.85933887170895,hard,47.8173665972603
196.392876418833,208.628101678512,1.0453070620982,161.588252887124,39.3527623769527,7.13914783220936,hard,48.3143820765345
86.6449859081133,209.837567808361,0.901018140044683,160.065778168555,46.4711570881395,2.86339870241156,hard,11.3169226967672
159.401373433973,216.869675776851,0.778041512369991,160.906230777431,50.8140487221011,5.80828528873914,medium,25.3786166411651
65.3802932752291,56.3890866663895,0.899310111176979,164.285392760132,42.1819582736746,1.25905279481407,medium,24.730582679891
206.602383987351,41.994652010061,0.844402524121793,163.773167471292,46.4968285856122,2.25779467885193,hard,65
106.314966824455,137.200764522914,0.775932344145789,154.631107207847,30.1978277882512,0.791337170966452,medium,24.906694626704
100.168701411191,220.399217399996,1.0320548546107,153.315477961417,30.5488038679793,8.87997831266232,medium,11.451083281423
65.1885960295312,117.159167145323,1.01780739029352,159.12929404477,44.5720154784991,-4.94067307496164,soft,24.1443471121505
113.150188345031,71.6046347684693,0.943750572487243,154.54451458495,28.4418647568319,-1.93316716171946,hard,47.5209984907674
68.8553376314228,224.702835093446,0.958401450369035,153.887986775813,41.6750605607474,-1.65284490996582,medium,10.1698722879642
130.178650688444,227.755598884286,0.984340742830228,151.084352481688,30.7075081695227,4.50539340693586,medium,23.9844665267977
185.64799771031,166.290754119758,0.886408850183009,163.319166189027,53.3310467527417,7.62020391423507,medium,44.0680574411007
114.97124864472,164.267442174961,0.807645059362612,153.529611527733,40.1797343693163,6.24634656049633,soft,23.5040674826199
149.816393081436,55.5391650667341,0.970965447924516,151.912199992451,54.4256541960592,-3.87697721802194,soft,65
176.580892526144,216.402893708435,0.958287135540231,160.519722337558,24.6305447890111,-4.08156301058278,hard,49.3534607900399
118.373161816547,169.550264492754,0.940089652253813,163.656610699745,40.2417769619423,3.29919372011695,medium,27.8502637519022
114.962377400199,196.307509380084,1.01794417532322,150.688380263169,42.0200440408003,-1.06540596659895,hard,28.6438202477611
148.027219776061,174.459386795652,0.823347166466109,154.619217411922,20.3122026445568,5.30550907895225,hard,29.7226576980881
65.4468491095879,21.9300826712341,0.925112611135183,161.450596484893,22.716763310065,3.40878200125493,soft,47.259774945585
142.393145023177,98.6626974167702,0.843708244972082,160.458140938687,34.0818777655942,6.13381207190384,hard,40.1610452140621
67.3274692633172,154.772372861293,0.845765237269499,154.102821924331,35.9731857406361,2.17957435814432,soft,13.2621418283978
120.449421233666,143.926719380511,1.00489436765065,152.926647078818,35.5152021286914,3.40125386861348,medium,35.0946429251292
131.891497821522,187.54637530501,0.900831429949688,157.044126740986,48.90469194028,3.29415228954473,medium,29.9324462028094
147.311109183409,57.5346216689868,0.84943240936323,152.102395571233,52.9485469272093,2.73363501499024,soft,61.1395283100761
187.541781703704,106.995722610839,0.854679496431677,155.170149539055,50.5356097709886,-1.15517937285807,medium,56.3996988374951
156.242082536399,84.3355619871853,0.765606445215673,155.303336997391,25.5445085458242,8.10682959332726,medium,40.8297619367148
109.543402187042,150.71586792173,0.933627509152651,153.956534362296,47.7042352501846,-1.95869972824641,soft,36.0895572339203
100.953126247319,219.072670331521,0.791232113261489,156.673038407161,48.5320148962319,2.09702429373438,hard,11.2468743577482
150.198504578674,194.021516119643,0.951536711582142,158.665867980337,53.14020291752,9.59758843433727,medium,28.1654514050287
78.9009696518597,204.392560925348,0.937747337302548,163.299815611242,29.2169642238938,6.31615111747997,medium,6.83755730884088
192.464232863884,123.029792667788,0.804962329306987,164.406269928509,36.3950133111963,2.08475272900644,medium,53.6935127091657
122.422222349814,101.924962870961,1.03147158134211,162.457142414104,24.0766645680941,0.983974557417334,hard,50.7351989242463
81.0815656378833,213.606974277087,1.01538263367618,151.016413208567,52.6916428622703,6.56350433158065,hard,2.3286104868004
94.7467652389449,214.140607098033,0.992051814739921,158.386343699298,29.5142765429787,-2.36126421062544,medium,20.9398750031272
74.9861783492345,248.831416234179,0.988103663593775,163.821426987174,53.2987686795403,1.70089768828209,medium,6.46790576538048
83.9913836144943,213.050881326068,0.789041592543304,151.635334604305,25.8654286817474,-4.13361589935551,medium,15.9921581486428
124.983089729766,87.1641269585542,0.792226304818084,161.976480081415,36.5921238481364,2.37508651086225,soft,41.588475709091
119.02475445684,102.699945789756,0.95991130210933,153.648743330544,49.9414627503513,5.79451154239587,medium,39.5335481778782
207.471187168177,77.8073314850767,0.855733246291491,153.977820393251,51.0838859359212,-2.10515383024141,soft,65
204.651105948862,61.1601841115281,0.946880376304771,150.022369324277,54.5454930959654,6.71402476215764,medium,65
178.302307604716,230.573840663478,0.861648921346221,153.810698383594,44.8237654150971,-2.44064684991276,soft,44.8298785181569
188.372598564353,75.2087002377293,0.931339089088816,154.938407329653,30.9541861678448,-1.52937137331587,hard,65
192.611305702702,244.929004792478,0.940160064060243,154.261577816579,32.6456658338268,-4.43246934046178,hard,50.5871347137122
124.831927053612,214.256459007689,0.850492168744151,155.427313605826,49.2875023011209,0.932828667732226,medium,25.6376764613699
176.368335814195,181.062115736822,0.769193607630086,152.456692792555,44.461492422341,1.81949146205227,hard,35.9187301737871
76.4592810194484,129.263808761944,0.879621882724545,161.789507243024,38.3213796487513,3.63757811595539,medium,17.2861653468365
90.2392832977052,134.150019960651,1.00533193818472,154.187450723637,45.3238393792808,6.49653306736733,medium,18.7696496929545
107.921758500695,230.208993343214,0.906684607763056,164.115228270372,33.8316733585418,0.687161636013061,medium,20.5818250394124
114.932068780624,151.247401280834,0.885219940950995,154.316790946409,24.0157703258014,-3.33101713974528,medium,37.7539867308766
81.4762271145248,55.3073498368694,0.787798985866693,156.817395415175,39.2415701422938,3.00644448588825,medium,31.5400499783139
61.0184530117354,158.354760121455,1.01860490636912,151.716811550718,38.1419597265105,-4.26641628971684,hard,15.984339218851
77.5993774251261,56.2050281550848,0.985701897758164,161.217557442948,34.8982664313764,4.32146417368054,hard,33.3654323575876
117.677512446271,40.5217809156824,1.02929157447342,159.117550303518,45.1335763546237,6.93352769668699,soft,65
185.985067896279,248.700335993749,0.907895898377331,150.643323601397,46.1955472808489,-2.44083475658398,hard,45.6918263463749
62.8246000144425,146.402906654803,1.03377146412623,157.084434428329,37.1788342774607,7.70786415375643,hard,1.70921515461875
121.821673846614,44.3503369499825,0.785976447147378,164.447441767106,23.6042622227686,8.73718953422532,medium,46.6890841981028
92.8834519097259,220.018875631713,0.987784932231953,152.529136388413,46.7893877980218,1.08527128627674,medium,15.9256054658319
142.147447291891,30.5354384644852,0.915783514869391,157.738964477035,20.2657560011511,-3.87727704946328,soft,65
172.597116235472,96.8231116982732,0.843584186050691,151.133298854386,43.3244807282008,-0.472313769403635,hard,53.16259971343
143.318021311327,41.1320413702853,0.952725103258962,151.574830208621,28.887122200777,-1.29405515244396,soft,65
147.451193823692,101.791847047314,0.997473499389548,151.872059805369,45.9188529718578,3.35448485519478,soft,56.7228195958724
150.587931571041,87.6785678759666,0.894348644437712,159.037539136277,53.7933485260228,-3.5137955005176,hard,61.8188533954932
60.8109444394706,48.7780264733862,0.872619160831057,157.301120623364,53.404313686207,9.4773167992923,medium,17.6651658208827
174.641566617945,176.454064090758,0.784096117442408,161.870417175679,38.9378352963677,3.06638294860081,soft,39.595353503776
165.573605544164,238.304227583342,0.753990585616262,158.340349594863,54.814764845689,5.01814861914209,hard,25.3253364338057
142.327456087118,208.811959546411,0.788790271286732,157.588646256971,43.5937910176285,1.5632308833026,soft,31.2032601286081
160.410464061414,163.728408411989,0.848932455063498,162.432099415745,44.7818560958713,-3.45818377116751,medium,48.2983539832658
179.663444091999,174.937681566135,0.904271172018344,155.141041038167,40.8111859676695,5.95286914927457,medium,48.2637193815136
163.670994054892,244.010963454219,1.01696237185987,157.4840085825,28.9842829699342,-3.64554090277725,medium,41.7029477940095
134.989941180836,139.228561122194,0.956970813574784,162.305566681642,26.8680541334185,-3.0457192290256,hard,45.9524644709075
87.5539251397018,198.660983559382,0.894691537015677,155.998119353497,50.1211401831661,5.58650456813176,soft,13.3136737736562
158.098789146592,101.575605385707,0.794781108348909,158.769280447878,51.027100091654,-2.58302878449039,medium,55.8718369225336
60.1135816592085,88.4784076350405,0.902827695632986,158.673193089224,27.0559867527181,2.87549508817869,medium,16.0786565121377
189.966439587132,95.9525730353696,0.836752541800973,161.886504798527,53.5960472036432,0.353248462848987,medium,62.2986104970911
86.2447430663118,195.598384742049,0.83673579931781,156.560982488775,52.5726443598755,1.57466778328787,soft,13.8155787671167
172.456705025671,21.2032480676382,0.946506026055195,155.956828849187,45.4202127138618,-4.66772517794858,soft,65
138.343884526581,147.189371470544,0.78133837367028,162.915222047032,51.4263923902983,-2.29324486492208,soft,34.8062819780428
110.626774069855,249.971448949548,0.881976863999624,162.319193758375,42.8364963679547,6.03206542334505,medium,11.1070206814458
82.0847930252469,230.450913314223,0.91763142194362,163.996352937264,54.7904394108924,0.294453110874447,medium,12.1317741691501
203.087780166903,214.428640198697,0.954160798348069,158.158853394323,47.7740176735562,0.109679940162992,soft,58.6546899941198
151.278654281358,90.014430552797,1.03235972882476,152.480716241795,38.2652043244159,7.11999011573343,soft,58.7247058263419
75.8373085473283,81.2653671460904,1.01803000584118,161.148338349941,26.6337131806497,-3.68585964054922,hard,26.6301483948011
209.07991168051,231.139360912795,0.816768219040564,150.268651631838,36.3481314511719,-1.78103159690956,soft,49.321485655781
203.503067045809,38.5842570587827,0.8961131706289,155.10358357655,27.9568858383371,3.5173693298271,hard,65
193.700228666828,119.020077403457,0.865210912599071,153.047337610676,34.0697229473257,-3.27208179476221,soft,65
135.783040970056,125.465026793577,0.886132289292995,159.839534966846,27.4429720314624,5.9137514560014,medium,36.859396734007
80.8671058093821,202.84412914313,1.03667320951694,150.300727013962,34.3258452555844,-4.9455613978731,medium,18.9203944782561
92.1221475468787,149.982497517371,0.918333556941729,162.683955481951,24.6305616571502,0.713486181722235,soft,21.1480038027183
145.581585814667,74.778263608107,0.776028340895246,160.685252414285,31.1987772747594,9.17205715130313,soft,48.6912262101371
173.464529510021,88.4543972048093,0.959079314533056,161.108610944069,50.3852915916378,-4.94942899626592,medium,65
180.731709130561,190.779392912263,0.756713181132792,159.131720093547,45.140599321445,8.49440168604167,medium,33.2542696790305
180.840718966766,69.1998144719163,0.779841605408823,157.897715843341,28.5652425118963,2.33581143160096,hard,54.7600032452293
201.400703124313,212.644899336424,1.01146284635302,154.176409690672,53.6550980928786,5.64815702256481,hard,49.2410997179521
167.184336093462,102.824541955873,0.869032072620015,152.471431284467,37.5053418712262,8.31013393857853,soft,48.5565759493663
189.964726192328,165.117412939299,0.838218144530403,164.283429455625,20.6799657861336,3.06763518985502,hard,46.0528316940896
114.008632482992,151.137182290941,1.0327756446031,153.619408004347,38.2018651045955,-2.0704869403982,soft,38.2713727870462
106.044246766741,153.020465379339,0.828539040748047,155.747857985635,43.8916608005686,-4.80100008754625,hard,29.1666767066473
165.07158958485,221.245119611669,0.785289388413241,152.584798836244,38.3877838713456,3.75470195092096,hard,29.6196298238044
101.437385050534,215.762978369978,0.75388590494119,155.22285420558,29.6912914891861,4.996793318542,hard,15.6706364006938
79.7972973507372,215.197991443146,0.869099366603919,155.572377983489,50.2478624789353,7.55398403870735,hard,6.78954568270493
94.2640508748361,98.3254055262773,0.827154186642639,157.922118972711,20.8270580877889,-0.642420170067771,medium,28.8409740491792
125.874798693104,173.55582442892,0.80690070083882,161.942477536144,33.9092024162951,0.915415427171123,medium,26.7611397298213
104.260940147916,228.758898111087,0.788804444613498,158.238200452276,42.9927929168492,-0.625821519345069,medium,21.6224370425834
134.15346829575,202.722849130674,0.808332071458071,156.483672809674,41.4302292495878,9.74520121442532,hard,18.9977645689809
191.84650663354,110.965079139301,0.784489734326551,159.272446182186,20.4837092530043,2.51557985548716,medium,55.1785034654866
80.1945076840691,227.610995991812,1.00874802302708,153.908551455899,48.0758502149743,2.95236421516771,soft,12.8410164074541
123.089400924823,136.316407020958,0.933256118928682,164.897118387598,31.7797170273612,2.37395271246923,soft,39.3321483434784
190.892477672762,108.383127449518,0.797656315445443,164.315941386999,24.646819191491,7.14649785256347,soft,51.9543565131462
103.534475585984,66.1175820339234,0.853280381430099,154.264642780419,44.3290134986258,1.96231028497527,hard,43.162310694555
178.914280277363,151.55110623879,0.852859836305671,151.998035104597,24.3202183636957,-3.4898827165549,medium,55.9406808791868
192.269239149236,35.220277278809,0.985091854375043,161.638360303965,28.9102880985413,-0.430442037934769,hard,65
133.423847558803,189.877300730325,0.921878078455526,157.991595574084,52.2635176935211,-1.39185995837999,soft,36.8083543731369
136.62093337702,61.2033365998103,0.948183698881737,164.961544933732,26.7686464778568,-1.335819821455,medium,65
203.110719146434,196.430360090901,0.910966217869794,154.298242463512,53.8869157430936,6.65654560356556,soft,50.4803960184884
161.246415689853,247.319287457824,0.94217379755222,155.270228231842,29.4288664030005,2.70447982412025,soft,35.8825537997953
137.272567529372,204.724566362012,0.996412807641351,164.091186785025,54.9108914339688,3.5318268371753,soft,33.821213670422
190.909499277628,235.388426209465,0.937818119407485,160.588681008169,20.6353780590663,8.90839425576439,medium,35.9862784760054
89.4258451526153,200.428889607516,0.93104590752721,161.565281923096,25.3271991397005,3.83836372241807,medium,12.8937175669235
114.858573157709,182.927830113551,0.832191699598391,158.854318485933,32.7732484712154,0.504864375066255,medium,24.7598910522746
139.640656162744,222.870354851454,0.839201366208221,158.704174495804,22.4051999414854,-0.581305995574483,medium,30.56747393307
119.941232438554,56.7603808264035,0.976007697784284,157.478903184432,26.3556091749018,-3.01637099635881,hard,61.2894624632795
76.7535699377915,135.535290469343,0.751329176654667,154.525389989862,48.1705678746032,4.37100722922838,soft,10.5888837285607
174.080680885634,171.595969918018,1.02193565535831,164.76578565497,22.8828553271226,-4.4105004301695,medium,59.3059703318589
92.2594076668001,192.402612931875,0.895581760609301,160.687811949417,49.166903208726,-1.00809433659477,medium,20.1866739134076
185.629657125605,61.0657240326271,0.928799780919265,164.017106883565,20.6420206725174,9.28688406704901,soft,65
197.413742014164,91.6123040369913,0.813338542952436,163.428020819032,28.9877839054088,-0.435228061844459,hard,60.1503648167916
189.989812201595,25.1318805562271,0.97315775098431,161.035683748095,26.4814057288375,3.84766626663735,medium,65
176.908575439701,91.4980220436209,0.908644213141251,158.088272471378,20.4199774992439,4.60469766023909,medium,59.0510471519737
127.966618929372,108.434050779085,0.806267105572497,159.016108645616,53.7610687061375,8.7226635004083,hard,30.1879384634479
151.40556637705,96.2549678899336,0.938394961610355,158.981406594872,53.9773629238894,9.47158532228361,soft,49.8604092408947
70.6117537504625,128.73346382487,0.766053414996355,156.839315148931,37.5999835046079,-3.08896299799321,soft,18.0340765738389
173.260840488453,174.642415319874,0.812560035470375,163.857078244074,20.3322689959537,-0.246321701180399,soft,43.6262180074205
142.847058376764,77.6286415544616,0.857993229085323,158.54240410452,30.2339639343387,-4.97661204358248,medium,57.4012746541074
119.465398071965,188.798186680522,1.02543361399678,160.121504554346,31.1687594284237,-0.658940353030099,medium,29.6463203363925
100.91926051333,24.2886296291516,0.92031317680401,155.915098915041,24.8279612383114,-2.78339530113134,hard,65
195.11843170833,153.385963079756,0.776692891300351,150.127728176749,53.951612218489,8.5754233318217,medium,41.913834231192
80.8831644142946,214.887626188742,0.949469808687202,160.306103156034,25.9497836926903,5.11718421408386,soft,6.13733642664559
112.151262970097,34.29222055299,0.966655930447398,162.683037676786,29.3313449702547,0.73038239686472,soft,65
73.1222163606763,38.7468265030584,0.851303890653036,163.293639449711,32.7552045960727,8.0459336796726,hard,30.3993879653103
188.640682132658,33.0395379132978,0.907158146708339,155.26286928492,50.4797275648213,-1.19933007363379,hard,65
185.039342254515,123.424369243166,0.971475716183633,163.193424036874,48.0977589540367,-1.11543995594317,soft,65
143.472844056719,183.137509806098,0.833583575079782,158.81174982054,44.0213070667803,1.5080762018845,soft,33.037108547641
99.1096162235929,227.021995901049,0.773330078570496,158.779957629245,33.7349798151781,-2.73205481818122,medium,19.089160989892
187.00203861842,187.722930546385,0.777749017786194,162.960737605695,50.9100577100607,7.22502409938519,hard,39.0765615036524
186.847355804186,163.293497903755,0.977267693727783,164.517574774422,25.171288107707,-2.55868455074087,medium,54.920842380111
117.333292200122,48.921123122235,0.79198949438844,154.545130179142,39.5391385397344,0.376655489582154,hard,50.3187187313037
202.402755269306,20.9229288292699,1.03811541176308,152.479889780928,24.6966957152782,-2.29100605982369,hard,65
147.692500155225,169.012001365334,0.871446298803743,157.432239012325,42.4872383138558,-4.27256933541032,medium,45.9541474467791
90.1241086780713,154.547764678953,0.82055702380072,156.71825431134,48.9365568741591,7.89464309889336,soft,9.99608519672719
136.648088108685,60.5506210091766,0.933685034214269,162.603764287645,24.6719072772307,4.77572664278021,soft,60.6374291233045
144.168036714375,23.9560546822579,0.763002994991403,153.808569595345,49.4517860175015,-1.49423721344704,hard,60.250093913534
139.926519106521,109.137524029131,0.758542586740913,159.375026408825,43.5653353118979,8.83920846955299,medium,29.9059339684896
173.393327363079,109.696720999766,0.942980259550439,156.337655885529,26.247846351697,-0.387645614061697,soft,62.8679813824875
165.564317452126,219.548165930206,0.875478388736654,158.203404614167,51.5441817052323,-2.46351813617852,hard,41.3854057550153
134.271650033344,156.249429592485,0.93621732144607,156.171499560673,41.3484149498426,4.7391525178993,soft,37.1993289428612
83.2537423946093,221.177604853753,0.794896658402032,156.866044653822,22.3394652714781,3.79695514358138,medium,7.07583875437401
127.178919635133,20.7827149418581,0.823703354733342,158.904611629277,45.1145505170096,3.57726040796271,medium,65
158.343195312253,24.1145630291815,0.872509607481989,158.843869576818,31.9618792426466,8.19871045822905,hard,64.0438288775046
155.210128925858,23.46318149804,1.02011772354466,150.460178231819,54.9792504522725,-0.384564609284189,hard,65
183.457806763783,119.047750459976,0.844970896499379,153.269097956786,51.7624374246791,1.21839698888881,medium,53.7356531823632
103.021771194257,107.025459353844,1.00685912148405,152.466490533921,31.3291062175429,5.30379816673488,medium,27.8192957729891
118.311295382675,144.16755007019,0.961621987630686,151.338119723111,45.7044669764181,-0.523912568437473,medium,36.4955183090979
95.6556370461558,249.290404505684,0.829988573057771,157.03578143658,40.4028154561806,8.98681558435841,hard,6.52653649127722
92.6931557242718,176.44309194229,1.01747936582614,160.65737885255,36.5500276493289,-4.01093458685623,hard,26.3265806959155
84.1077475060131,226.029473958734,0.809248747057913,159.245670999219,34.8133424790347,3.28653605573693,soft,8.85573944137491
201.103549625572,246.901623221349,0.812460488187475,151.786489994065,25.6984948830839,5.52031753169425,hard,38.2521968150786
90.4563416253711,55.6273477707682,0.835758307975729,154.522157877486,32.32230617317,-2.05688038401064,medium,46.4623453114027
87.4568951861675,157.109550746646,0.916274749631674,155.089204882202,47.5840753460849,-0.563505702665806,hard,16.9559227644334
89.7091236701281,49.568658924284,0.943236440606762,160.58655658497,26.8521927149541,7.1294593852857,hard,40.1470770692462
75.4670320654022,137.497802139003,0.866827191016251,151.320083893779,54.8740007917834,8.32014073977004,hard,7.67935036789588
95.1866568944151,87.4875232785858,0.902215674644455,159.625230861414,48.7571685766901,9.55817136129354,medium,23.3502006569452
206.840319965807,119.941083804909,1.00981444271159,163.205888542794,34.2298110949541,-4.7116736124759,soft,65
177.177792759768,78.1386472599692,0.972419047762333,153.776319310923,47.8084486062518,6.00125886970281,soft,65
195.6519660772,186.405345517904,0.828618680469531,162.179595880611,33.4661346427331,-0.77278037274116,soft,53.2757598401288
110.515404511194,174.682198933167,0.785823774352579,164.714123713627,31.8090480816986,-0.463975812140528,medium,18.0640763330806
77.594747631701,234.041465618682,1.03842838177349,152.395590580669,28.1153512952391,-1.82101060136928,medium,16.2015042927493
97.840959104174,152.310163485013,1.01909829134996,162.264037160356,36.4655145508165,-0.87717433210856,medium,30.5168294204596
180.984112221383,91.2448282261576,0.872058048614384,152.887518590895,29.3906926627726,1.95811474324465,soft,63.0861191748769
180.097743417244,85.0015833746283,0.804711824703033,155.199090502604,43.7506484538856,4.96049075995643,hard,51.5976340096149
136.985054014093,230.580179162332,0.786444762794432,151.763733800146,40.2332710620144,-1.93532358259071,medium,27.5530083664457
191.587241292626,22.8630749733689,0.97681019345216,152.048646517638,25.752308953115,-4.56029736248907,medium,65
153.677023987511,207.294275294799,0.760467554181069,161.84222426802,45.4854371608622,-2.30925888952964,medium,35.9184978691867
140.280578664118,204.703159912731,0.800780084729791,160.161729717455,25.6892061202942,-0.701100040302133,medium,33.2761609049608
109.599239433417,178.460726757834,1.02358313781756,152.282838603214,35.8534656312045,7.68288043400168,hard,16.8072284531055
173.998739103398,190.193854626916,0.844629153465138,162.702832330927,24.6562184553896,-4.66244426119382,hard,44.900654775443
133.701690684826,246.851896760684,0.932035541263009,158.845445848242,41.1949747172833,-0.133729434086398,medium,27.8948488297184
180.192245537181,29.5513045055329,0.781278381005934,161.980586661047,33.6394912372472,-2.76834964446722,medium,65
198.776475969037,190.448288978094,0.932758286242289,153.108600008879,51.9327983916136,-1.34955094804301,soft,55.6044078169951
149.12753169639,29.6843378864599,0.880277466360515,156.271827881945,25.1877456424985,-3.0519721084608,hard,65
70.1358170825782,135.191702211443,1.00145727828992,161.566268423861,34.5989028558341,-3.04933563530503,medium,16.3305473069185
91.9078649611817,145.244276633727,0.873412504729764,152.184537146707,37.9803430170675,4.89397945888734,hard,17.1309891712637
74.0527727588782,116.132195436835,0.772522702615514,163.295509340645,22.3285888516108,6.31527841088697,medium,9.95412529693318
193.602597931578,222.054528017911,0.958274485981829,164.823985903752,46.0854404206873,3.12384576207126,hard,41.8097202548375
150.753259688896,225.982799353521,0.852937451725458,152.008038385177,42.0517577514773,5.75923962547418,soft,30.8630315397159
108.845588887,52.1564160632778,0.77468365081157,152.873184993386,45.0338259583581,3.58438530161751,medium,43.9751128859346
61.8356222412992,165.684409995037,1.02638432182778,156.689028447518,35.2866776290976,0.722152492906417,medium,9.61741148717454
185.000617769351,47.82745157306,0.902907762618519,159.51119618951,49.6106928151981,2.7092658024874,hard,65
194.045764218066,89.261530922644,0.891984535879029,157.268678766947,42.6429939486297,9.65728544232931,hard,50.7692568442831
175.04127350693,72.6240102171632,1.01129609107452,158.410783204094,35.020708610688,3.25621239386205,hard,65
153.196412847445,151.269182928868,0.849331230684196,157.53942581974,28.4611259469733,5.96026699112335,medium,37.7429301487689
131.673225412602,60.8088620450932,0.9218887402681,150.994504125932,37.5691229955221,0.787333527520321,hard,58.5096027000835
201.950345210102,210.050927708707,0.870603292058019,159.776013725051,29.1267428065107,-3.97959586142963,hard,49.1610679453952
135.484839060921,183.115671065657,0.906492831180817,152.852355056216,20.8444936003313,6.93613101673711,hard,27.3604698871882
90.7149288063365,234.152899869833,0.9635206328277,162.052172426686,22.9603116740562,1.38789847045814,medium,15.1714007413939
90.1722962364598,134.019731396673,0.763899646681101,152.253075996895,23.8838219809041,3.49438049478906,medium,16.2148585290161
65.4269339152547,42.0362767659386,0.905949743999617,159.003497155537,54.969945895146,-1.74692816875305,hard,36.8781017871859
102.895426368022,122.865319510455,0.882430191948594,156.163912752817,22.0877101318453,4.05465711190299,soft,31.1353929454489
102.773256906653,204.00566360222,0.864163526054858,155.416296350604,27.0046659344121,7.87837182588294,soft,11.0896785315386
126.588722126676,210.49298025986,1.0120130747016,158.984678010818,39.8483006176194,5.50454303289958,soft,25.7318669763916
178.58975674557,183.823351368561,0.799049352606481,158.770519337048,42.9068879264599,0.884794765609308,hard,42.990211416815
172.558572072634,73.7789801340917,0.922497726083905,164.351959782413,41.2661281730646,1.72667806341795,medium,65
182.33049502986,176.388688412297,1.01100747304624,158.625175171159,48.7663371665302,2.65375250450479,medium,52.2542711422293
160.607946177677,135.486689064014,1.01374201779755,158.084927873354,23.1664852796908,-2.90884250486824,hard,56.6387486106486
203.137740078186,217.077603257939,0.789554548749659,152.466442541076,42.1809821809906,4.73147481536138,hard,38.567537876841
172.86791900591,185.913847702288,1.02938026324664,164.750868637107,47.0291053617155,8.22501728325078,soft,47.6310353066619
124.59647517619,159.793431982577,0.936059030635832,155.404344336501,22.7302401767825,-2.30086139808443,hard,32.3387106150984
98.0367880967205,99.0219166661796,0.760334260910709,150.456109032895,34.8600198090619,5.57564669874026,soft,22.0822646672397
154.649518657005,42.8672890874039,0.887642976058706,152.767301420592,25.2879267063466,-1.81648838661134,hard,65
73.3870190846247,215.650005915572,0.971855957273121,155.285266111623,26.586518273328,0.409002805080813,soft,11.8642704683968
184.865613964758,135.193980817252,0.753944103182611,153.88369505644,49.0569846070726,3.70007463969877,medium,41.8411560660164
101.954187898071,212.084113810863,0.89071799888128,155.99502028315,32.2242447798562,8.5315107627634,soft,12.4881383328449
114.72365192111,173.610483847139,1.01953320718102,154.006267333067,32.7423393547324,-1.40316545238854,hard,30.1629771000217
74.4816769107753,197.961880649977,0.914675015328631,157.683774586857,41.1527548767032,4.22248053349706,hard,4.69726386380354
200.722804489464,77.757189101641,0.949722992674963,163.395863942993,53.4764538277007,-2.54788607367638,soft,65
199.747995172328,86.484580335559,0.960163494919004,160.335860484973,49.2891439808973,3.44395214282947,hard,64.8611943111086
159.560897364386,161.419794073708,0.930461292593024,150.374658107441,23.0218484183911,5.09102358945412,soft,46.0281461811992
175.557846693395,219.468824710664,0.77175838370655,154.831339621796,41.6877903717907,8.028834451873,medium,27.9645536845773
76.0997016790969,33.9132027035562,0.810999536713925,150.242460675751,54.6243126549345,3.23064680200534,medium,41.9850381802637
86.1686796537627,98.6240111910916,0.787591251413314,164.821514435056,39.1571543378296,-4.84097949973226,medium,31.9321435016199
63.8792508509622,130.50933055443,0.899384309126657,156.952329096784,53.9522455147977,-2.78620687727566,hard,15.1172400532226
81.7069610124498,134.550593221521,0.901085156875049,161.083959563016,41.014935119562,8.87477683942451,soft,12.4415379819844
135.30469616396,224.544453886505,0.813631197115003,153.787505867835,49.318274165668,6.5612288474697,medium,16.4103466619918
153.701659306847,134.580369978101,1.04429508213074,154.266594294261,36.3737387807265,4.64868595045456,soft,55.534304159158
151.306697310849,98.1647424404726,0.781272192595687,163.458211439199,26.8249610418018,5.08329444119828,hard,37.6453152487462
60.406257880218,168.838393913892,0.875283824646796,158.082221919243,27.8677541839215,-4.61495491528916,hard,9.83940004741788
116.023437168861,92.6230975187015,0.857257563491752,160.167031964743,47.5507667932921,7.43076868344696,hard,32.4063650886991
66.1214423128255,124.100055233948,0.863642980658815,155.331660543388,37.9155927891731,5.30497882538735,medium,9.36903292919945
164.114364545761,221.288288921344,0.761101983601066,158.780549933805,25.4648446258462,8.18780416484588,medium,26.1577638659622
152.578004212564,176.47223731713,1.00148373924229,159.197209678967,37.3866978379879,3.82460926168228,soft,44.4636610661883
67.5244247009894,170.328262741307,0.775523002255831,152.007162650683,53.5233299150904,-3.16303538234296,soft,11.5936844719492
100.463920623457,32.0836478332654,1.04305295802291,150.259324372369,28.0628760770582,2.08225970531411,medium,65
65.6588823397076,73.9118474158701,0.761942783953506,151.501817202697,27.8801404459571,9.70076201065734,medium,8.57613551006925
111.674844047683,111.830116395417,0.913291284350257,156.629520981068,46.3396329980042,2.19049088358014,soft,37.003303694009
161.137816880954,76.3670353254391,0.960050722076714,154.16627584071,23.3797173993706,8.80900937655692,hard,53.322087162996
92.5010240526918,143.09488638625,0.926681648098489,157.292609095965,23.5480466065943,-3.79490877710203,soft,27.2807022537057
192.59920826145,131.561829454564,1.00236189157896,151.0006750558,35.6255896721946,-2.88382688802632,medium,65
67.9550146110705,43.9792921192925,0.895349066943592,151.224062309285,27.3638878052575,-3.17830885725699,soft,41.3614994860941
118.584085854117,175.250761718022,0.886673633536861,155.930225392629,42.195560645004,-0.202576046910811,hard,25.2934893373234
189.637794460926,50.3394453188197,0.955833984450511,152.672806337951,54.9339441710922,6.81634425711382,soft,65
122.963602718179,181.584452250949,1.02774385194593,151.222441378007,47.2882944374123,2.9166419627544,hard,30.3850388150377
68.2162537663875,42.9235014107635,0.865271435808968,155.521426212367,37.8585278997991,0.967534634002409,medium,33.8843049655317
61.336073191937,186.012275120261,0.9962918071785,152.829413226992,32.5500520636729,6.79413726908032,medium,0.463164476655005
208.117607679229,97.6485477982719,0.76407546625349,152.781911693201,46.1445219201714,1.8748614418072,soft,59.5151208085645
91.8642020101465,114.378809909341,0.930010697733638,151.480269579124,37.6722887058667,0.610293150309015,soft,31.4742384105636
135.994023283188,229.155448117707,0.820372687390019,160.03282809719,52.2173751607488,3.33319578931294,hard,26.8454097433102
124.636900005895,227.810642011636,0.935087907222205,152.452284001398,43.4022636081756,-3.94080544461179,soft,31.5776606449817
75.7699567573861,206.121822657654,0.799434411717321,155.588521627391,52.446506802554,4.26705537856099,hard,4.41967983647934
137.152604772778,195.763649962356,0.785170644899637,156.562884631537,30.8814916686012,3.10469772523226,hard,28.1733731997421
146.039389707464,140.371634255984,0.928460855793144,156.72966646931,48.8773810151471,-2.57900086604542,hard,52.3307753697367
64.1144368458853,205.207202432109,0.849022254308649,159.792306032854,51.2681883961669,6.13874291398565,soft,3.18977665370624
111.463316205121,161.812915894594,0.844962080589696,160.025202539133,43.1703824526542,4.97902547620481,hard,19.4000490668548
164.758283810868,74.6402345628075,0.912634300486013,154.479596270539,37.199461621758,1.38963253080832,soft,65
172.969149579897,188.882183235338,0.782515448238492,150.101053564386,44.1927950095078,2.24222593551517,hard,35.1171070497277
135.744393520615,61.426555055536,0.779032246201882,152.060165572896,43.1917518307739,-1.72500358571282,hard,52.7013759528554
92.6130100717368,89.7244393143917,0.751460866240425,161.95527313471,21.4736318186804,2.1787600968015,hard,26.2183387340664
69.6901638145712,27.0532365581174,0.829044679653309,159.167502032729,31.3446734413661,6.49869476037089,hard,32.6427835910151
65.9249286611992,209.999340149137,0.752282203126728,159.985783515558,22.7991502333708,5.03789918802394,soft,3.2881171117145
172.632693917383,233.807410935931,0.787254384242948,153.268288953641,53.9227826591947,9.56744362815586,hard,23.4820066838695
178.035401436199,21.7333619852857,0.83616515073588,157.305435711986,20.3828349231606,-3.90146616478778,hard,65
142.188726238148,231.575579448683,0.995922434146895,155.261406258747,28.8286512398479,0.682191629699434,hard,32.9246946532515
182.546633261126,202.013036212275,0.925347233202031,159.664719629215,28.0851171767463,2.3601750579828,medium,43.7387713972024
143.679431949662,110.826031857334,0.925258813582827,158.136915470401,41.9902161046393,8.25353129036592,soft,48.4787400665488
184.798086336007,169.646849242438,0.804623216448153,161.822975215148,30.1296028505763,0.136529568413395,medium,45.7572353039489
171.934965543753,193.7450757677,0.90523788406471,153.764187273485,27.0724768917418,2.66148159833628,hard,38.9263126397684
88.8124243079555,88.3114033459025,0.91807528118356,152.154186769806,46.936845486671,-3.67007295577473,medium,35.9541923103177
88.772485712415,224.864898968741,0.971967245680864,150.249835856088,50.8740779165362,5.37664304383532,soft,8.95074533041842
94.4046785020446,64.1163548820344,0.818062595447591,151.558521462613,40.1962746052983,9.34458554670811,soft,34.5072730181993
140.649607591858,116.468376688829,0.974722857547115,157.069427653296,35.5932323791096,-0.214057967837144,medium,49.3099738136402
203.564157258836,217.930954122821,0.917556450042743,157.728271258327,26.9229833290713,-4.54257259889628,soft,60.1689094165989
142.973865629255,72.4275731779898,0.772302748065158,159.727878666776,46.5351699312522,-0.254520682038129,medium,53.641130053285
153.708962975195,190.201271070449,0.894668941336482,159.846370328405,27.2799353818097,2.92935447257983,soft,39.4651612542468
176.062406527373,137.528571018457,0.828295284549798,150.889793955888,26.3888399223093,2.37594330481008,medium,46.211483991897
127.016249327351,100.428156197488,1.0162442034178,157.056320776197,45.0074208866516,3.93345107689665,medium,47.5712167014598
185.248958836631,104.428375042024,0.922009913638365,152.32529997231,50.8563859223273,1.60784886858439,medium,62.6231762033895
118.598417524025,49.9394702142489,0.810357035884492,156.487506435837,35.2445114147261,3.42262847913955,hard,45.2605470256421
166.92585679211,107.902145050592,0.777414897519265,152.359046027851,37.1337204978007,1.83771086376635,soft,50.0581184441414
110.585984404604,66.8979807448682,0.912536484798035,161.547290294365,41.1226739609845,3.23970203717658,soft,51.160949249577
192.422420145459,240.487407618085,0.94658377675106,151.714855285468,23.3331236333192,9.54657950154546,soft,41.6810028723823
155.212593378617,80.2081107611413,0.887759623262225,164.301658447135,26.6637721791127,-2.73230665177532,soft,65
180.821887771725,191.524693040875,1.04665681149306,155.049664331068,32.7311177865961,0.733951658176681,medium,56.0839209036383
149.232091734425,179.596728336839,0.774488130205804,156.14586904233,50.1703724921309,9.62994048107906,soft,24.4835954309589
205.756261621103,232.092866592787,0.892471570795057,154.009585946476,37.9520018830997,-0.936333504563907,medium,51.1312541610431
117.797392644252,182.898988211937,0.999397242583402,158.165227442281,20.4548570531685,-1.68504699801315,medium,35.7630114488403
84.6920340013333,118.061869811209,1.02463015310566,156.161649149089,42.3002977963157,-4.37380207634085,hard,29.2660706598669
149.292232290197,177.224412005134,1.02114398238969,154.598593906185,23.4940671672078,8.4498305181255,medium,37.6167908005346
173.586972701469,51.5592352540231,0.880843790058056,155.246937606934,43.9114570533446,8.09741433583109,hard,58.7799379130293
103.683285054731,108.033123734028,0.864373128083242,151.954033038442,52.3782839930978,9.91018633611092,medium,21.6701829701168
118.518737861933,78.7099582799312,0.850917120684416,157.264064180995,25.5777148537828,2.71257334120955,medium,48.5907787654045
107.546958554901,171.677160393653,0.96758190938752,150.813979584972,42.7372207868047,4.98523521882295,hard,20.1999665589647
72.9718714331838,244.245962838749,0.828069556432914,156.552119352841,42.3647198743757,-2.55323373754183,medium,13.1550012992053
146.281684290946,173.675703030608,0.853217800750043,163.917961712768,51.2273555031219,9.92320792531268,hard,27.669279093097
201.588687054012,89.4838403033806,0.788092899321654,151.183343655962,33.279907686966,0.18788691064849,medium,56.0897710920679
142.740171957624,201.983034451695,0.806161649682907,152.249151679268,44.1542393374365,-0.26012402105999,soft,32.9166029793654
191.615923639825,172.267577418953,0.8627055478036,156.349375398031,44.888627742578,0.314851510857254,soft,53.3341582748669
75.1816126781263,197.64856345533,0.80878931677297,162.433661299499,47.1722660179919,-0.846940595524258,hard,8.58958378992566
159.794819750077,144.036911177966,0.768659426356934,159.681560362221,50.5677269308927,0.757668946772705,medium,40.4664553185926
129.730960821361,52.6465652487144,0.783308412446181,158.029816803979,33.5380349883066,5.50589429060021,medium,45.2203624649009
187.143387025458,46.4469469146934,0.86397299607903,159.133815951344,31.2609991610624,8.20813465068018,medium,59.5937314682015
147.538470764255,68.8094026235405,0.859492226677096,156.278305848007,20.8495206105673,-2.76098594846329,hard,61.2753776632404
158.052992821937,153.370907239136,0.873603277798504,150.575879776948,22.047901422328,2.63068319732597,medium,41.5391621507504
179.119599828776,24.8902963783923,0.976868642251483,164.373443091514,37.1021168315842,0.545913154928726,medium,65
63.1069034928694,60.3860997298327,0.870821138948056,158.199079263066,51.7663034920326,8.31293531001086,hard,13.3712544948453
156.116929878165,54.7704571880702,0.848861194584727,151.806535958414,43.6869000053678,-1.87007136353333,soft,65
178.591941541466,110.771753300004,0.866529604355426,161.437905614302,24.5849201853502,4.25550671282801,medium,51.4397930595416
208.194903534211,29.4558780548908,0.882648821614759,151.500852977865,39.4370399132846,-3.45821628387224,hard,65
136.742975144402,95.6567454620533,0.941246728403225,153.267868665015,42.7936229451122,7.39910566380659,medium,48.2418964109971
140.533448419404,234.555643321038,1.04262664944702,154.614227930382,29.5535196464069,4.40077216698521,medium,29.7857073589475
183.95294090088,20.385394262596,0.899873335982021,161.286756005971,22.572941027562,8.97697877370868,medium,65
153.961158482623,206.987450009867,0.83139489117401,154.796428043377,49.7212803024126,4.67845535561087,soft,35.5394725515528
205.988434250117,34.4873089370285,0.906259648653548,162.549216617805,32.5161636983459,7.2162408246447,medium,65
118.81916225206,208.666920792752,0.834043195201706,159.202597506361,22.4763401879252,-1.03580056201719,soft,24.1924457043726
61.7663587191826,121.181852957795,0.996094687985012,150.14227054515,31.9553605408322,0.889388151050106,soft,12.3774339372051
91.0176796899114,130.366868218721,0.900218636303785,158.207630181604,46.2257633283024,-4.85433856700363,soft,30.1229033641932
133.61290622231,134.889773667137,0.792639994816522,158.760275522606,39.858730712673,2.7863348924782,soft,35.5071299367977
155.643232345062,85.0925278446274,0.939045847134604,155.136290518459,51.3145607840758,0.166678886379007,soft,64.7464367940329
123.193041912815,156.271196495813,0.989656291012615,162.576063868263,47.4330449028844,8.14961579006836,hard,27.2612321207661
95.9689707011476,77.2170294650392,0.834904145366354,151.195199209122,38.3859173406187,5.29626096494464,hard,31.7141004944616
77.4232632489256,57.5095381047556,0.778168999215191,154.12845817624,53.5934591906146,9.14100736085852,hard,23.0226066810965
134.14004208468,186.611116238889,1.02445907523122,163.763328844158,49.854996175669,9.71848407065127,medium,27.6765153266625
86.7014074702132,130.077792838935,1.03181447078114,162.304184744941,42.5533147989575,4.25575546199629,hard,21.1378306728339
176.039197821695,32.7569441218549,0.810720818252353,156.600848405844,28.0097476885348,9.63890473223522,hard,59.3313293382315
200.321393084546,178.950453474598,0.906118663183782,157.868239484592,21.5945667337334,9.80623907148322,soft,47.0977507531087
123.254853005594,59.2443952110123,1.02032275886769,154.459434628057,26.3479610814392,9.05467439646399,medium,56.182273670179
157.219216063044,102.868748118389,0.981485657112672,153.083036401157,23.4069453636435,8.67763524726387,soft,56.7287681604099
167.025789745256,244.226253633029,0.783765922433509,156.629892950807,41.7831929890608,8.32897304203753,medium,22.8837579970869
204.588983898812,145.623211940787,0.973396194997124,162.108349596679,52.7444553864503,-0.4709589575696,hard,64.7565690607973
172.068968891413,49.8872677498358,0.757453674342692,150.152969362178,48.4752083237901,7.75806554752651,soft,57.2200211493859
189.518197641674,156.687910921763,0.920896747946752,164.692658769585,44.3786391688732,-3.72932269469268,medium,64.2925076054928
73.4562230274594,135.933464744735,0.878075371832196,158.652675792798,47.3605420845651,0.103254735812811,medium,13.8716461532615
86.0341320685723,162.393618354335,1.01864216293903,159.873291553797,37.1761186108924,2.64248939140338,medium,15.5215809724811
167.12233179671,237.123958060192,0.852616338459804,163.42530039292,31.8088107994314,8.6324576239447,soft,26.155245994782
70.9475734924777,189.960226666211,0.832979414529022,162.06464880085,46.5018683905594,0.467466376433193,hard,10.5156004713629
64.6820174183964,141.891297716677,0.935732933637117,152.97277107342,30.8865173288054,8.64077552286781,hard,2.14730049559658
96.3664289764121,181.326411885233,0.832459553739365,157.88370331624,34.4162909621367,5.64804972556176,soft,17.2354638168673
195.824245504992,165.929351955849,0.801107887963429,162.343996922854,50.4183378177378,2.35177577422878,soft,48.5372727234458
137.886521630558,216.928575738102,0.884171064840007,164.404995069985,29.5934103794614,8.81724573142133,medium,24.4180010853672
180.480043866335,136.759644188802,0.884929688465006,151.820048590621,32.6572158508016,2.26863598578591,soft,54.0632544092334
125.69113140524,211.530299774276,0.783873219261545,154.137126811295,41.863541122815,-0.0800619031453902,medium,22.7528518726983
92.3475158625724,130.223361027382,0.911996221470298,150.571686824842,34.7094592691307,8.79249638098784,medium,18.6472538596709
164.049239715874,204.953689500711,0.857309222062358,154.626647831473,49.9713994194525,8.13330922333282,soft,34.6346687358594
72.2540894798246,74.8540046618778,0.947385272807908,160.028868970919,46.6654622696506,6.12052973524702,hard,19.988555251632
114.859777758635,155.409499457034,1.01364308580818,160.510417632153,26.1609971170132,5.63405875165109,hard,25.2457262969699
115.482933620731,95.2244920022542,0.990208076330219,151.573976054701,46.0530533706401,2.2152479219317,hard,42.6010749713307
190.695592684187,190.681596787486,0.771566191315543,152.486232815421,36.3562749412155,8.72915894950682,hard,35.3230001967922
116.871808384597,211.572168429824,0.851325856646735,150.073165860709,38.1421887212959,2.87764980120866,hard,18.4827262095674
168.14115946804,45.9094881561408,0.905969339413033,161.01775222238,48.0164244479412,-2.88409101171869,hard,65
173.569833598622,238.829586668194,0.83070498764594,150.305652108007,28.1712509893062,-4.78289380148877,soft,43.7889346291658
167.53636219828,182.3410418227,1.03475870981527,163.616491173596,37.6239083228747,-4.314039941768,soft,55.0171018713172
97.3518428755096,49.9365847234148,1.03189533821925,150.692974532736,54.5280662135792,-1.2991773000553,hard,55.5729721667322
157.642155273291,86.8836990184264,0.844584951855837,155.948532946427,25.704958914461,-3.25794239864493,medium,60.9207217107536
184.895897952122,240.673274951067,0.835486390142989,158.020060733046,46.01277848887,7.9758129666415,hard,33.0299735672175
158.978923683328,81.5910312866489,0.913765819599421,154.040728789531,44.8931726989655,-4.4909258635462,hard,61.879119776906
110.662948735379,215.107053305307,0.762591633722268,158.065676954636,28.5205969971666,7.01670250320214,medium,12.2118908030812
166.694621073296,206.039646481669,0.976186960955667,161.966757871929,44.6690955303916,-4.52653391484001,hard,49.5449125622487
163.216730455902,74.9891167650754,0.871667611913609,162.446382604372,41.4075102780661,-0.0817872558014861,soft,63.4981479529545
109.29140859512,205.603562774036,0.806972949847085,164.219088515635,28.6445503961417,5.19475333497236,medium,15.2121642031013
175.437666267296,219.429174883827,0.828885786576114,156.430548061348,36.3337072360131,-3.87152340422884,hard,41.2472165108626
187.706327488203,98.6986806491079,1.01685364750567,152.538971301728,27.0584791646279,5.65941605850304,soft,65
105.138712377744,248.052875845663,0.821192519267923,153.780672581599,36.7953521596404,-4.08773935065415,medium,21.134658870644
173.781539463982,57.9781530029424,0.959405375654339,164.98774008771,42.631578474289,9.34431386131558,soft,64.1010502676162
128.683964300315,149.344159869721,0.830805943764446,157.345153920292,49.0253391765973,-0.544219077814681,soft,35.4972242433501
188.838872769382,109.578778702147,0.89177363226179,163.830581897712,25.2089261238071,-0.119832249744935,hard,60.9624217985739
206.300860610261,224.192881181052,0.922288345587531,152.314309653168,41.903884279916,6.71942166388729,hard,40.6699951315477
199.652183959247,59.6521329487494,0.862623372823794,164.621782396144,50.8030704814045,5.81676282621635,medium,60.1984140927205
111.325153777857,248.152237593961,0.797844266128443,160.19537395215,32.4293833496075,1.56291358803707,soft,17.1726283451155
108.937365194101,23.9249675012402,1.02496686232132,162.856308869198,38.2773472095325,2.79038957655423,hard,65
63.9767640000068,174.882951368133,0.977211633791724,158.429833428481,37.0732193546214,4.83251990635022,medium,3.35736220828937
111.759851835444,165.457277949952,1.017982460105,150.883470865099,32.4427433665907,-3.23136932131892,soft,37.868849333997
65.2825030816239,248.643978041574,0.879557668063603,161.173001846747,36.9867758028403,2.02825574634933,soft,6.52678032217116
173.007207709415,62.3857410563756,1.01322935665804,151.12628813484,24.209529269393,2.45477867564527,hard,65
81.1487761430584,70.9309577886608,1.04139015368168,151.730687824724,45.7709300116339,9.76910123562273,medium,30.136238478825
113.536749202815,138.603902199919,0.967205846416136,156.706331024226,20.1969716810484,-4.68779665785731,soft,41.0791142234143
175.033540342015,102.270033222342,0.874292258909777,158.585469474586,47.7499134416842,-3.05376086964184,hard,61.1328837024875
205.291487591997,234.779774609668,0.922854430607089,150.520158380535,43.9901361550193,8.55197641938301,soft,43.390019540509
202.227706633348,233.064714937985,0.995244072025555,151.265365089719,28.7302309035659,3.97041086243418,soft,52.7395256883705
115.764005433744,85.5303923455603,1.03127335248039,159.765973612364,33.3642740558959,5.73162951846074,hard,46.2948967107823
201.693693990126,54.2881396218751,0.924707614967497,151.440830242578,46.278363565913,-1.20056594122048,soft,65
61.4409046757131,128.855544269955,0.751215756863608,161.990371855641,45.2965731366623,8.33897636823309,medium,0
169.982846097015,72.4903474541321,1.01199855159791,164.354156587403,28.5574642402517,1.34312131825575,hard,65
151.020612955794,224.962288475158,0.830797046759739,150.115434553024,40.3688193974056,1.3088526880628,medium,30.1361553952268
69.6497289479211,123.367422056791,0.794227185778549,159.114622862416,45.2940903180873,0.870677974241156,medium,14.0508040777727
77.4455802981115,160.826385552216,1.02010243955144,161.115037301627,30.8266761367516,-2.49999667224759,medium,20.3226675678634
60.8687360811672,247.26752574251,0.862241953105937,154.324713004343,38.5814216170232,-0.152780644914595,hard,5.18063724851979
112.74099554714,218.931460206807,0.783895499632772,157.847702593148,52.2526922624329,0.630930418457521,hard,18.8836756695572
83.7949942425812,159.934436790912,0.753475654124516,151.382069712346,51.0019429360497,7.20033995158915,soft,6.13663173994152
191.25138665054,58.4973431966455,0.976776608057425,152.722423830619,45.4200067876539,-4.655421044644,hard,65
112.788608649754,245.000341311296,0.897077040624878,161.754816508282,41.9182384560476,4.2695276586752,soft,15.5221036036835
92.0456139473267,223.690399657458,0.877541434385277,162.455862392325,44.2289554478643,3.77441030640084,medium,14.7046969061549
89.3583380755699,34.1887972843103,0.99340487406683,153.238271440264,43.0370579587853,7.97565075012534,medium,54.2811555984385
94.4006250913581,243.919051302222,1.02076882885232,162.759147009855,31.9561727922107,-2.14952496569666,hard,18.6852217020718
113.417649299731,239.72574971086,1.01300122968961,164.762226213597,31.0651539208862,3.67442431204784,medium,17.65190224402
165.774424061185,51.2889987112408,0.838715941988297,154.794648576145,26.8778073046814,5.59717393376902,hard,56.889443257172
144.444667694218,230.198145145304,0.855610339845939,152.72632690902,23.5644803049482,8.83821806966725,soft,22.4077217854336
142.153974813593,64.4742511408742,0.761076845554683,157.413522007135,37.0438065060465,-3.6116276799457,medium,54.8165713100523
100.431461036191,90.5463269228672,1.00620511746697,157.006184471434,27.4002360298482,-3.95717589170426,hard,46.6737787117014
199.037445121598,200.54136023636,0.806972303782286,156.68123012643,48.8235530850518,8.43104564837147,hard,32.9604533878983
170.047425804082,212.264560243315,1.0190702943529,154.23655028511,43.5983742092308,9.6244126585929,soft,41.9536046344493
132.76554913641,215.288137074763,0.77090822643723,158.763722603388,22.3938644582067,-4.75103272299893,hard,30.7696310452678
149.100622076987,58.6351761486987,0.825419625682102,164.841785592385,54.1956728846134,3.58870995694135,hard,51.1845638240348
93.0835821150528,52.1254906422912,0.806320466656649,157.667497406479,42.74737497724,5.66261321566646,hard,36.0745233723427
126.91507249869,53.0182652648679,0.845600448326795,152.166591181635,28.6247094195783,-1.14442812943056,soft,63.1768251767025
144.980809989293,191.723317470069,1.00653821629371,160.803508916269,41.7611751999258,8.98628565856103,soft,31.353453264174
70.037373779755,134.125537711216,0.891552565624529,160.584049742596,46.9497624996828,6.80085079889717,hard,6.8568352316145
78.3985551964333,55.8839087185946,0.861861478613799,163.857099180182,52.4994624734748,1.26491180915932,soft,33.1094688295751
91.8333891129198,52.6362491514998,0.877096084831029,159.711775982838,33.8475600081495,3.98929287723865,hard,35.7297889094795
151.064756428846,126.681090630353,0.816151335349377,162.109990658384,32.1465876220711,1.91887743251807,soft,47.3509258159936
159.054702726172,29.9588021469058,0.785826968476059,156.006296215879,23.497793540938,8.06971826579179,soft,61.355733681099
182.395146802982,95.0717254912505,0.754293560002525,155.074882288429,45.0879439183174,-3.04421500812153,medium,55.1992228822964
193.59072138733,181.833472430471,0.774773576189048,154.748821651247,22.4542937272313,6.02260879576934,soft,39.8365935606488
77.0810155630293,211.308405178774,1.00473535444413,159.993100005519,29.1669162512525,-3.09968944861695,soft,20.0181910744193
83.3052235682242,249.026378127895,0.782570996737559,160.687981144908,20.5937828952527,0.931087872754884,hard,7.43461511265504
177.783936164636,231.330019661948,0.894104997103892,153.89669999477,32.9378093790074,4.41829082193936,hard,36.1431744386727
66.2165656015639,228.20746305014,1.02043409057542,160.726622534615,38.9792414772606,7.36369522866369,hard,0.993471744385055
129.509880775572,238.183818422749,0.910391586789646,162.195163534459,24.2056345217215,3.02278379551525,soft,21.7793397597176
98.2051892817373,38.3039438723485,0.985660966341256,152.280175665818,28.2831997174341,-4.36700985816365,hard,63.6949879698739
152.613564555844,96.0198351290782,0.835031939059714,164.524902862685,47.9326469546288,9.57996143600188,hard,42.0684191370832
95.8797159831856,72.3465170888354,0.765704450172188,150.8896641731,26.4577737108215,6.54278871032995,hard,27.1410257892715
112.295239586525,143.96351343128,0.843989697404701,158.806852779408,20.9943743776567,7.44517480444283,soft,21.139299621863
111.980305194031,235.485388989578,0.824271921647775,156.788564634975,33.0258281363041,-1.86555552627882,medium,18.0986478922096
196.010490725163,175.056596141075,1.03963739675769,156.103077633476,35.7129159603339,1.78887895954563,hard,55.9311855947141
174.824010727558,104.915112729956,0.929987125082812,163.484809360978,24.904901182226,6.14314199938421,soft,62.2381252435559
195.281999204618,23.5097238851938,0.809689841763342,151.09064488101,42.3647259980383,-2.89082130648086,soft,65
125.561913344125,146.21423750473,0.937638485822769,154.470038736996,40.5331950423866,-0.79562680718974,soft,42.5970997887244
148.349597775184,23.2280006086849,1.02603717610366,162.477539632978,48.1291626198486,-3.17072345876526,hard,65
64.5404319415128,72.8375520460022,0.937334868444199,163.224246142365,27.8466938770411,0.385611157483626,hard,21.5704667187514
177.807178588752,62.5022383586707,0.772666366173564,163.544239475581,36.9117096765684,-1.40898433722536,hard,59.1526398065106
135.865830687742,218.591575495075,0.941053484849443,163.054589555713,22.3647795774028,0.526614077557503,soft,33.4244606042123
123.24779271462,83.6448408620106,0.988833710520575,161.899829711797,36.3306450831639,-2.74644589738966,soft,61.6964792325422
182.457389064182,151.776275637396,0.888216107339409,161.924880188487,52.1731918409311,1.74280272997076,soft,56.2781483739466
206.677140340809,110.677405849333,0.880564209913309,159.59533226016,50.992732975673,-4.28696732501422,medium,65
78.2564272497507,145.089352384887,0.881806333542512,162.659452117966,44.3777320213702,9.94587422930244,hard,4.90656397672155
170.798029296353,25.1858735745213,0.769151818718282,153.464998417162,39.6963201034589,3.27014777336301,medium,58.1847314326958
178.588137337239,95.6671207941318,0.802786524034071,153.994247898434,36.6903464336824,-0.265534081115375,medium,59.2453099279974
101.575571893677,118.409761364041,1.03712144720429,155.151366442274,42.7432695963747,6.20620321364298,medium,28.4517055130664
116.21272684426,215.612389937007,0.970948298116014,161.661143710191,35.4486244978578,-4.02372954135574,hard,28.7418697776627
135.726297301751,135.649586555268,0.798102416830895,157.002920851499,23.4007015997912,9.81467661461909,hard,29.2658361462048
164.227991978323,210.053898804205,0.856227901067838,161.25630292022,53.2797717728084,2.84902295665994,medium,37.5062250431101
140.547667307668,192.899547844428,0.886940726636646,160.797202456739,37.6789320537657,-2.64729162347093,hard,35.3849750431894
93.7679482446451,97.2710641563371,0.833120516753349,160.823852202875,31.1645784422225,-3.27299177922634,hard,27.0441271331887
198.891403952711,146.896294004347,0.859877313621138,157.38599567579,34.6684310463265,-3.77713977860404,soft,60.6767988761615
140.336506494758,203.597584786439,0.847591508830258,157.108987242792,51.5176205671932,7.28015172270537,soft,26.0220455191863
165.287677971502,28.7319612402507,0.859265710299757,156.460375158364,32.5267772536908,-2.76526072322758,medium,65
70.2416920237417,90.0809853126604,0.999361203302919,163.706014014203,21.8951827447381,3.33865824805311,soft,19.1577163622382
197.353070988992,190.992507166765,0.86514796617289,152.374733663718,43.8316678125499,4.53541206236224,medium,42.4889533455737
153.278582943095,159.814212584572,0.895293435481195,161.370159346011,40.1868136289266,-3.01079663977465,soft,50.1347895697728
164.518094370361,155.795663302896,0.798590309221414,155.849328824024,25.3999248638915,-1.73321576631076,hard,43.3567049050267
117.371819947226,156.001683050746,1.01566714453833,164.698560033365,40.6252224259684,0.20020633168416,soft,38.9398539639212
205.741899954201,231.36281875897,0.910424322621212,161.775150803112,34.6378592253058,8.25401296495337,hard,35.3774379101415
204.989597186792,179.55591544629,0.76063357516758,154.008255952927,31.6968855466195,8.57197476856311,soft,39.9613267273634
105.904542036725,112.223958583854,1.04749617396311,160.336521217412,26.087712856801,6.54199726241148,hard,35.8713187515977
206.913972359932,239.091817090392,0.806848809939269,159.013670055854,21.5341649297133,5.61908494253332,medium,37.6667151261658
99.2015515246745,43.9313794340263,1.01623447187635,153.638426448586,41.8450972878782,-2.84557766847112,medium,60.994814052407
165.098876661163,138.004022426397,0.812667428096272,154.293882764663,48.3109899226233,-3.06143622462933,soft,51.3409352219915
182.634707218149,52.3483380318419,1.02810709156217,150.947806309342,22.215196140724,-2.89033965019439,hard,65
158.16390727584,90.0225251892017,1.00028219144246,163.859625840486,30.7125250504625,-1.44253627727795,hard,63.2768906209659
166.950610112506,174.699953235068,0.997593362834601,154.312019309873,24.2931771219316,-3.18314818322928,soft,59.2342344526057
168.214079651776,32.9863819557799,1.01113959400694,160.354922200755,39.0412228021106,-2.97280836057966,hard,65
202.838625358864,230.60444415388,0.977862314114449,164.081480843035,39.2818969056823,5.23838006748034,soft,55.9618795394008
93.0056960224321,56.2992444836238,1.01367577488584,162.560983096421,44.0252557633257,2.4840956735799,hard,49.3469088433563
123.958587884901,215.027216420931,0.874828469291251,159.239812920084,31.1075567054471,-1.52964119582463,hard,27.0284054170761
92.4118288492918,205.952965786239,0.976968042997733,162.188648349245,33.7635363043939,4.38704655351717,medium,15.9454751221542
106.90392546635,134.638486668194,1.00426577334609,159.113793049576,39.7937394613592,-4.64358111270773,soft,40.5567386905105
185.488168517772,63.505848312308,0.763308517161739,162.887489263741,29.1076915974354,7.3123770826575,hard,50.4483593510192
143.845271946942,158.360937328237,0.906249613326311,150.997947918164,47.8364660812685,-1.47799931155629,hard,42.8140746192771
129.134238538369,160.723592542825,0.814409448668984,152.502175032081,24.7135815804304,8.44034184892443,soft,24.7276639463809
82.4881828337168,80.6817561768338,0.926733568804387,151.679289919452,20.1957915058554,2.77483948528321,hard,28.6730346803154
204.563546275226,83.4716058737786,0.810911416944085,164.451224711614,38.0615073097103,2.42607073303,hard,55.6956671443064
107.037072908958,119.480776729328,0.775320616338402,160.993719695807,37.988348404959,-2.00794939280995,soft,28.5955849598712
74.7090754439767,247.607543734621,1.04775234446661,156.445537909448,46.0531028552844,5.79798971032383,soft,6.06112462760262
89.0341814963785,180.973909932035,1.020828286978,158.947668105824,54.3222043224159,-0.145217584310583,hard,16.3358707757316
178.604806715353,27.3729759332375,0.997013975351047,159.151830256512,41.9245826582946,9.44653093395528,soft,65
160.412549653584,53.7801462190902,0.882624974870644,157.726820870653,54.1511012128982,-4.74618111444769,medium,65
189.318012223735,239.766890087867,1.04878365607955,164.499013148982,20.9272331812423,-4.96406527392382,medium,56.6068361776233
138.896187328665,245.519577972746,0.950107850208466,159.520009344681,50.9450394721268,-0.298660516460723,medium,30.3626171240307
191.462469670727,247.963019623831,1.04629765506213,157.413023266804,21.004689068318,5.13381332329931,medium,45.7089210309009
208.964621572287,211.346339058807,0.769876945394483,151.98834140253,38.5298590498843,3.0166904072214,medium,38.0492148360908
66.0388504318382,212.84636947445,0.93535509352194,152.022578737287,35.6437700269207,4.05498434523955,soft,5.44426108275223
72.2387874494626,90.1213558645934,1.02454432490848,158.303051715737,44.2481413116828,2.84971545307188,hard,22.6442658852581
140.588489268158,187.969115855566,0.886358813807984,155.3879403415,23.8907474648909,8.22321839355525,soft,29.4328493387305
189.982708520542,191.811234688687,0.843736166792102,162.284128408425,36.2889081840814,-1.3362385979928,soft,52.8815347722239
160.564333479123,99.1117306636733,0.820161380848662,157.875247493273,54.3941271710767,-2.38838943049106,hard,55.8962016305951
108.200301402013,128.930245061023,1.00676204919679,161.2963826964,49.2559288086001,5.2827120201652,soft,31.5407334624764
125.442041858044,39.5296045489357,0.755615999144738,158.708493520762,49.090442709638,-0.205365246978165,hard,58.1736855408052
179.676695084172,236.53832422542,0.929047394692767,161.714114456519,42.9935992297072,-0.0193988762193582,hard,43.2777043401876
101.027486524037,40.8410588269844,0.899368932240417,163.874497554009,35.4073529204996,9.9953273028193,medium,47.8939510798859
104.31381034735,54.2644648409225,0.94243651500441,160.671798191211,41.1947270806374,1.31043602953159,hard,49.7677446022888
148.175457087563,122.448243786097,0.838205908399782,155.534237282639,21.6569050403753,7.16011168707119,soft,40.8242960327242
205.074809315347,229.429833538723,1.04631661820377,157.54414170304,51.5406428147207,5.0976585667892,hard,51.0762495530152
134.052123790396,140.111068763121,0.975538485202386,157.746966497969,27.5332021914831,8.94135068573499,soft,33.1149783111714
163.282577669801,185.939818764844,0.824640067406358,155.551091913872,21.5666396024369,-2.81305647469652,soft,45.8081110274832
161.036695266612,201.155507749993,0.768885285893633,151.355326534468,21.3308053826353,-3.31964089963704,hard,33.9766526874345
71.2705027529247,55.6876304142261,0.892126309043926,150.293836268263,28.9827408241035,6.70025586993828,medium,23.76144398422
101.44397312215,190.760283923866,0.847396415649551,163.252890402953,26.5214550120684,4.62076084718343,soft,12.9202713019334
170.37136110964,152.364215092401,1.00975240659336,159.757138681298,33.9658367036568,4.37024438135582,medium,51.859909057599
132.844874545471,114.670640651719,0.885227442326258,155.621287724171,41.6748347813516,-0.320596730392109,soft,50.0970814810655
64.1150127488584,225.701953558707,1.00123916742065,159.173124007822,40.482888653282,6.08041595220863,medium,3.2084840276851
78.4414928810562,108.595785099087,1.01582695417699,158.688349403254,32.5256109465223,9.39100959869858,soft,16.8296613302272
136.580479636465,191.146793090329,0.784677587985142,150.664120474485,42.1324774534326,2.89864540079751,soft,29.7768923858931
111.964704582729,119.879160350026,0.840133232165997,163.6154368813,43.041356784319,1.68759195706478,hard,26.2898315646533
113.345362910131,225.911463245435,0.973198400072567,152.730713616715,46.0185971399765,7.02220511349113,soft,12.9467323030567
188.240604580599,105.98916744224,0.840618075387347,159.293025790069,21.4924637198758,-4.29221117427693,soft,65
148.515591001043,238.725124644565,0.967714402383402,159.723637812445,54.4165973385509,0.0726073806331993,soft,39.0366461680681
144.156837071421,79.5000517438233,0.907352483315029,161.461612776804,43.5240502903683,3.99937098611505,medium,55.7476303799019
132.449466913927,34.3325772727621,1.01979060945252,150.718889565053,53.788213334213,9.41465816033235,medium,65
181.418513681734,65.820269768112,0.94838082638311,162.429490690857,44.8418175202377,-4.42884572252652,soft,65
168.889460398866,225.183865333779,0.885583024529481,156.147184250745,45.3055133089903,5.57572020110497,hard,35.7424871095052
169.744821937539,187.838053168565,0.889306195045536,153.303160095783,22.4870179580016,2.33232346088879,medium,42.7141786382022
83.4802270115328,170.933514513438,0.998814284739239,162.860282787519,33.9885631066555,0.357312712442658,hard,15.8570297122251
169.775490844798,147.066185613349,1.01197854423414,154.87747287578,28.0111099831022,-3.05217436984703,medium,56.7605205963229
133.311066338284,192.730700242914,1.02220174742977,152.285405740633,51.2337959330125,4.86457277973982,hard,28.0215692411164
114.481642926808,108.957981004717,1.03167606235332,159.894988646241,32.2743417067999,4.34009560754875,medium,39.2364408962836
173.752565262603,30.155858200202,0.798595289334754,159.716867558072,38.7589723752042,-1.52809056504026,medium,65
95.1029838677811,218.489758942783,0.910037272039022,159.794911123262,40.4981864088324,6.41843198851497,medium,8.77696604869546
146.054728726036,244.218662602352,0.996134524278694,152.402466115666,33.5288561659936,4.88519924652568,hard,26.6929771836278
172.612226285377,201.817385057252,1.01484811621904,159.667330768328,49.6340212850581,1.82636972320602,soft,54.4858057346917
104.279919107297,247.747153508953,0.828641861035078,160.363405260473,26.8666473793647,1.06831966202098,hard,16.8426552425768
150.932862150354,225.98047688467,0.817235547098816,151.082612185954,52.6994028672334,0.890435084710205,hard,28.5657492668563
140.359693056897,109.216162036525,1.03530468251413,150.870881914162,51.8670161433467,-3.09877669911619,hard,57.8025733810467
89.4475518597889,97.3239042739426,0.91277379380685,157.928575274806,26.6221140425706,9.4342524398039,soft,22.8432275395225
109.747452734046,151.180080035516,0.891481871781912,155.501018260913,53.1569335891484,1.33847556511889,hard,26.1960599728697
180.26893407183,173.991195906743,0.845569615533674,163.720576282032,42.74530347661,5.04213006112173,medium,39.8820960618867
105.131728638834,40.0525014294716,0.948900916882567,161.311357835381,42.7337123507121,7.4672708894158,hard,51.4100692211815
87.3517994659414,145.167870089388,0.773148290563312,156.218046269927,22.5225150583936,0.277187620110404,hard,12.6439831668252
87.0723549405937,169.536860305553,1.01693827654386,153.494976188079,43.6445168061274,4.6033639842113,hard,15.8962350733924
172.000380538246,154.550074968769,0.9864031876044,160.209362495619,27.9250290009244,4.12160498861132,medium,49.7867919426215
117.294619858785,198.434789836133,0.804415808423901,160.770000508239,44.8037291423561,7.42462832167328,soft,16.3291975171364
119.207934963369,144.303799702844,0.84120109091543,155.368802481523,29.1467524045816,2.39583543394927,soft,32.4115543802611
121.506827566217,47.9199372828572,0.923958716333198,164.5427452018,37.9020675954176,0.0519482015838921,medium,65
129.849432814332,20.2590189763331,0.936159633352188,151.562081179205,49.6834574461435,1.98482483465593,hard,65
74.211409190398,136.301583966203,0.808878651751759,154.991939392681,46.4827394806957,-0.649276227015641,hard,15.3881691601204
192.330688419001,88.7997631144191,0.831042576035812,150.087267140261,39.3585258231143,8.19735674863927,hard,47.6418026337313
67.7341852357771,141.060454083327,0.824177791342738,160.199689762439,53.0638342873547,2.36383533399921,soft,11.7745829465739
126.922566193091,203.522702690798,0.790890793032205,158.868218911428,48.9726398128933,7.00021534356238,hard,18.9605133760673
178.645375126411,242.180991832083,0.915215767154687,154.531428537694,39.4555059535645,5.2927075589203,medium,38.683771029551
108.106152045565,55.7456889978746,1.04210873560894,152.430971076082,22.1902284925595,0.847540465034612,soft,64.8884124774008
194.426759842379,112.015820985832,1.0405145221763,153.579717842557,37.8952200934899,-4.45508042264173,hard,65
119.371604782484,112.706041974976,1.03829641560408,159.786479904701,33.8997601523428,3.66713298272343,medium,44.6223832462037
196.074084125298,57.7389889445994,0.904294593685651,158.365102484031,24.9091416187821,7.82730489760219,hard,56.6605452650386
125.322765975912,209.273291094101,0.778490219948063,158.58966486493,32.9384567937408,7.49423962898908,medium,17.3660212187239
189.605002405732,146.243961414366,0.806427890403276,160.194023646003,41.7088030982151,9.53296105015507,medium,43.091633506487
170.408599108214,88.0508783607571,0.979775176505279,162.722675167561,20.8122412095501,-3.19384714428756,soft,65
203.751570721551,234.047824864733,0.846440951672319,157.385706733352,44.438390527096,8.46980490898073,medium,36.7118923096992
208.534742474726,155.872929704586,0.763575195699007,164.137759947723,23.7227429662592,0.0780495237335739,medium,49.9053186756824
103.099673033549,68.370612351327,0.957341565196303,162.491963893196,20.9084966385748,3.27649549965396,hard,41.3447196376859
84.1184790842863,141.477598120687,0.845078733460529,151.64458578336,37.1920489073794,3.21507762314231,soft,16.5611803157169
87.5708898157219,58.816884072503,0.968533532662094,159.692253475075,23.3427580862932,8.88252439620375,hard,31.6202918052654
162.143475024021,136.324402297977,0.979614606301,161.852760391304,20.9777626084397,7.43257583443454,hard,45.2674379197464
139.253605589892,121.751184785069,0.948710575057481,153.750721549383,45.2627914572686,3.07222386736852,medium,44.6717672962751
111.318406924524,138.219031686054,0.97718104199574,154.335500082889,34.8105433325908,-4.04594153586611,medium,37.2861913067605
164.715668668225,223.625076195945,0.795811149697661,153.901223658677,39.9250516760946,-0.189906376547768,hard,33.9874466519989
180.866986710495,210.32854925546,0.778624650577562,157.480159047906,37.5223059578327,-4.3792003425983,soft,41.6329751564638
187.367371173699,114.259100459141,0.837297537555623,156.410783715768,50.9470665630059,3.60780372923655,hard,51.7011384757824
187.316423730793,203.274804628623,1.00325775592126,157.00671357511,21.0457503323353,-4.22164337490385,hard,53.9617317523464
131.512991703412,74.9394728808878,0.926259445890062,163.279116640336,51.4155921723294,3.32867848465625,hard,51.187503330428
91.9048742041085,235.287315787566,0.778364925696047,158.161615156703,39.4780972679787,9.82040891395761,soft,0.44789283723744
176.545533071425,80.6502129594915,0.998551864114127,159.32758210938,47.5432102940526,7.3326824493675,hard,60.0759858657162
204.217367418068,234.665982644299,0.868524402116381,163.676512024349,51.9089419407815,3.13995670748234,medium,39.1012918504491
101.024361410687,167.287660077268,0.933698290795328,155.507133766703,50.7305668860954,4.69177380835199,soft,17.3381191594426
68.1187484352572,29.0022543874575,0.844525851338694,157.730165531804,46.7683540906676,3.35492207385658,soft,43.8590076966866
82.4259277120792,53.6364906477553,1.0397488862252,160.106539094375,53.4206577308173,2.34890042563574,soft,47.5717621236351
167.595285468837,33.2956680171234,0.813010494752489,156.012386781982,30.6379604534645,5.70590616232785,soft,59.616546027953
178.645192274521,67.3129033953892,0.907223919089049,150.199703671337,28.521099879779,8.69677206809459,hard,57.2555711468967
116.045578878186,224.340248428646,1.04994115201813,158.832916433501,52.3741313063988,6.46974572358089,medium,24.2365756583352
153.774935644142,27.7318220963739,0.97510444207184,153.495791504817,24.6075344908132,5.71530915732678,soft,65
116.125064107845,153.733641442443,0.756973881619596,163.141116327766,22.9282116450804,-0.313119585621247,hard,25.8284165921448
171.264068362544,52.511566267237,0.818547494105303,164.706597815981,21.1144780795935,4.11711716899585,medium,55.8997198461318
207.37622642234,21.8283068487603,0.789122148859328,152.563617563816,40.814902243074,7.68883608909474,hard,60.3031443541161
167.304171380848,167.926508870671,0.780099065473292,151.194742877469,51.1272315431286,7.10052996277972,medium,37.7550316490779
86.9971255665642,111.031575302317,0.899601207765529,158.722734575677,42.0731440299518,6.54445465013455,hard,18.6873243750945
134.364086992783,203.511356140184,0.751756928509305,162.494088084688,26.1277506554122,8.08307885109641,soft,18.3819513875096
208.356912906581,95.1012342589548,0.769656731740266,156.737522777659,23.6029282971475,0.818297933950076,hard,55.6988415871161
146.434535765621,149.328651787154,0.838108250467121,151.329886439627,33.147692373699,4.41863469552649,medium,36.7135240411875
120.498501455349,188.897418194308,0.80035557198483,151.031251319669,32.0425089588005,0.0230772399669803,soft,21.0444179470354
63.7388715809991,198.156966173528,0.899070488450924,158.977366095219,53.495874193445,2.60405900559114,hard,7.14711830956044
102.589263377326,73.7381876151624,0.998698712747881,160.029780512956,27.8675941581077,3.01978990034604,hard,45.9232090454656
173.437798380122,22.6634997780424,0.927791262895387,163.071959337994,29.0623544928769,-1.62738889364548,medium,65
86.8931658892315,219.911147431608,1.01881804658604,157.49225356258,43.2342090692067,-1.80207240790374,medium,16.7404675200342
112.105387543237,154.289692275191,0.828704220627775,158.966299540311,20.7272346686739,4.87773820584325,hard,21.8708287328055
97.7807714593715,78.0556976044498,1.02909081711814,163.466402495642,28.5311172838049,-3.5201021108723,hard,44.4083632917126
208.501485049779,247.551723647367,0.968461005864815,156.513476371319,21.4720927250119,0.0968244782414987,hard,44.6741185252795
84.8713431343135,24.2001386975635,0.84949888029423,161.201872566982,39.1624642134987,2.71831004870328,medium,53.1472026813673
69.0624221229787,133.460774041503,0.991779716595727,160.888541272933,21.0280028638552,7.43229740460303,soft,10.0483948821408
153.361317207273,85.7779565854651,0.991673946487077,159.81591438933,21.6292777229418,-2.52861678590276,soft,65
137.630642207016,232.205791294461,0.947449172748214,164.549942576325,44.9883183156146,4.3235605623293,hard,24.4339532562002
187.639871748903,221.443537816329,0.806630535691367,152.363288055113,30.891593003311,7.9765519518474,medium,31.1258053039961
157.793117201489,30.321176679139,0.936527011813511,157.797959166129,54.2557263556929,-4.69857550164749,soft,65
156.542950564201,60.2442519834064,1.00165335033006,153.799067912694,31.3124054200249,6.24416716509374,medium,64.0452520873181
103.612436756737,187.21698693947,0.905520982012449,164.527743925464,29.0291327993071,2.40122388224091,soft,22.7679999607012
200.090021400009,238.946909166482,0.793265424934498,163.424809764602,40.4968295345609,7.76115700077051,hard,31.4725362563496
148.09467866222,117.464640924704,0.843506957462562,161.023790112082,30.4317870865175,-4.89166864752589,soft,54.6136085826023
62.440218724627,94.2654971876636,0.791399561634557,162.896643291484,33.1807851508027,3.07432436021569,medium,13.4218233545909
159.270670337524,201.689571942374,0.983586482749786,157.963587636659,21.2498017387438,6.54717677337177,medium,38.9622644554436
189.22622873415,163.360254980023,0.980050520399687,156.295578299455,51.7858167243606,7.06192355875595,hard,51.7224604157727
174.035527973417,227.535244286903,0.850230858900118,152.296330436104,46.5244625470526,-1.08317793161957,soft,44.2410657855947
124.629077373228,113.064796419343,0.796659634034938,156.42601721289,36.5812120800162,6.39479947805365,hard,25.4845405100119
186.7711623984,118.454431937133,0.761970827560881,154.943386755471,25.8100536257893,2.8521273930894,medium,48.9009613105532
153.280666654512,128.292550653734,0.875094965970988,153.615661463802,52.9798073933806,9.01223353844029,soft,44.2252587181705
89.4770421909595,208.507105526925,0.900066223387162,163.822934609056,52.3779205223092,-0.154339498196872,soft,15.3859211139467
119.563547646609,137.424556235807,0.999774309028006,159.290608152351,23.4880250475999,9.46420305905314,soft,32.9958745650193
76.7931028956645,240.144085439049,0.859008238304675,150.324758870836,23.3691117974471,9.73833027687456,soft,1.29594324100085
196.752685901837,64.1957597745514,0.771792488437566,163.48386721702,46.532736028788,-3.76393403057281,medium,63.3251371138087
159.348277778392,218.813368854659,1.04339129687252,164.926487775815,53.5840941998617,0.552308165697948,soft,45.0476724260106
114.034932488308,94.1478464478528,0.957918246901463,150.356977225043,22.4841827375561,7.80708400302206,soft,40.9610020818912
155.128401241077,177.482799072133,0.850751542266255,163.124383721976,21.6571486673382,-1.12072378238806,medium,42.568453942688
168.764942374424,202.057530488292,0.92095391312646,153.349600292716,52.9905785031515,3.54439628170885,soft,41.0767584713893
202.609416252651,62.0739216294704,0.904841191254338,163.103229055478,51.9724056546679,-2.23382800213081,soft,65
174.586617594396,70.1419409068641,0.987452070720766,162.109039040062,54.860092375513,5.65431804356684,medium,65
175.472802451057,70.9025996328787,0.908681676453945,153.140440446423,22.5968263907833,-2.3512351640111,hard,65
124.596404704073,116.652221504975,0.933839147736414,161.456587788738,47.7028437272872,-4.27386089136734,hard,47.2474790968249
127.048073841302,43.0510999942633,1.02495968943674,160.28865855292,23.1881251419725,0.439535535416961,soft,65
109.463781233812,236.000999616872,0.940220578548084,150.824612807193,45.6151275466559,9.26188068387896,medium,9.26224052630774
63.2070770842337,20.3601818349958,1.0052904331006,154.659565869968,28.5654451455431,-2.54798145173112,soft,62.3359358667845
177.834169607482,172.025457954218,0.788472054089959,162.154643567839,52.0769417613759,3.85092640154307,medium,38.9228636145642
153.2542338723,40.8532402552521,0.784688709667264,151.181549100022,20.0315528304307,-2.1893415888667,medium,61.3513004804473
67.5130180701856,52.5551542910404,0.826174424566693,162.075955943074,49.7059936218529,8.85366335379749,hard,14.9000033412277
208.069143731354,134.467622407793,0.799914747612342,159.783005300495,36.3668278083398,4.01775094902848,soft,53.8078082145761
91.5163708107318,20.6548241098805,0.976561074187375,156.217640717597,42.1035376067845,-3.48934080463242,soft,65
125.326082813303,86.2617805097225,0.873728399240025,163.624490772134,21.212207108492,-2.21348543210455,soft,56.1117389052488
126.733303090517,211.124564094351,0.918963743555374,162.309602353658,47.2304697056864,-0.82501253996111,soft,30.9870280284315
62.9850426084289,174.721653014948,0.993509452694659,154.848724517894,43.4784422486447,0.838110392408704,soft,11.6235852206441
184.172373513333,28.901770755781,0.904684048623558,151.525768114491,52.4533089818711,-2.04451094229587,hard,65
97.4015278967026,29.7194211689329,0.832647997133192,153.576045899247,50.134970872088,-2.67388596764478,medium,59.3902855703829
67.409256998877,80.1735757374171,1.0335037761951,156.415624358867,45.2439363566945,2.40883099734499,soft,21.2605416795863
74.7998998265818,122.804862088979,1.04169122734206,161.462073138393,30.9325908321504,6.38003615204388,hard,12.8537506979554
196.029576000962,90.9965429102953,0.871782595530248,163.215010068679,38.0935470215786,6.29978753028736,soft,58.2388829289614
115.736284636621,99.480972978968,0.767944627591228,150.373863913418,40.2568238023354,-4.85745405592283,soft,48.2920157881455
89.2361213396656,159.177941759643,0.856210868144999,164.747408207136,42.5881416148299,1.84079482614959,medium,16.5110799139322
181.247712375968,122.225447855379,0.934560174159349,164.314107573253,29.2431721132772,-1.01225583330948,hard,58.9083108382521
116.366482860223,54.2678437388471,0.919926705513157,161.065977608872,28.6890229053719,-0.496443344492799,hard,56.7467647684552
91.9585828077072,24.022739391916,0.893810654692961,152.08928722193,30.2290824354947,7.02689100638225,medium,55.0495096771859
204.357478586944,202.684610102917,0.821681014057958,153.911216120198,27.7580092442474,-1.80503250443986,soft,52.6344245662033
88.6371997512389,33.9551781679565,0.800353961091903,157.542258038679,49.2491641168216,-3.67555105455464,soft,55.9084876341188
145.394803326892,160.528954349679,0.912881411867496,160.162724305373,22.5904729409285,6.18371771083976,medium,37.0860401112321
92.6604339743803,156.975708076521,0.854839852561645,161.833172649142,33.0254752098104,8.40353611432861,hard,12.782930716556
126.280236312074,129.262726123924,0.841964734564966,164.718980392663,37.6165293731656,7.38735857019803,hard,29.6362158010975
184.471373709734,78.0220169899872,0.818944643466628,152.442107335328,52.6155664596683,5.59085812818726,hard,53.4044341597534
195.487789206885,142.330024231744,0.910529740396182,164.969773394986,38.6838059319999,1.04991796970963,hard,51.0317357030819
174.360198336583,224.749025155955,0.803971779298407,153.274277013578,42.796787389064,7.05701053268277,soft,31.3688656750363
206.678199955065,44.2426043569799,1.00676564898786,151.706271182334,47.0775908992045,-2.88354041208827,medium,65
159.594165113817,78.9583354803821,0.836817631640057,160.465762929909,35.4535056492958,6.76342990714225,medium,55.095106381576
82.7106092056111,125.107941073969,0.788768909484983,164.036637406183,35.4804206812509,-3.44905153838369,soft,25.7467081361539
117.337971158276,108.350252549502,0.889297632582124,158.246814773481,44.6417641197195,0.7362808829583,hard,37.9333674438983
164.319902132077,84.1187679057014,0.890999576300624,163.734215413402,25.9649120652504,7.86121408828413,medium,55.4715864775242
74.9589060748501,138.635451778886,0.985065715836606,158.273571987268,42.0232872767496,1.67525616100767,soft,17.0087113760534
100.312671292403,121.341967371745,1.02405486711409,164.616374186314,42.5827992020148,5.32601945437864,hard,27.6954582897563
118.417923032104,235.138797178193,0.833380513290256,155.673758431036,38.0881778165632,8.49838458143934,soft,12.9754337119912
156.51484926715,155.82360047225,0.787187465164755,159.477460710107,26.0084185274256,0.469352383113289,hard,37.6270697198858
190.444611195739,234.82078095328,0.988259877853342,156.061141966291,36.2157582231642,-2.88801146542635,hard,55.2132154893269
201.69942214305,24.0673624016733,0.819903212655065,159.171892202399,48.3307412984459,0.631557849043548,hard,65
187.55732557786,188.450977930495,0.752847911397892,161.702334916793,37.8378065600991,-1.22409807894257,soft,45.9284286351969
93.208994568267,96.5764288037804,0.762996908989945,157.59780999448,38.3253803634423,-2.28643160661448,medium,32.5413428645613
109.474448511913,58.9971443437285,0.845122850385921,156.11136523903,49.071118396275,5.78526010827674,medium,47.6444840137941
166.724581128638,232.120685440508,0.874918457676648,157.065847632827,37.9442860177578,4.69586088584979,medium,34.9959035633436
95.1029548799298,127.492496556605,1.04774834609251,153.235351782583,27.8515310970831,3.92385256682136,soft,29.0212597734422
207.851229455826,156.248592525704,0.930813415636476,154.559636733821,45.6009930042898,6.6780799254713,hard,51.8453260354801
85.7541585128182,135.182221840667,0.78061002963766,156.214300085135,42.4611031398389,9.12106389722033,soft,10.5304752265484
82.4708239260121,92.9392852240508,0.997380957534577,156.944684929078,32.9609121331221,1.81321943260875,medium,27.4433441377291
78.8790230883949,181.439377631156,0.776157320445956,158.71187001433,32.7703739050791,5.4278447607178,soft,6.4340848643362
74.9151382028463,125.786749722013,0.883169398826238,160.804000433454,32.3637374225286,5.04272549991446,hard,11.71850660821
151.032645099973,118.899714829952,0.993345296210482,161.646950551783,46.9495904850931,6.56735938701089,hard,48.0512804095043
159.496874862627,115.677940370062,0.95257976999705,152.861287066663,45.5086497607611,4.32157437172419,hard,54.8189322783114
138.789745670175,95.1733485932203,0.885939193027306,162.307040790595,47.6767766988825,0.352654770680513,medium,50.2032831920643
193.246070750792,83.3413743421266,0.786155166026948,162.732386843968,32.5030886901626,-0.491525285769139,medium,57.2726329140068
86.4780711133869,210.848323695327,0.807634490660356,150.079446276578,54.0597289505918,5.50119621372639,medium,10.0077373906244
174.140664961909,125.051118243765,0.762755973762227,163.264604604623,30.4501224106308,9.90634326221181,medium,37.1170388514159
130.424801801403,249.323405038348,1.00884292969415,151.255948847891,33.324074157075,7.80852661073774,medium,19.4978511464415
94.2877542826758,80.9689050694761,0.808436611355807,151.017102667381,22.9612729114429,2.75680069585039,soft,30.3320177440733
83.3056377260527,98.4195153211282,0.835425611751288,151.430830236099,43.9968540686016,8.1367266091943,medium,14.4720814292827
86.1298177673409,176.636888887768,0.816939454489281,154.842893645398,39.9612175991433,-0.239929240524942,hard,13.9955213177578
88.6572147145787,147.618250017175,1.00109595128387,150.937889546568,21.9935345058612,5.12518046981758,hard,16.198200455401
182.575400345013,55.3958869702438,0.841779495917992,156.279628629763,20.3176456260245,-0.293187969332712,medium,63.4572649423988
85.09611511242,38.9119550433553,0.917086127223124,160.34436752852,22.7335070564053,1.44818828875608,soft,50.822366100525
170.80616828517,47.611424314818,1.00191838194461,155.84294275685,51.9307418627288,4.84084062100134,medium,65
155.148655295625,62.4370242777437,0.774255184529797,161.870264550836,29.724978144622,4.65050417282641,medium,50.5362085275665
145.56578292589,247.668973140555,0.957586555027729,150.871497360558,53.8662289878599,1.68569765778934,medium,30.5466950987485
164.337384406342,143.844261746148,0.911153386389195,158.646338249488,45.2597313554629,3.01518286572521,medium,47.2513964033845
199.003953205049,146.03972065646,0.966294713290589,161.14622521159,54.7514403998703,-0.323703436333071,medium,64.0563134329787
66.6723127830551,239.576220213213,1.04643209469919,155.129703578527,38.1445026684278,4.04931542981697,hard,8.18873763594046
194.202162627193,114.030981067131,0.888544618281712,163.463777391507,33.3474013874907,1.17627830772544,soft,64.2409777720767
60.1770194413194,247.018158229881,0.751701255793739,159.127298732103,24.6604742177069,0.907489382566765,hard,6.83281879022143
118.385295384525,59.7759260608099,0.867483189173356,161.893005904071,39.3319061001831,-1.09914445779382,hard,50.8140032317949
101.27401526481,27.8672802738335,0.837859324294197,151.542689125794,34.8996776110409,-0.954063565013263,soft,65
65.2109829849023,83.7276671528672,0.785929640841229,163.812706938619,52.2972172189574,3.93201601707308,soft,11.4834013546775
85.3064947754135,25.8475971412841,0.810777871834052,160.170027802968,54.0509679580153,7.75519095985007,hard,39.899799760498
91.8457439713556,137.232025328821,0.950629235267066,155.590438805628,52.5363887295649,8.16101050462445,hard,14.709940186338
111.130688652221,183.061083884928,0.962122854494773,163.908805198958,24.0357057314927,8.11659232543315,soft,21.8346717224686
92.1389605206928,75.6694957062354,0.883980548457636,155.616825597158,20.9756723190966,7.14725966568783,soft,33.0172770284233
105.460643058703,93.3604256870074,0.932462623955593,163.233719538429,38.2291030163958,1.57796835417948,medium,38.1731671228087
151.86008625639,160.150979385015,0.765449862885233,156.68822387022,33.6698890855996,6.05481502635135,medium,29.0950624226069
203.996164904044,226.800207560312,1.02505113222536,163.0633881074,34.2274962096011,1.33684865261325,soft,60.4783616980577
138.597684718607,79.7811537460411,0.774783958315542,163.558717056088,54.4025328167839,4.67331155977677,soft,42.8805186965106
197.524649296168,113.966337683006,0.992492258016214,159.362345423823,52.9725413125944,1.00669040473266,hard,65
112.5935120152,81.8100234289735,0.796439137495016,152.919282306173,49.2065480903067,8.11126209579036,medium,31.4404820054945
126.936385382288,87.1500397220562,0.828253903421682,159.672001404891,31.7384000425183,0.96442796986413,soft,45.9668906843164
70.9957369266873,30.7737693030666,0.769388708842058,162.852912820957,23.3417614176495,7.97216246287897,hard,32.8651962657997
200.060370294343,128.305660026506,1.02585794300729,161.27137677334,54.2467674121033,-4.13774967169237,soft,65
138.264706175077,208.035035082027,0.905011126815002,155.277668193687,50.6470009033895,-2.40489059441747,medium,36.296530294038
80.1769015809776,21.7414037125515,0.940987098454575,158.500653929925,25.5536903725755,7.6213554113556,medium,56.1755055314524
117.527758337507,242.27536883857,0.972388812612576,159.53827192302,33.6411472234115,8.43288647685552,medium,17.0498339801024
138.11360189544,25.1284674593664,0.886066215582791,151.516152180723,52.2542719560703,9.67316074049873,medium,60.9774672671389
155.411685535307,232.302785937444,0.883711820066341,150.108374657608,47.7697888933655,2.00545169754833,hard,32.5894612933029
84.2560989932022,179.583213192758,1.02377060943157,151.718288586709,23.6139390262967,-1.10676150061167,hard,15.3680497663479
183.363654475478,173.975275512201,0.954031044235775,153.893334953017,31.5569976456819,-0.209802660096638,hard,50.1280555851044
105.872462508468,243.303008096791,1.03472380109151,152.611271112219,31.7847766511563,3.71918390835031,medium,18.1859130112743
175.006411651707,34.4064759421232,1.03753583605086,155.657862872341,51.2641394455451,-1.09430652146354,soft,65
131.178535776426,112.323634720563,0.783999337170556,164.400384280293,20.253805603538,4.27462433857198,medium,35.5235363892774
103.670863822684,234.266358066023,0.820461361177018,155.066065408194,41.771514521241,7.55490262850256,medium,12.5857740949738
195.191753328944,191.920314174467,1.04235727687921,157.405817513648,46.7010339877372,9.48980060242933,hard,46.8371261125871
201.378124405371,232.109690816866,0.879521586435053,163.660233907529,54.8016691408842,6.93186309298379,soft,46.6177791287836
128.066636556406,116.809492181766,0.831799029272017,158.265919553453,37.5323359357065,5.44387748895046,medium,33.8643048892002
61.6054439108087,239.796278807851,0.941737868785682,160.690994210916,38.2824537504973,-0.800090401924413,hard,4.97885183259407
84.4334254322368,147.399671345833,0.769797652028415,150.47608570123,24.2433249683726,2.41132135341472,soft,12.2161434555826
197.29859567922,115.97830526242,0.753835738639661,152.539432979997,23.6626808242926,4.66328496849785,soft,48.9506561644872
66.2982627509978,216.743121563898,0.854479886956548,162.777926252582,22.0503076577613,3.93782427339283,medium,0.306471639101483
173.239731898511,114.576821619239,0.892555236981092,151.00380386444,39.5306436013297,7.13918317275858,hard,48.8334922917886
78.1691236106915,162.701268956194,0.784542380748278,160.063708141335,21.6033930773237,6.31309978437529,hard,4.03576151290932
105.566694619023,26.4232912416312,0.892571291674886,154.273153357322,44.5424882716019,3.04925897475069,hard,62.2935850481664
188.578886411103,111.346062129467,0.989966393317981,161.915192507671,51.4456536336104,2.01522912374301,soft,65
104.591617603209,30.4402984402496,0.854198062277063,151.094948871176,50.7756185342147,4.36015263832149,soft,59.3605350427579
153.07204196993,54.6360960490938,0.95482439563842,157.45949806568,36.7468039735496,-0.4102258829944,soft,65
129.962802973077,164.545294286263,0.911506734485598,150.860015074637,38.2959661813127,8.97702892471302,hard,24.9171757878424
160.850314055332,126.425988331343,0.760676697115469,159.614895166932,32.8676481782368,-3.11900572977418,hard,45.1968411103291
166.956186735688,37.0463416286709,0.917135319531725,158.164446386841,37.9560935763499,1.84279198177371,soft,65
123.609017779908,183.846971163128,0.817095629239993,154.00793577063,34.4519995930936,7.75973959919265,medium,15.4494534159996
113.287031359739,130.332320975194,0.989646656487672,164.358970651725,48.3365762476423,-0.411825268455021,soft,40.3623550142084
121.911785479629,52.7288509910485,0.986661360429128,151.495410944422,44.7823708152742,-3.72093512798416,medium,64.0149302253872
61.6471429448753,247.460918538251,0.996568007994133,153.749479791926,36.1213215169665,-2.68796212201328,hard,6.88033224916546
98.6657949818169,75.530978993104,1.0254497238886,155.183514889287,27.4298754494008,8.31636110244053,hard,35.1188061196982
199.176605684243,76.492632128302,0.987229242669941,158.09799170676,27.2054455757673,3.27069166897224,medium,65
107.523525207099,232.453855782875,0.955405007974397,158.893651517777,28.0232811480402,-2.10194738077537,hard,19.9287297928876
165.27202232857,112.920488802577,0.993173028527243,156.439865565658,35.3021778028268,-0.650742180446085,soft,65
209.46575347837,184.227974453839,0.890557705642792,153.005777650881,45.5552829346969,-4.60111891713502,soft,63.9908570517722
134.015395651389,171.54641223613,0.916456146250584,162.411233170325,32.9879965466631,0.0308959270456262,hard,34.0896873530894
104.872847831754,50.2497925104942,1.03649371940194,151.672745609246,26.769424123495,7.21729211050993,medium,55.0874966028375
167.162314104056,163.019888319213,0.796665355941559,151.913443752574,21.727217229049,-2.64123448988974,medium,48.1947515923275
193.891902326312,161.162738595942,0.904711614965345,156.584911557225,43.9191708152449,7.88694669748054,soft,52.1535260946615
65.9465263385083,119.951354503125,0.770244418747823,162.832497380846,26.1265461306933,-2.2766602188798,hard,12.2236668484939
204.799918571914,44.6108178343774,1.04301607054106,156.257829202433,28.3432899800023,6.28177645011124,medium,65
195.329154621173,148.616003466385,0.959433828932573,160.446762022211,36.7929989799906,7.95043905993034,medium,56.6253176516966
119.976727388805,73.6056357411868,0.781123246596288,156.360477904038,25.6798763698095,5.39000599068689,hard,36.7384979863954
93.6984981932995,37.2243859230821,0.964618909441492,152.164501237821,31.6480532042218,9.88428422052032,soft,49.7470361468314
184.011792600949,117.950075203132,0.852376245808199,164.973356942752,51.871173771027,7.15846470631347,hard,49.5257923356672
72.9263231683964,102.634005569751,0.781890963704475,150.971277802078,20.053046796954,9.80104571454812,soft,9.93743852781394
186.704769322179,178.754884100835,0.877076968568685,150.245078033434,36.0908071224024,3.24000106609151,hard,42.358988135824
176.574648625183,199.30725213051,0.811565659689335,162.384473965207,54.4518483388445,2.16417719242189,soft,43.2796531247666
137.87054510257,176.347662669214,0.933419732716954,155.008932536632,40.6826159735157,-2.56490008678846,medium,39.3187789412936
95.6840433797212,227.72279507166,0.993335993884998,162.164684212956,49.4304055308143,2.79780162677352,hard,13.5435090931112
191.909009449519,68.5149858779681,0.838128838702156,153.535237797826,37.7299170623623,1.68137058007328,hard,60.6079812399561
204.805323688235,147.147012834721,0.931745972549671,158.547939840305,32.0364542938961,6.9552772856388,soft,59.8944535481684
69.9232582877595,215.917088395965,0.854207376589873,158.137357976268,50.4868235172927,1.7505325411371,soft,5.45294317983022
98.8271061702243,102.672045945992,0.991135506895324,161.49860843943,25.1634134106529,4.79010745647707,soft,33.4244765262264
100.697014632575,90.6022465492319,0.812287591242524,160.130097883688,47.8377549346751,8.89645941456558,soft,25.058022107004
142.803100423413,112.417711878361,0.888516848563737,155.098521838429,35.4570459060786,9.03082063415738,soft,45.2712084910432
78.9174598060325,124.062074401877,1.02485060466396,163.428654357703,52.2410491652402,2.99619551749869,hard,15.9316602922421
126.535987814921,26.1730744768702,0.813952672819158,163.331827920001,31.2993593768194,4.94404919513223,medium,54.9400214179542
106.010355939151,236.144613678002,0.83987709660284,158.393662473546,40.3017050832403,5.79256562711332,soft,10.3006901261305
166.460139321792,41.1347270781014,0.7761616432837,152.67553707378,37.8635592641956,2.95303853101921,hard,57.9663302321977
91.097142073008,78.7769017984924,0.973380117053214,158.149328765266,38.7539999759994,-0.040580831992453,medium,40.4258745981622
66.4723538005631,84.5113820152764,0.939855886732273,154.686896492161,33.6697377103135,-1.21470943105952,hard,20.5864369118388
116.919725077472,173.004606171342,0.945492168421934,163.703489180646,39.4709785182009,-2.62719972824264,hard,35.5138154175982
200.090923439993,233.171291414346,0.997518058893136,160.173994673051,41.2002734803471,-1.59878395418045,medium,56.1792858960051
165.187489839748,245.058104135066,0.947158603815353,161.44497508517,42.9542988732597,9.23401179570383,soft,32.1494482156581
87.4356409240521,152.512056509754,1.0448247596478,162.779582269458,21.2534908352784,7.89584174603114,soft,15.9976029490839
151.509311712575,220.671568794602,0.881421064848482,160.351791121906,30.6740304104737,-4.38217881476108,medium,38.9198021896735
79.5842985411189,52.93244159169,1.02229471141735,157.433588695816,38.2443959505216,0.678942285346348,medium,43.8832016070543
171.168093154674,203.283928763527,0.954730004275271,164.18710543362,44.5963574147082,4.95426456057037,soft,43.8917011295946
153.315623909794,59.6501766562472,1.00650399138668,151.394617955523,41.6523073578082,7.83006572223037,medium,64.1927932056253
120.580453514134,247.487211944625,0.820763052214568,158.880159903136,36.9095031090666,9.31595140739879,medium,8.82416478491383
109.733404290319,209.239027142671,0.988251417035692,161.015137884565,29.0179846844099,2.26210480694909,medium,22.065994853412
118.867413424483,164.164313692069,0.91233820663189,159.293273325437,27.6621511801365,-3.84684730546247,medium,31.0407935132325
185.854892169603,28.7990111293208,0.802604653374973,150.423566771779,26.4403898553246,4.47193980184465,soft,65
207.341219776989,170.804356323813,0.891137118237692,157.137651815164,37.0234910692384,8.76676930437511,hard,43.4521773415777
102.799847958848,101.690536991947,0.999827329356755,154.127954496674,42.4823426910634,0.721561365791852,soft,41.7515733960582
92.4081729244339,170.430114095085,0.794917039474454,163.348068885235,54.8902154927268,6.026022639437,soft,13.8173568223435
200.194320699913,134.641782215777,1.01522379380666,160.911554079198,32.6929367241724,7.64688030980045,soft,65
173.916697381098,102.304244572241,0.952025340504237,155.887573870225,42.7665507028236,-1.19917716858755,soft,65
65.6939307735413,44.8624394119791,0.753530370173576,156.112304900975,35.7975015515771,-1.11306327480073,hard,29.6641302725896
202.920616316289,247.839531046604,0.921148946814047,158.937804111932,23.0026914973992,-0.496048357475909,soft,51.1019185397486
196.970223777717,107.75232972433,0.88926791574066,158.808886440988,20.650348081796,4.98335395252158,medium,57.4967056457521
145.945290749486,76.5161030587902,0.995678407493042,152.050422955535,24.9101926003314,-2.75110700008869,soft,65
200.62593009006,247.919394478772,0.781909992359425,155.572753956751,25.2351017437858,9.03529123674624,soft,33.5927656370142
72.6042785897937,147.397715103305,0.771936025789352,156.158200151645,44.0942276377587,8.04657843159037,hard,2.11644445083517
182.175207297738,145.73237373968,0.801689608093275,163.796417062618,35.8078564078439,9.50212092454702,hard,39.4800860665499
113.638898946808,131.990202723329,0.860426849312676,151.483594005652,47.2372136855289,8.1863970881361,medium,24.3541830499968
65.9644850259472,102.952696025646,0.825827064464912,152.34564058712,29.9870967660738,4.39844373855754,hard,16.2628997280712
87.2405745987261,106.444680711414,0.93592781681388,151.275963535195,47.1074524905167,3.26398654977606,medium,20.4071907271934
103.675958297701,20.9335535063278,0.87680334878441,158.054521479142,49.4530158008758,4.28881437508257,medium,62.5803164523986
145.92676068499,70.6018178044785,1.04979434743679,154.768801457805,40.9595671285461,6.96814317456748,hard,59.8021549633735
115.570243126429,110.062212324817,1.04112971540994,163.261921327615,37.7672589551569,0.705840482591537,hard,40.3202858483599
72.3747492015838,165.426898093836,0.835896266237053,162.841476245518,52.6027775327915,3.76817528103092,soft,9.33385042890168
121.083858653969,234.479952049877,0.971414051075748,157.051603179691,49.1878376860612,-4.24901282626354,hard,27.1387885014376
208.032508774422,165.528104051669,0.982343147053741,155.521378616633,41.4542261290946,0.340527864023673,medium,64.7433779376801
104.463519064513,38.8176913383617,0.812441209149487,161.537180197664,54.1679869332631,7.03418047240407,hard,46.1093913600971
146.217958521254,61.8828015129805,0.879138872574892,150.001235372303,25.9361151646434,0.511113858776395,medium,57.8573535171576
158.477269562228,218.662785167908,0.997975814967477,150.619284656696,52.2316709033949,4.44986950363141,soft,41.622522987852
81.7087209827854,120.335987625759,0.98448883069313,151.44853834645,29.7793987648473,6.0445709303446,medium,15.001404441414
192.252593586099,39.0929156763672,0.948137186818984,158.311826869385,32.8376049196252,2.74051676978256,soft,65
184.461163236128,146.432633330625,0.827092053039725,159.156641280095,47.431374414088,0.247912893662155,soft,52.1391064964191
152.438273809356,91.9338038542278,1.04508702866585,163.60270865356,35.5899511069839,9.47745571467993,hard,51.4892040727793
113.438298132619,202.043418888887,0.897884924399809,162.952595609481,20.4413267061896,7.27603643749964,soft,15.5726691818666
140.445658781376,220.728516275077,0.912443393912713,160.072693680917,48.5969848350851,6.14927376196334,soft,29.165568003234
159.93259282825,56.0279525150433,1.04367366570118,158.171337514043,50.1894595814287,4.55573905347386,soft,65
110.14428017231,199.932991625667,0.966971658421139,164.770689701618,46.2373268426869,-3.35391283731835,medium,27.7543917617904
82.9320202148174,196.531264840078,0.877935610897492,153.473667626019,25.5665659861344,7.15477557458856,hard,8.32707013341587
123.15490238492,162.72121839946,1.04948892468473,156.617329864764,53.2505889515064,6.97943415969283,medium,32.6400859789491
206.545404582711,22.6359065084054,0.970270316412494,155.757122473301,53.1233191948455,3.33698300757963,hard,65
135.369050835081,158.326221942486,0.992462667843615,151.034788937432,51.8514280136565,2.68596891615597,medium,36.7003522501797
77.7710794997586,198.967335118471,1.01039404038917,161.699393977803,34.7430090943358,6.85316000097624,hard,6.77295734393457
98.2492278831025,111.012043596965,1.04989961384358,159.361541201388,44.5209421913149,3.65718727899174,hard,30.2589119479937
94.1817164026253,160.232836394029,1.0378438560527,159.379621857266,21.6463235136689,4.88182405257141,medium,20.131328083003
74.4738148648291,232.336363894053,0.811474895466249,158.708192798549,39.9946341731243,4.83333410082887,hard,0.884392676066958
194.652132988841,161.262882573486,1.02192306899673,161.280649612455,25.7752435986456,5.16997605561712,medium,57.59795858125
64.2641620035496,207.222052856017,0.909732929301395,150.253193051102,35.308673474246,-3.67604372737441,soft,11.0416700846587
209.278798118551,229.397629285636,0.805264756431715,155.914742535667,25.341466131158,6.52972040571144,medium,39.1154333683288
208.020137970527,194.640028531058,1.03711445979217,155.397109069759,31.9681882873227,4.02853500701554,medium,57.0486361531052
191.323586561136,103.621358922958,0.888052326952268,151.40095063523,50.2431303461314,7.41190722650513,medium,56.021411162696
209.409547716197,52.0772377380542,1.0017162784024,158.125209562262,54.7817940312436,-3.07847575386817,medium,65
147.008939598781,148.503596502685,1.0074450537523,157.166481714571,42.1318049422427,-0.929890209114176,medium,49.2455973637723
77.2305174083087,141.000622690156,0.903588998396899,160.651607594514,46.2249764298318,-4.67620118174551,hard,16.5187289132919
103.169957392957,151.239307003478,0.858853912633042,155.688056667282,27.6889098408823,-3.19454503856692,soft,28.7612653301354
139.664727160578,47.0779237817732,0.844741619535806,163.25453756784,53.2857112614465,9.11134362508366,hard,45.3823967340737
98.7623700750829,246.755717319037,1.04445711544776,164.00733691797,41.76185313093,-1.88489671634711,soft,20.9305710575531
155.880496217104,206.342741453628,0.983292912302254,157.370532807925,48.7037150189359,-1.21371035143388,medium,46.1412385414591
164.911125087121,145.061233402618,0.986807588050244,151.008211046361,36.499360955983,-3.56482527608797,medium,57.4867592645762
62.657050764689,70.6229554921463,0.883220169223293,159.031201830494,48.6837906198189,7.39036459061787,soft,14.6882136478862
122.329985889594,126.109934418083,1.0065390587949,151.627642329289,49.789253581875,6.23187215366203,soft,39.4245007647988
114.125243295788,238.006972914182,0.845562098352449,156.905166181801,43.849077055487,-3.87057829296713,hard,20.2746012342743
108.238941402798,196.012068045667,0.863880381769414,162.690015855368,30.7014384827425,2.5676169062422,medium,15.17758938795
121.591961640898,237.267586785356,0.761532038691719,161.124334422351,54.4357947612495,8.95118345916359,hard,9.52657583479034
196.508923568115,75.5505006890669,0.894384167669707,154.113530894241,42.6037554598422,6.94790314792842,hard,57.4292048415238
185.244449258896,46.851580277406,0.953555092872852,163.395071857969,36.9413129898584,0.498988140064837,medium,65
206.068437148434,54.9852031892468,1.01832129643519,158.787514236858,37.028938500632,-4.24506106802611,soft,65
67.3816288773313,145.729459697982,0.797098481802852,160.901120819024,38.3218045634758,2.13976505101585,hard,6.02856296640262
118.456627939043,151.960903874109,0.782364148934659,152.065932680176,41.3409867739646,0.84049993499331,soft,30.6194886762482
137.24026200114,131.273789041908,0.926337912956094,156.44592866646,34.5988427959443,6.19287809620647,hard,38.1315240919632
175.537669873149,142.126375051549,0.767195936155797,161.188357657539,49.0109805387411,0.357009296478958,medium,45.6742722949142
141.918781926039,36.7963814486253,0.808339312773188,164.050282578613,40.9798396502886,4.62345971736715,medium,59.3564010170026
207.025359495341,137.39690111299,0.853381459334014,160.587877849862,30.0483668440221,2.72747268541252,hard,54.3054056134644
115.438073233442,102.650611326837,0.922622893032828,163.852136971917,45.5218481673132,4.59223820712076,medium,36.9022253425113
62.8593494388323,183.646643421627,0.954684286390257,163.41275713941,43.3887245611285,1.30364843290361,hard,8.59055602641208
165.524800042417,199.093652574627,0.931202471193054,159.795385794889,28.7108438159052,2.39734632912007,soft,43.0905808869917
102.367539538109,147.725938150742,0.80104946474657,152.505354666906,26.9369771396155,-4.26561759913647,soft,25.6648484211165
182.985761394705,225.788418010195,0.888954034358559,161.96474469084,45.4606936866299,7.78572990433806,medium,35.5592818097028
152.522043593289,46.5923160503729,0.784174934128685,156.203642652018,21.2934457181138,3.69493337195789,soft,58.7698508495659
133.309650216915,74.9904697252192,0.849588491249964,155.71998957241,44.0405502245031,5.61971269798717,soft,51.4894022603387
71.14213418723,140.552379921025,1.029501768509,154.475117015446,51.6778481553192,1.36078395789909,soft,18.4428708297466
164.127380049138,42.2105402552148,0.829067905148328,163.699149389464,37.7701687976272,5.74201798362709,soft,60.6186695872434
69.8386453867386,143.254934897369,1.03565601267816,152.520744519118,25.5063038729939,6.53560796379385,medium,6.73783595930083
64.7502159089893,83.2520057170748,1.01084628295469,155.706301137246,41.794154498649,6.71833804311027,soft,15.6502745441711
85.1968120188765,125.928939623299,0.858310575467843,154.214066339938,26.9720494608456,-0.285331050555105,hard,21.5712695198671
107.988367259592,204.346132906551,0.809177904927892,154.963768441484,25.5265101053805,8.70280904481854,medium,13.1807629314101
184.491934900249,71.9843515750297,0.79059729579843,152.155077832933,37.3234616907838,-0.333730330372251,hard,58.0245573316564
98.37971169305,221.792432772323,0.919975763424062,161.344135443685,49.4608391135133,-1.04470174843236,hard,17.689545137117
86.1200922659762,121.398173683876,0.905049907962084,150.49492170752,33.8491694395097,8.71630971773234,soft,18.6061402133547
110.653313117337,136.234598377498,0.960861583625959,158.607251743796,50.4482546387118,2.96628420677576,soft,32.5487220658023
156.368602595334,34.3016293966649,1.04395155403228,153.248513341384,32.3428231316086,4.61437863382804,soft,65
115.155538482287,86.3691069742202,0.781812996034757,150.868500436555,33.8992514295262,-4.49468739696107,medium,45.672271141822
80.5913418231701,210.604001529625,0.848514366020617,153.620669190563,51.1548166046033,6.73888869398554,hard,1.62273624964156
196.588575268248,180.853915069565,0.800658130174878,157.2967121216,45.3313493547185,8.15001525299464,medium,41.5975372670575
143.894288528849,196.721266825841,0.855077089497173,156.990600555549,50.5531981668236,3.83460671495105,medium,33.4649768351564
189.607442481223,190.95489782983,0.835123258682138,159.040148461372,26.6206471815029,-4.04479695766158,medium,52.8132560453371
74.9589715909662,97.5494318088483,0.82383965844608,152.668797805809,31.337925418176,-4.76349903020439,soft,25.3419787401267
104.26285342213,85.6450263287525,0.760458505371442,164.081414904613,38.2859283514183,5.0612890676908,medium,28.010363313412
199.383136402267,102.552727167121,0.955432006917837,159.052722879301,47.3680356208807,4.88390481409546,hard,59.4377996203752
92.9486612297099,113.436260401348,0.926588676709702,158.655877913047,52.7463325089076,-2.98146927315695,soft,32.9553817637542
60.4031280977894,110.337632142932,0.83959247358246,159.533592101129,32.7152598411327,0.049423469457933,soft,12.9413815320728
179.712519208362,240.462799573399,1.02271539588228,154.50522695967,27.0153405389903,-1.98443403212332,medium,52.0445115682415
102.399599421502,166.14299723388,0.789868375336366,150.679083185484,30.4697048482353,0.57755756878197,soft,21.035926314428
100.224942828037,115.414233197668,0.816232686636669,164.530138166878,49.6628086547973,5.5616719731745,hard,23.2957545109044
185.479294445374,179.236102453954,0.873935466302671,150.254788965483,28.3491300522274,5.80197984859419,medium,42.3464821306716
73.6130827889578,117.653910291641,1.00996346935438,155.660903600679,51.6161509606272,-0.17974126809804,hard,19.4567858009801
175.758512076501,129.003763452581,0.897184853723704,161.004561204557,37.0165719277129,2.94887411666998,medium,50.1302427905948
67.1909488256971,105.56718519918,1.044565542757,155.558580181759,42.7293738735143,1.11315762265549,medium,14.6756250850138
139.661439608614,241.513086548011,0.78796388434718,153.795240357796,54.2494456239847,0.849751182151179,soft,28.9507119471135
197.396952159081,231.382984284748,0.834516927327705,162.759330279412,39.0296318328888,3.32183924494158,medium,43.855706228351
61.895557300322,112.533441069901,1.04769463985223,159.280674903944,24.4901172634106,-4.86533370407368,soft,22.3152665173254
157.148657046546,122.530409152379,0.962853672945518,161.022264820173,22.0162047105928,8.91365658267319,soft,48.3522473612424
76.9718586086416,97.8192743456055,1.00040389692385,153.122950794549,26.252360417774,0.263084598420579,soft,28.6091375223611
109.392156759728,109.126007154469,0.975922212025918,155.719183480867,26.922493679095,5.26784714437881,soft,33.2744849842604
143.705093002798,57.9222648938064,0.898913705950043,164.760048576789,24.2459131135182,-0.672727238762655,hard,60.4426528936611
131.508653713575,60.7002607638419,0.790637703107914,152.516359484402,45.9069774848416,5.7096539728231,hard,43.4076122909185
97.178125933279,35.9516813034966,0.903156302163942,159.133366049402,45.2840100156311,6.69017530794272,hard,48.6024556711885
184.527636325423,233.66999870809,0.988730907436321,156.889847079478,29.8938516348267,5.93305404073101,medium,41.2852114560295
132.227047787066,158.643648040551,0.986152209025329,161.111262414799,47.5614613637021,-2.38170970763872,hard,39.0092621877082
116.365046173906,239.684778545822,0.910434453346674,162.642464560153,48.0236976975536,-0.23572935980267,soft,23.1272298968572
63.2490339568798,233.453121697493,0.794625810922968,154.339373115525,52.508205172549,5.13784335091353,hard,0
110.379672630603,241.03893995832,0.760711159479232,150.031727687694,36.1035325988728,2.26247986546928,soft,13.7256616758275
197.153019968156,163.734791641859,0.857888677955716,160.207785119558,26.1502752325869,4.34546798821304,soft,46.760296290796
168.900090979501,143.234705425019,0.858459505763924,156.444862051502,37.2037104894634,0.171954595831919,hard,47.8297785299817
133.549691076993,202.498720627118,0.912786073259671,158.63352469978,42.8860709091794,-3.72094920553122,soft,35.7442454199141
168.96116979033,135.629343609141,1.0002837625532,156.333728499108,22.8136413665791,-1.87289980489916,soft,62.0337312507719
97.0912363158618,221.117875045175,0.9636885348518,155.432294259867,23.9241227395925,-1.97558725399069,soft,19.8057696115923
90.5459632474787,240.183225754896,0.993988552054835,154.978459785549,45.0851020810957,6.38992281887773,soft,10.7146295262443
120.920001087225,192.257874654317,0.917952529628769,162.642450322632,27.534495121536,-2.26259969723247,medium,28.3657282216862
109.083429995389,239.941553168008,0.897682156769085,164.39637323738,24.9255257781348,3.12908480641673,medium,13.3584747875985
105.719674059109,79.0006251356385,0.99941706741261,154.02690112792,22.5441889442806,5.26280355380536,medium,44.3478544227167
157.195616152419,233.953869588206,0.938136136340341,163.918553371839,43.5350515784327,7.4246276280478,medium,27.7816733453102
149.256665042182,216.140085269871,0.857584793323708,154.347179303969,40.9143828916696,-1.05404749249881,soft,38.9878237578703
201.851213757673,144.117994468004,0.768949376363435,164.77651392059,52.4160851114106,9.04627954365357,medium,39.8150174924386
158.852768717381,25.8112848019524,0.954674547140175,156.198142937354,54.7143897755485,6.5623641664753,medium,65
152.680799014775,136.330276221556,0.750215950651959,162.814840103128,30.9754456914331,6.24842539579414,medium,35.799284713509
63.5748514609259,174.682030076508,0.894599981517518,154.624115752497,35.4870653069379,-4.93816494024274,hard,13.9898297444711
174.908033296369,125.87510959426,0.758126311266192,161.378503837661,31.6514727912301,-2.52580077847909,soft,54.768543116243
184.224031587237,59.4772777923777,1.03818923458785,158.035981444593,26.289091239869,5.63806849621031,soft,65
63.3808081223359,217.141798442693,1.02775519468327,157.045167132124,38.6454536895519,7.12737169065232,medium,0.461483807628674
70.8887808834227,141.20301177217,0.950115103077661,161.582886560502,29.1162484967504,-0.351118528209,soft,13.6990464814599
201.841997152215,196.569064240375,0.86631904458896,156.959521896933,49.9336102493814,-3.24708091341219,medium,56.3023178491506
155.740256022641,95.6236214996464,0.868304585586187,159.057937649616,51.7144423808964,-3.62784087402269,hard,59.2045962785603
173.297470064151,56.8060692331465,0.965271764700671,151.505889388547,38.2655520268793,6.45047159501844,medium,65
152.608303713288,97.8212649377714,0.909006661501182,150.254469104649,50.0660030296915,-2.29448038259708,medium,60.8041854282805
151.195421804905,57.9146640372329,0.958969012047688,153.991058949643,36.1234928405612,6.26819419899675,hard,60.698240173257
99.7410394781319,215.73750783664,0.954967728966263,153.597894218464,32.6173914159226,9.880549108385,soft,13.0415818828955
96.7603042707961,175.738408520624,0.806716355228347,153.056543699599,25.6341795413589,3.5000574462216,hard,18.5014884828457
187.535313932041,212.551860151287,0.823983671307448,151.699723240266,38.2094446553673,4.24657258134661,medium,39.541055135167
159.543889755028,233.224541753384,1.01522454431797,151.738235613049,40.4470435472926,2.90557460541037,medium,38.3958183833127
63.2783127559177,205.138523184832,0.778686712651588,161.66640791663,46.8862393440892,9.80501515728296,soft,0
111.401023229035,91.3318582525712,0.778120659600583,152.478474280396,43.2436312803625,5.7813221089069,medium,31.1617763680467
152.763996114041,73.9701588879078,0.802941538158343,163.709251287418,27.9809837051158,8.18282542463913,hard,44.3243434905139
169.967308095899,228.982959178213,1.04871446742047,158.993774518633,29.2649437000393,-0.720351262680747,soft,52.3165673366831
128.507797960724,106.468771564789,0.888336262369556,151.488351044784,40.8536587054936,-1.58206547417081,hard,46.1387459934003
207.376279566996,173.033387064609,0.976457026599076,156.32834947416,46.601497875542,-1.6496439549691,hard,62.3228055155123
185.329915064042,230.244416186033,0.94292385789325,162.654224205178,24.3709830447493,2.33088016837883,medium,44.6763371078655
149.023201290851,46.1923823550331,0.850529642514347,152.476288327239,40.7720335887166,-4.83560499624893,hard,65
181.301809025599,184.196701294989,1.04689927415878,156.735310717109,51.8939553395125,2.85059967061642,soft,59.3404711073198
85.7553355856022,224.510804451521,0.75966114592593,156.315042295467,40.4539825205184,9.90748103298678,soft,1.56966391384925
108.404070127043,138.220531266289,0.805724900676515,162.33627175862,30.0505641443537,5.80684859848877,soft,18.6317162562607
177.091875210858,49.5607107491435,0.949180566998057,157.253174119335,29.6938363226005,-3.87343230038514,hard,65
153.602019322537,38.4860141605316,0.750352290723314,154.477839016351,52.1719881676054,-0.55675387905448,hard,54.5436929224734
166.025493396774,232.311057674521,0.916900869168677,160.382367673387,21.1787897608379,8.99809405994527,hard,29.3065820144479
108.66180338569,30.0571883272909,0.853425793070723,162.672729323364,34.1168909186908,-1.55604683412171,hard,62.8698807258734
107.384372009665,52.8871936997669,0.835498279589257,150.878595183343,24.8639314538445,-1.67364060126305,soft,55.3759069727549
207.510607018287,70.2247515930812,0.774847347696936,161.036925675286,51.5674170600576,7.84255682819352,hard,48.8321100501165
194.082005250216,112.209242476829,0.995909296933724,156.711519537167,52.2703887069132,1.54314621620032,hard,65
146.241258434943,45.5539686837418,1.02413222842779,159.694175657485,26.5440562097308,8.8184074953244,medium,65
152.174883654128,121.47638482219,1.01173065299027,164.846657509909,31.7312805147938,8.20218529677349,soft,53.2439838393165
71.1026323054776,166.891768975874,0.88097460079284,159.325003934958,49.7003008016826,3.44895677183231,hard,9.89546097956366
94.5192867212637,83.9265848797624,1.03139128185468,155.061469802384,25.6639886121935,-3.45845371374538,soft,45.273636329991
96.4550110786389,225.967103981092,0.876052661268929,157.304163030048,29.9577456823112,7.62097928891371,soft,9.3799145610118
153.635222005352,196.63458622813,0.779714352849758,160.007869731056,30.5122024592326,0.576977950260558,medium,33.4604927062245
90.3086603813136,163.657955400699,0.877578803760944,155.315571873429,41.7772653136955,-0.14480627505376,hard,20.3815160654545
137.801808976525,247.909852972331,0.904393137051564,153.040194102875,27.2546756351137,4.57617441926538,soft,25.8438645758635
95.7635575847769,134.535442930683,0.806726973811051,159.166021375357,49.229278261451,4.5172883585951,medium,20.2777256573233
147.837412346272,21.8601293502382,0.856406917967794,157.971996713352,48.2219913510583,4.55505133427291,soft,65
164.368485811154,232.14340999031,0.915663177255499,154.893211469229,51.3209972589565,8.7921791122915,medium,29.9924132733467
111.404001635792,207.051260323563,0.812042935327416,162.692687859815,43.7518676336298,-0.0261484045952107,medium,19.6186194802945
99.172381583425,53.8010996918906,0.928952098860048,154.517274166964,47.582895923904,8.55348941560638,soft,45.2325001389894
135.789616873525,219.559066143439,1.03680816697363,150.440710363817,33.4170979702084,-1.9640810986732,hard,29.5671453729308
159.840565685642,28.2002128892809,0.76757488031208,150.876950173836,21.6103409389278,3.29537607696604,hard,60.4893195543263
175.480831870614,31.6218908944935,0.998122974463135,160.826126689693,52.9477618343096,-0.54571412652018,soft,65
175.631062359589,75.2308664898467,0.901496151529289,151.544928185123,28.5511187741455,9.2254149967456,soft,56.5739761547998
132.079358039233,162.410375089261,0.861070418497876,155.268663137971,29.3758323777773,4.70145126662827,medium,32.0115590725901
102.315005373483,111.517267281889,0.776027034930289,151.290997456944,30.7705859430499,7.72994132632433,hard,17.0458755859039
62.5860964617118,190.656355535282,0.931668217203198,159.419606915234,25.2398661242585,4.57699090221988,medium,6.40281631593196
163.471234043578,194.313715167917,0.792964572020814,163.894511778942,52.9027809840423,1.65375231228033,medium,37.1136963695668
89.559533210658,23.6339792506731,1.03662969896239,158.069832492084,37.2313414385968,6.22525566216063,medium,62.8574552741331
108.170246733497,139.941004009855,0.850613485031046,157.302648478582,27.7307878770714,0.662667280205826,soft,31.7512480126498
90.5469707721122,115.375801467623,0.778325234378005,151.05606684193,48.6964236937945,6.15962295702518,medium,19.9229607297536
145.672003380297,25.467852377725,0.913125424827182,157.958428017103,24.9036711513473,7.21668758698425,medium,65
165.987840851969,107.972805373341,0.811231007480608,157.217956052417,40.4873705117618,8.62585192170987,medium,49.0706612765031
67.3750454913611,65.7675472082635,0.823958513022205,155.718051805278,40.4991734994541,-1.12369029915814,soft,26.3955950506834
145.077030878319,111.30985654604,0.92225512152306,152.311424361064,25.5300618028268,0.335857459703899,soft,52.7033616676358
88.010378007983,44.1024392809402,0.762639100167115,162.762544841946,25.6390381519343,-2.05468589640078,medium,47.7215418173709
125.747048994866,76.2418883414192,0.906050526428125,154.097138583775,47.1417504934032,6.25817605946865,soft,48.2467033003584
169.966558920125,168.741367584565,0.936510135333228,154.903134770061,39.0620525836297,1.65462094421306,medium,49.2806995448537
180.770466793717,105.041908271579,0.924225706383279,151.498299817627,45.2029061284168,8.69025554767565,hard,52.607023342247
173.277291947433,117.17171204011,0.902343060200885,160.459944951871,28.0508866398817,-3.17678227829988,hard,59.1013409555045
90.9713020974554,127.170730696402,0.960584439510252,151.312865314593,49.04387609644,4.06623993614734,soft,25.3129813472773
141.19432373087,57.7998996187003,0.872099930053734,164.972197858166,36.7858306935451,3.96627431067805,hard,53.3655024321826
175.632238129956,195.486097183321,0.779048346981064,156.297214588214,42.4797396989286,-3.16310932129433,hard,41.9297436961367
160.634048079635,235.451292282629,0.826027356286104,163.26889457116,22.3194547321005,0.220076879641771,hard,32.1577438901505
141.232867695843,180.42076803383,0.985436121920904,160.308196554413,33.4955102314375,-3.08387439516791,soft,44.5765984710982
204.097558104118,143.970034314814,0.917922337461367,155.297017741612,26.9160309902179,7.03051802564813,medium,53.8086261801957
107.826991095609,148.05879679903,0.891861328972423,152.961885918307,36.6159528101137,-3.61930756064215,soft,36.454644003451
145.519561982973,171.46956349667,0.946120747750491,155.0114077675,47.3420648674606,0.217742199102976,medium,40.478330378616
121.426593553203,59.5353060710063,0.878001338599627,156.471625120139,47.4875739065101,-3.37601078002325,soft,65
145.656231330665,178.861300967534,0.967819778342319,158.129559376775,33.556193032718,2.30308736034366,soft,41.0789815633357
120.902327581924,25.1939969261917,0.842156944358981,153.399688287339,38.6314716110151,-0.305369220235641,soft,65
198.378833226621,249.7561538159,0.828087816869598,163.320575933161,29.3557481516743,-4.3185757375607,hard,45.5253912347354
100.714508429755,49.2272185904034,1.01775491393437,153.897946898853,37.0796143657645,9.00938601801635,hard,45.9500773987441
121.301574941523,59.5381427069694,1.01684173701686,151.252053821426,42.9770629875623,6.96640776819928,medium,57.3266554999973
125.240599656067,83.8936054944934,0.811530927605108,153.221552743905,41.3190807775714,3.79364626678859,medium,43.1495942365999
182.777356411762,151.318708823061,1.03066338656848,158.422102871563,21.3177583123699,-0.586308521674839,hard,64.5717291945985
75.5435919808814,43.4442971699076,0.878950371777367,159.9363316712,41.3442521884443,-0.865336406600404,medium,42.9085555282584
201.759644024907,94.3608473574563,0.770171503959091,158.406176923938,36.8274228714739,3.95860557932917,medium,51.6627219439897
169.939602142069,135.060345510074,1.0309596544399,160.46615021956,51.1058063018942,2.55963995590766,soft,61.2044304427797
72.6301030625571,42.814188330757,0.963750743225167,152.942186358981,30.8649842518166,1.37415728556069,medium,40.1017180003844
133.707807323622,212.871686315782,1.03644914461957,159.452447227573,36.6413301025637,3.44946235776277,hard,30.2317556058946
79.4144560481733,171.558357737466,0.829461729358525,161.747091536437,53.4489649068505,-3.01169730202151,soft,18.1080985119913
176.10206453997,191.673524583393,0.930628786151752,156.911579358149,42.0154849455293,-3.55309531290004,soft,56.3453741138149
73.5797902552568,94.1736913404013,1.02640418969902,159.300187176988,23.7596090757855,-4.16896523580783,medium,30.7619225495785
200.668698436058,120.17948822327,0.852385692405907,158.068142332014,29.9755787685155,-1.76348971578695,hard,59.6516148340312
106.967030729466,248.543279010297,0.928724273067516,159.577629255793,36.3267855855049,0.465657533550852,medium,17.077858381171
189.255669587355,240.356132374324,0.926150504353291,152.857859412817,53.3144913071735,-3.16185055635994,soft,49.9880680971064
130.040163249575,159.127300647006,0.762285261949537,163.606413866506,23.6572470620733,-2.43569759972717,soft,30.6384167602633
189.68504419275,173.266778465609,0.996848416925291,156.13276944719,42.0221562948302,-3.65486778751848,hard,58.0876822434687
183.947145222606,213.217153466625,0.911373295403887,150.482872633544,21.6301964335624,-1.97663106559076,soft,47.2141927805495
86.0483905077199,49.7919660314625,0.892688402545364,155.874530967136,44.7141141608202,-2.11042703754394,medium,47.3988642032701
198.902327597363,31.0731163607036,0.897283933157122,160.102588016851,39.9092831044422,-0.688503165455928,medium,65
171.766917810907,240.978783727848,0.796180762599856,158.502529428968,36.7569003648845,9.6634215035088,hard,23.9244204164244
128.418253981475,206.522083442892,0.930606564667955,159.163671628759,21.1298266890488,-2.24859643887865,soft,30.940473852304
79.7336191706908,80.3736831302044,0.760858855367131,152.031981119656,23.9361074967617,-4.90211098496363,hard,25.547260906505
163.279647705031,224.482782450988,1.03414556285207,159.844736782826,24.0333005041578,7.52588474977071,medium,37.8916730630951
176.458005366115,239.865085511605,1.04057037054065,163.728758410334,51.3972743945625,8.6081395986592,soft,39.4871294904837
113.077422839231,182.330961971769,0.798547258340059,150.36755115543,20.0137163406385,-3.6738475152129,soft,26.4967958602196
90.1971866321093,221.830141740821,0.817871519745995,155.781773174049,43.9142008139417,-2.25127204547667,hard,14.4137734980027
148.820045558362,162.33979764347,0.828321723016387,156.646963960717,26.3180525966772,8.03889112524817,soft,33.4579612061842
176.03556491817,101.804986532122,0.953835018472245,157.144193296488,52.9120587659328,-1.63728798829343,medium,65
176.072837656816,185.687512932271,0.75015014869387,157.624704817591,31.1029068325349,1.11107335807422,medium,40.3468751896692
198.313086678633,239.470989325242,0.81637421821221,160.781178877618,26.6883881058481,-0.86210591627474,soft,49.7020311222196
206.628065362505,243.617095036819,1.02849870723815,155.198247560391,24.9430708347666,8.035153097843,medium,46.38547634592
170.516590496574,80.3608276179719,0.87082432778285,156.544245150075,36.9869510528933,7.5279784080065,medium,55.2036961346489
143.254519344656,114.872075669241,0.871080122998099,150.076508127128,48.0068994271388,0.0272769466257152,medium,44.1085118026346
174.666038282761,96.9381966882971,0.974052506630431,156.621809719805,42.9521123139987,9.65349650844749,medium,57.106593475416
103.175546542385,89.5343677295771,0.95596924782487,156.101246394465,43.118595287269,-3.41698595965878,hard,45.2423314305517
187.883376846372,77.392694901193,1.02150127330953,153.585824330632,39.797513437144,6.14476520298048,medium,65
64.0438857245356,105.680621023999,0.950551915342104,162.860376403083,34.3463961582431,8.53447264144032,hard,5.2540942238856
189.589703533649,21.8158487180101,0.83675961193356,158.244407036796,46.8267326594631,3.17817939669123,hard,61.0487445984861
74.7880703771245,50.9113365631758,0.850217996796484,159.017659202393,48.0417674288654,2.41074241243785,hard,31.4978732612794
127.489373735023,69.7380412972527,0.890140488244196,158.146157903676,48.3092971761354,8.79628533738918,medium,44.1899716650671
167.377068303711,107.887375467315,0.782278780060223,155.317246888869,37.8456259244222,3.6151021014189,soft,49.5316153255622
173.498668974059,71.6312669311728,0.834279209963354,155.882871153807,48.9143548627095,8.91742524585372,medium,52.5479504438853
75.4940905650098,88.199994730005,1.02779511368282,152.239109517313,51.1253352144646,8.42099433488217,soft,22.7276862984993
172.228231876023,210.146313465055,0.877475561206974,158.84988878354,37.3717427905257,8.39412071173006,soft,35.6112002124665
64.4729703111891,122.052571877665,1.04568404829678,151.053422200985,38.813199308758,-0.757464536718268,medium,15.5273885518593
185.64381725923,192.720114271041,0.830044386825396,153.766559051775,29.276745841945,7.46446004379492,hard,35.8658573619735
105.289497694716,177.301421174494,0.778382266004897,164.166629507189,48.5958290619057,4.52131579341214,soft,16.8963230177058
147.24262719386,167.178483939932,1.01782251204237,159.546197001295,52.2972899044818,6.01024182848951,medium,40.9661899765961
183.659703847469,118.355468015292,1.04770846658416,153.884383112805,41.8103118696693,6.04687992689441,hard,61.216559415253
163.617188353207,63.970666170983,0.982590139767211,155.640598295533,27.0933290352354,8.74537336137659,medium,60.5129076829911
206.244271242497,107.13496950108,0.837917621505371,163.714563413588,53.7682313786631,7.55660674559466,hard,49.0402670948727
98.4766041626635,155.865355901791,0.842589933761363,159.799294724716,48.2172612213047,2.4857071555302,hard,19.8273057984632
151.389885184012,89.538028702845,1.00140334596636,150.054514822744,38.7136029457123,-3.79397369324308,hard,65
183.135259857615,216.827903267322,0.805042942044693,164.068635174033,33.6762142635848,-0.576513680265157,medium,42.2498293588525
205.771261780645,38.6234047431851,0.779922405815547,156.811155194167,21.9129587972888,-3.34989203759006,soft,65
195.36426337606,218.509069670986,0.999262307233283,163.971317934181,25.7704786250452,3.23085942361002,hard,47.5723957380322
129.727242740998,36.8349982797264,0.879314614657615,152.36492252095,37.3027409826233,-2.52106732784048,medium,65
112.10642378915,212.144636850303,0.770973699964923,162.62453632324,39.4021467463855,1.82307402300375,soft,19.22344467534
70.1855575273792,240.702774584783,0.879991454113203,154.488727878001,34.3314701969564,-4.04831860650885,hard,10.9668060092883
174.496910212754,132.518356012181,0.965133777559382,162.427182641536,20.6687961435597,9.15662089811658,medium,48.7337608806464
63.2206067392822,206.768298420991,0.988659914643102,164.221588091991,21.660642785489,4.35617801401287,soft,0.878730378080358
174.523205458446,61.8392052214478,1.02471742630584,151.525626557177,41.4144810622108,0.745704099711688,medium,65
207.501294810407,48.015434964465,0.889434885277509,158.269125310436,27.2325524440384,7.21340709693241,hard,62.0934928315208
165.828926062017,178.672095320639,0.787641763577711,154.795966859375,31.5277040131255,-0.0121424307686695,soft,44.1208824498291
64.6330881465556,244.404261776439,0.886092520246545,164.495320716582,29.4929356828942,5.84887558595576,soft,2.23974823873527
139.957343733387,60.770298886758,0.818341252792777,157.090082851995,41.7785860959902,-4.8886250652759,hard,56.5439147684347
169.985303255763,111.123665994247,0.867492604926916,160.172396871817,36.4558841088846,3.04602298888559,medium,50.9009817316349
196.326936774485,33.5903637332479,0.977702637337913,150.129431815603,44.2345869608703,3.08416479485217,hard,65
184.270176618389,77.6536157139684,0.91744345874935,160.5498648069,44.1999617571367,0.0823906578686025,hard,65
187.418154225941,46.8365428839167,0.929498307638988,160.070302132131,24.0811795305779,8.9161036644564,medium,65
162.809196843152,236.487201283961,1.03847940244083,162.869033139374,50.4573430912282,-4.36099235654278,soft,49.5985672476811
63.7775357740457,212.158243234077,0.795318951814911,162.586915176459,20.0214080353621,9.14685743324994,medium,0
171.834216582335,166.912099994679,1.00550992008565,152.970858784518,20.9730517537075,2.22534696225644,medium,48.2990094418359
111.419376430577,104.967864033428,0.797148005627093,155.824273441274,26.8070247084325,1.88023680953396,soft,33.5384356116657
141.926167621814,123.346348615103,0.948665094307393,160.21091102444,45.7605813563028,3.02923415447011,medium,44.2972372554508
205.023112862008,97.7673608670164,0.924914018748021,150.021813141768,28.8516530218845,4.43590371002392,medium,63.5571425177669
63.5442479491052,243.742988469052,1.02747918418214,154.938700338614,30.7523191180744,2.08933422548376,medium,6.765311289044
151.772088661685,107.209728436805,0.948361288527254,155.363132367711,30.3491212878962,6.24016477868486,soft,52.8945276424574
207.783398085391,234.064375622095,0.916132677589234,161.991383243931,50.1781063286058,-0.106680003690995,hard,48.2202295782032
68.0799133033621,89.9760687270888,1.03816091412402,159.619554766708,42.6948664874112,1.14345296135539,soft,21.5948048253263
91.1135108931763,220.562417707904,0.900333105254079,163.417303784452,52.1343154938063,6.52993631071404,medium,10.497701779705
191.493439512583,236.304775927726,0.852226771137712,155.8279196632,36.4365052949492,8.76351500582143,medium,35.5488759551176
65.3436449037249,115.408896968962,0.984447730756098,160.018182210699,26.9531373096238,2.23021150383042,hard,15.738134890903
86.3207008639446,108.638379802724,0.871267701547567,156.424804508535,30.3545482308574,2.83597364673778,soft,23.7006290601556
171.643133160716,185.288024759618,0.922873447121997,162.415271861935,20.5629821326215,-2.90794313754691,hard,48.6253856306484
108.573452964266,173.134349206094,0.813746072329017,159.456275518693,45.9743866088118,4.02417916397539,hard,17.7025965927914
95.7826259622629,152.636784207124,0.920979216164534,163.107139067622,33.5974055840254,-0.885369231389683,soft,26.8291450859566
145.960444750922,21.8720796679772,0.983233841984978,158.824462854164,35.8020833527186,1.58194761375135,medium,65
188.846108603564,59.2315453440398,0.750779635499378,156.129490237749,44.6177670266087,-1.66002434409678,soft,60.4229730454342
151.821450836151,115.707991262907,0.995224884637456,160.822494723139,54.2910543467088,8.75301575596643,medium,50.9895211480673
188.78334902575,97.3780631919436,0.944743563693178,153.64130732798,21.8205300859464,-4.32226530370239,soft,65
61.1956801889821,150.108187081139,0.870512633730738,154.667454354174,31.0001538172477,-3.3812592319002,soft,13.675198625205
191.752959270548,129.309628826275,1.02879468541014,162.646915892239,51.6868740191424,2.72167291685965,medium,64.2093302754341
65.3326469163413,192.312395458585,0.933682444750383,160.517644992628,52.4513854889918,-3.70508494148688,soft,13.8289812687613
77.0625197505501,116.610476543398,0.949050008142332,157.521660583414,34.2016570734764,7.67776638334293,medium,10.2272015184311
79.068966771686,240.71922716161,0.936237283495473,161.144502158157,44.0762047346921,8.33327957956796,soft,6.03476362521881
114.279726274174,166.126736438577,0.962971242273669,152.423742753391,39.7165272704172,-2.08247092895272,medium,32.6300294887578
77.805924365542,162.116135544738,0.974806450462703,152.988978853176,28.7975117291749,7.96904308814792,medium,6.46295926223666
97.8436349194553,179.648127460068,0.929183687772493,162.210640108994,33.9561456623666,5.07870154868397,hard,11.5577081925697
191.690286866818,108.463478694306,0.892066655153126,153.544565631021,24.6683883358916,0.525160060749395,hard,59.433889874974
168.135193617924,90.3088573293448,0.928407218915443,152.11005767538,37.0742207417414,5.38549419284164,hard,55.1211805636758
102.081291398262,124.355756541371,0.922000859607113,158.315623118887,26.6179452987393,-2.16842303155945,soft,31.8365461993414
119.134531938049,175.046538333257,0.860654829340653,164.593576350037,26.4601843409782,9.20414353118785,medium,22.758106395789
68.1804494806914,54.8775771406246,0.750579180995056,153.146768043089,37.4712449524595,5.70966856112716,hard,15.6179740366364
73.5033425145494,211.156686726547,1.04579428036009,163.10787955754,26.4975860221362,1.80793872038555,soft,13.9794850235723
166.887082784527,95.0924207052324,0.912015900339123,161.511126695618,34.2310692400589,1.65097963912448,soft,63.1311462599372
106.889108117855,181.814913665849,0.769811949576326,154.681341009541,52.5252606819644,0.676807551754363,soft,11.9257263366514
89.1965589733125,61.0163915848796,0.857558259134,164.099714405822,43.3064815810519,-4.14753978273341,soft,44.550251557209
142.413627101746,155.326629478927,0.890336134830506,164.66974115415,51.1033537441512,-0.88659738458932,soft,41.3508230501868
166.643185946906,50.1580767440969,1.01066270258689,152.26021391721,35.4051514050186,0.701044395772766,hard,65
115.637842858514,87.0113000233378,1.0156212668622,154.733397967539,49.1673221994523,4.8441200499921,medium,43.2173203659587
176.425542286031,149.757936204821,0.81566272870059,157.075491302071,49.721358321274,9.4956326134393,medium,40.661873107128
176.260033121609,188.196621747956,0.781747782846671,163.213232031354,35.0715918601387,3.09747224343836,hard,35.9135594249331
76.5365218514904,145.231769805017,0.909730833112216,154.251513642988,48.5243074546097,0.627627328454753,medium,15.7984836846362
145.230241307956,30.2088601058317,1.00691185475087,153.679759256549,52.6270221067659,9.54433511313025,medium,65
121.838808816513,165.841749073211,0.937637425618541,161.530991041713,54.4384158261422,0.0905207800777825,hard,31.4922002791582
129.895133331056,156.092360601865,1.03078488060594,164.997981609644,20.5169045214416,2.27197683249162,hard,35.4530721294538
109.46260369505,45.7133387189539,0.883905113170369,157.499776433465,27.357950310979,-4.92414628266814,medium,63.0618662604161
201.161482014698,141.461666569351,0.769442710418982,163.499914361931,36.9558328415793,-0.77888225632604,hard,50.0933201459817
152.025601056927,70.0921675319221,0.884517547967874,163.971040635041,47.561644281341,2.182619682737,hard,56.0744043317056
196.921584306389,215.520985916414,0.867497064494011,153.63613063428,24.0107304020762,1.45891555762276,soft,46.6389158703206
157.16053656417,184.760442583271,1.02472881060424,152.820228214952,28.1478751210683,7.69646069901757,soft,41.677087565018
125.734813062894,66.6145972849599,0.953784690977585,156.976767481117,26.9389027744068,7.3141767048574,medium,49.6099810934585
174.106400512716,45.2293000755407,0.968141902793896,156.80352891875,45.6149793835786,3.93078311442099,medium,65
65.1398039167703,239.316371870217,0.770619044507786,153.36019779498,52.1641975850931,-4.29664510836453,soft,9.08585695086013
165.349497660492,77.1081527447921,0.924652667940986,156.342445069149,37.8110866807653,0.26027234591378,soft,65
96.5840953030614,210.310511455414,0.814204555080502,150.188149939843,48.1946977590037,-4.91723525720364,hard,21.6163088510515
101.254370276159,119.838913221906,0.992117509922429,150.850901238117,22.1817262377388,-1.11512191004312,medium,35.0657309344173
131.997209910653,106.041255848315,0.807989335106361,152.19436069806,33.7832021377567,8.08884762326038,hard,37.3024379613054
82.4422689262631,58.8848830566581,0.751811224342746,152.148066549133,44.2464365530562,6.45372286449782,hard,24.5036415922398
60.1505085730841,41.6895118741656,0.774382932521408,158.627648299592,38.1208383001041,-4.18975076906243,soft,31.349961600589
191.712006407933,186.910987620004,0.754432740674937,155.073411938086,22.8496892427947,-4.71396666330964,soft,48.9031361163006
155.805966525384,118.902425655598,0.752916780399628,150.940050383014,25.0217390884498,-4.7533077517938,hard,51.0008623666288
83.2686861016519,177.256451372987,0.80908648816198,150.188834855019,34.1318718892503,-3.54329234087954,hard,18.3306001014833
120.156009995868,185.861546886388,0.833131348058501,153.920167036241,25.860393074234,9.10015764870321,medium,17.320467495166
135.033770476881,169.250319380498,0.849605099004076,154.931749427393,23.8259066239872,8.7839490340139,soft,28.73321897754
115.196014949506,88.4533544854017,0.997114924479015,161.585509955675,26.0169147467432,-4.94032391082532,soft,59.3600269013318
131.845157327285,38.5892285931916,0.897136421155054,152.495478671671,51.0681213445832,8.36663142624167,soft,63.7807724466679
126.853516862762,54.7167101294079,0.848938006301681,154.276837665765,31.3239622652845,-2.57399079360466,hard,56.4914523282558
102.936176792485,146.048771550893,0.976708581804959,164.274919506093,41.9625782131612,-4.94871994878834,hard,30.5362458998239
62.5146118615253,205.517184442268,0.859834886276327,153.598099037845,33.803694056322,-3.01750105417759,soft,7.55141710730455
107.726996861527,85.9525798608808,0.75474769796819,158.99901813707,33.1294269833282,6.90023178267591,medium,29.4461261416099
152.543156600706,80.3699318919592,0.964725104126788,164.320974679074,53.3251065383213,-2.8917557923775,soft,65
177.099798891361,89.6345288258054,0.789855312928033,159.359463671699,21.6543797000446,-0.239463229263178,hard,50.2400445763841
92.6027776528579,225.251500793741,0.928536023551974,162.88591401797,45.4850979846952,6.59483499569863,hard,7.73176390714589
68.184098753315,180.64377584987,0.837717887413002,155.384803831513,33.3934251648889,9.81173188921312,hard,0
153.889765951161,60.4622204901417,1.00157519378471,156.677642555885,49.1882514975385,-4.29933695151225,hard,65
83.1923255004734,186.660213682155,0.780267884943067,151.518326302164,49.5606522167647,1.27409612506512,medium,11.3614175198194
68.6043428713778,133.149980758087,0.913230412496745,155.691149954808,53.3891146855369,0.359244730614688,hard,11.7855713892219
156.82950259093,134.9996034643,0.923041775840475,157.271525492167,25.6794989965552,-4.95606302199044,hard,54.1467782861994
95.6597519884414,34.8760149283761,0.934485056687185,154.283903266105,49.4421790541259,7.61759749967523,medium,50.8350060367417
209.86548749447,130.992585100583,1.03319520851889,160.662458517439,47.6829327987748,-4.02494784775726,soft,65
140.883604608405,213.460562480795,0.965126336764885,156.098007663945,28.5714725694489,6.59984845664453,medium,28.876430263787
189.634923546423,178.70176936326,1.02268553167379,159.682591326885,31.4482990324702,0.193875788766519,hard,58.0457874959973
99.0349098556136,135.44702182366,1.0101859090388,157.056017949046,52.4700336769073,9.92820906917464,hard,16.2963601185414
108.004486400026,146.309123381587,0.952704693444325,154.477370507932,31.4329813739524,-4.15559290099742,soft,37.4999299033848
145.128291387438,63.6282705990608,1.04359887695658,152.718194798395,29.3611814392767,-2.04044215154583,soft,65
95.3844032227628,172.467758471233,1.03157466117046,160.694854046989,38.9312027531994,-0.171669832311283,medium,22.5842484940602
71.642318187404,225.860060005966,0.989599694009187,153.892814776705,43.8344383142884,-4.82589765027561,medium,16.0645782301532
208.909059589561,123.519167646506,0.753445756117613,151.514738046848,33.4518013966985,6.97675277180029,hard,44.5521450735817
204.323470341779,133.58523739241,0.935372275113958,157.934368744598,23.4042247105867,4.60259604481979,medium,60.7625157196918
145.59018501132,131.692774827951,0.920097937079302,150.099123989176,38.3241875477844,8.95681817164635,medium,40.2341949024364
176.1123451385,224.749763813933,0.879699592912541,160.927920834215,20.2887252577462,-1.73343281400102,hard,41.0501738928221
129.722508157866,68.4431358246799,1.00190288497516,158.394818808358,34.3068913706436,-4.97614481061305,hard,65
124.774622925538,48.5137870125169,0.902633538727725,154.705703739588,52.9539390107773,-4.55304988799801,hard,65
64.1331491584809,111.567815196785,0.924240927641441,159.656349056136,32.33119852612,-3.28502065424972,hard,17.859444104974
72.3781072435226,54.4163018652563,0.970178995643125,151.730313811835,30.9123698245703,1.29901761014811,hard,34.369458994736
101.233128965149,50.4736358427108,0.887953490467605,150.54766904973,24.8442745012154,9.7607913111534,medium,40.5857007402163
201.587054040123,110.755247372086,1.04859701060674,160.27394502037,37.3602416055774,-4.18509713729887,soft,65
194.965302532879,94.8612788648497,0.815176226738361,153.019724838322,47.8749477256965,5.93498938600615,hard,51.8944191060362
201.637309433925,103.138476761739,0.752089844499039,158.596714571615,30.3501293024243,1.27087985608089,soft,58.2874405179465
194.639728634219,89.9605258029194,1.04443028182935,161.234361669173,29.8197768052901,-0.324418851481098,hard,65
110.218086099864,169.639314944659,0.829312158696968,151.758429273058,41.2674910813485,-4.78710981351123,medium,29.2048315405805
91.8334734597239,171.860646480818,0.976375081982628,159.894247821218,48.2912289400522,-1.20814332869772,soft,24.0905171529588
110.417146156689,232.539619497866,1.00370379857506,151.650598116854,27.2656097419761,3.71117291366371,soft,17.4781078193533
105.552958135651,176.566556840304,0.771229658077691,157.396249645748,47.7780040257317,9.16964671763903,soft,15.6173633336811
83.8023581524023,158.405930345469,1.02622323826402,159.133635114855,24.427999365366,-3.54640103831231,hard,22.7220632425567
187.782390759314,203.531719591052,0.918064477125472,154.033835279175,49.6611689916394,6.56752429989744,medium,41.6659437169515
62.5546825700485,98.6198220850513,1.02674949763453,155.946335781033,41.670811484621,7.88952770122758,soft,7.87018315701146
192.82344962256,182.378307424866,0.901178661199754,151.310226071626,34.9854505302601,6.24496715306234,soft,48.6960253808261
184.321113857688,114.49103803245,0.999075787391091,158.861571086936,36.1337153536356,8.1286677980383,medium,56.8848647713855
165.286395678075,98.3388519121667,0.969498869852425,155.56821459822,43.0418189154982,6.89248551996077,medium,58.4434522716369
62.1471429236755,219.607263446745,0.797562687778195,150.909248713868,53.108787498022,9.86145299224908,hard,0
165.312317199148,182.140173343196,0.990360822428417,153.696784044527,49.3814028658241,9.46682632161181,soft,42.1730094044432
156.48988794523,123.790285522766,0.982988261499694,158.491529574965,53.9940089066311,7.6945700702422,hard,45.393589823026
204.78920279231,114.610105091893,0.928803037253096,161.544039188969,42.9453638107545,5.90666728823946,medium,60.7442807759338
178.115006403782,123.428331002036,0.80327735054347,163.324984982404,50.0695292772149,7.90602865874378,medium,43.7401263163816
92.66233644665,147.208562629529,0.999901069455487,154.283017003236,41.2134258203962,9.97966484280406,soft,16.9099272155732
62.9867366185919,246.103712071276,0.834678740632629,153.536698758228,39.7276397578487,-3.10708670084268,soft,10.8117820835792
98.7054392334382,232.829852928809,0.988204342625361,162.635514520166,28.8944569500148,8.6596716615967,hard,6.63539435945861
179.854676612772,119.864490778664,0.803184071956843,155.000490616911,28.8650227627758,4.41574179306189,soft,51.1617452411159
192.179493857465,21.7606120500625,1.0270523704769,151.115477639734,24.1337576409425,5.52127277012391,soft,65
135.936458965767,125.178059870775,0.803534971853206,152.089772272231,35.4772206807211,5.78665925587859,hard,32.0391387887841
162.094310409118,190.126689958929,0.962199025011383,152.199550046483,25.751957096655,4.46814375291468,soft,41.8723167572581
85.2007868769618,69.5345556980004,0.938923089152617,152.92863188981,40.6864352477702,7.69501044730688,hard,27.4037991550253
124.114395901278,105.996808736955,0.85616397802782,156.787298834763,22.9261043088795,5.4551506363199,hard,33.752839497526
177.649279748067,120.729520490075,0.97935837863663,155.286546849027,29.8614906240744,8.85885393928345,medium,54.2354119897564
178.917318825499,110.178670798656,1.04172642870194,161.829306683993,40.5961536670868,9.27003137073598,medium,65
77.3284854647752,161.571950701888,0.933423953122469,158.745093199505,53.0620979042418,0.693369965235718,hard,14.7228755626167
99.4313903879406,128.048508403603,0.85532713011506,151.994826046735,51.1493423543719,1.98478882700859,hard,23.9969200982102
135.362031013121,195.594652761474,0.823475256329043,161.25601329597,26.6146841164311,2.23138734148694,medium,25.4369451203077
93.1193210302815,230.391757925457,0.949604734689398,157.115125634026,53.474151281027,-2.67227183680983,medium,17.6726226509307
180.00247268715,121.673398130684,1.04727267970371,152.553564743397,46.5709333687283,1.09887014263048,medium,65
164.459417303904,28.3790251008294,1.02742479101368,153.794700662272,49.3780116340975,-2.10087511813749,hard,65
118.000907908369,43.5238143100546,1.00254691929142,157.046806982859,40.4302438175639,1.03938952589551,hard,63.204194680534
178.008885289559,235.34920666479,0.823513190191748,153.822893571848,25.530833530549,1.20977566839897,hard,35.3968417899201
101.767158602014,59.2289191452,1.01740922898555,161.461763721613,37.7736419379404,0.253294566795671,soft,55.7703327511784
136.098625514085,68.6224715246741,0.837818817085512,153.455161962662,28.9363419811923,9.79664240159586,hard,47.3946852427839
205.932579849241,90.0349168540417,0.8227033951067,162.454086252046,43.4745147326763,4.12512761807628,medium,58.0007332680155
176.850595076589,70.9970124013573,0.894981946579256,164.951796705955,36.455738117565,-1.4577512365799,medium,65
188.449671569233,57.9515570480375,0.954241706303625,161.735832943854,44.4768381921581,1.84147348100946,soft,65
206.693010894931,51.2189607697367,0.954959372225433,156.473396851942,44.7988141535234,6.8004737554697,hard,65
72.7435885299579,27.7001260451821,0.913681681677624,162.72732559635,29.3580179584471,6.85978166422831,medium,46.4559842918406
113.537627568203,73.3972700652526,0.923080296488211,151.291609945151,41.2914897111304,-2.53290894314087,hard,53.0349723443056
118.749521142484,136.728603164218,0.805828384430471,154.353569994398,49.1396484905576,3.60584192144509,soft,29.5948672417225
102.32037956082,150.756693880398,0.754146727290498,163.282551530152,32.4517960686886,-1.00492280303148,hard,23.2903757946765
152.713091389435,137.259334808181,0.934713369020629,153.573385054075,49.5459509665269,4.47979635926923,soft,50.7768531660411
202.01719226263,168.774543170961,0.802172891256462,150.813653414824,20.1045016707077,3.71921572659689,medium,47.4461246529268
120.708583308867,243.17975429861,0.768972695002032,155.549636201493,48.2419382178088,0.458550248390858,soft,23.4968774670933
91.4951441541897,162.812366960326,0.968872802311253,155.753193575048,46.8226329705204,9.08846598472633,hard,9.66114558856445
76.2239185315116,78.1385453513333,0.992218474600718,159.866198024985,39.9496466266046,3.76074900374828,soft,28.2793439846491
183.472116030093,227.128821231894,1.03011533580054,163.84844828608,50.9259091058582,3.14242025528695,soft,46.4463514301745
188.447207818045,106.783234169952,1.02864712560878,158.640902220996,36.705410486375,3.97098929921606,hard,63.5893737520419
200.512316617018,150.973670708218,0.808432169398783,161.262454649952,35.8596381493288,-1.74331434514717,soft,57.2379791447221
176.396344974896,132.396240135922,0.962219884824345,159.523805261538,23.9188530170805,2.94464804063994,hard,56.8966573650597
141.259264333201,121.039923205158,1.03155484911047,159.863952598231,47.1291637118041,-3.77065660653185,medium,57.7538019889848
193.121305492274,146.223018125329,0.868142013429886,155.768768915286,53.2890463434663,8.68383902208452,soft,50.8108724986523
108.517261358033,174.740789938688,0.778648402954832,161.138326730609,22.9757993977127,1.34929130426491,medium,18.2516619418853
87.8691911837082,52.5861872370334,0.859902864078056,155.708230241688,43.1259475344833,0.185873148453314,soft,40.0274436639565
86.1001004764271,160.58609712195,0.940175926143273,163.774981331188,32.3859557623837,1.15229924341321,soft,21.0363978651876
134.898387266216,159.644188613178,0.954244716796539,163.435854495851,34.7123356580559,5.79968359179804,medium,36.679625231936
89.8969925306786,220.714140905604,0.843667776062431,162.382987217073,21.1883388655258,0.991451025346164,soft,12.9443046323971
61.56763608154,136.146113935381,0.802707835416428,158.364115820865,38.0651956350645,-4.38713182263388,hard,15.1007390139151
104.601545050158,174.842984227864,1.03347188418149,151.210772198753,53.5543119349774,4.69484918098321,medium,20.0685295134276
147.593715817913,234.012970248209,0.782262341389199,158.544630365873,36.8698862377709,9.77594332923518,medium,17.3225503853461
68.3732640063961,69.2299706227789,0.758244489682428,164.373336575966,29.6419432160504,9.30755720897076,medium,9.90079162413896
165.615787751756,161.229977421996,0.774165883712419,152.657229281456,49.966999308216,-4.37960240744036,hard,40.7255531258378
124.721815864744,229.015324188136,0.766344043590683,159.555429103097,25.1991001020133,-2.38983597495224,soft,28.0674971215871
73.5020119244481,214.601536450034,0.962701662156266,160.625312139604,34.3426071406225,2.20729394254886,hard,8.27968531725543
68.186529217047,54.3666360703878,0.861543621020498,153.968834097629,42.2645204163372,8.5045769871334,medium,19.2386016313379
148.342323915143,140.242033948936,0.766489937181579,152.832570744001,28.1596415174692,8.19036490087633,hard,32.0934144261902
78.0511766066112,247.496872447236,0.898026062605991,154.432730081089,28.4752656131575,-1.71025946345675,soft,13.6270783606721
147.13812404568,223.980538144676,0.763601286244336,158.612791923576,36.4830064749891,6.38940383307314,medium,20.6005463354366
173.83235727046,173.344193358276,0.904429324996199,156.866245812886,49.3417776527788,1.58611019557709,medium,50.5024580839426
205.008152077929,185.164630418947,0.889737697595567,154.286045402602,33.2462007211723,-0.884077729572118,hard,54.9245522208507
87.6735533772751,227.140440530298,0.77189244332324,162.084400155115,44.6332258175999,-3.48567381616492,soft,11.5601865171023
161.498702850069,223.805600523591,0.83529072805597,164.737741597228,53.0083819188789,-2.83534918288473,medium,36.1534059602543
151.807504023114,163.120494320867,1.04236518192794,161.542599086076,24.9820743816341,9.07716916633307,medium,41.5862154294441
202.597478552417,146.165479660927,1.00292032932116,152.703067333878,27.2144009958672,5.60766833245284,soft,61.539145453939
195.195980534565,22.5019512443507,0.940249747444306,153.85953231817,26.5601560190248,-1.29383185624765,medium,65
191.081180601836,212.192374970893,0.790423572377159,160.810793163274,21.0956057098524,6.34402093084862,medium,37.791926772316
102.901874716551,149.677362969396,0.857403777627495,162.421083427685,48.9620039577541,7.50195032123485,medium,18.2365158109251
173.301804676905,145.787123978036,1.0336918873832,159.893530167171,21.9540521679402,7.3241242156635,medium,50.3366446600787
63.177649686418,223.123933253897,0.770803257146933,158.979093321489,33.3878624638103,-4.02953683625857,hard,9.37863590996155
66.713912576296,20.1287493233974,0.756103305616612,158.276854207064,30.7953348639456,2.05904757220692,soft,48.0389562323256
67.4932647236023,61.6970011566229,0.774088804215896,156.695256297364,40.4619203863256,4.82499784960664,hard,18.1034907835787
172.712407656523,170.141158984705,0.794261026017889,161.193151593856,21.2211492778442,7.96525986966663,soft,39.4109806581138
145.126986070624,138.466172955867,1.02336083351909,155.127863877789,39.7946064536264,-1.67454382564226,hard,49.6229098930544
120.161104614873,205.575847988848,0.845774973577008,164.262975752919,44.5495566808797,2.65917787275738,hard,18.7040159365223
171.207698417245,160.193550518904,0.978734972281578,154.056751392537,26.5288972706747,9.46885889717238,soft,44.1547560923289
105.527114102197,95.4875079253651,0.860153685281733,156.905126400265,24.5607792574283,0.767760259381662,hard,34.4168338450971
84.5239978841635,48.9385689295748,0.875319659267323,150.904798168739,46.4963258652481,-1.59759926984758,hard,42.4604362744284
93.9555369716712,21.5319446798615,0.816175596683772,160.740363921918,42.8841435206109,-1.89873449925802,hard,62.458223229761
100.236477465052,144.560545463847,0.942309794604898,158.892424174248,50.1425567602105,4.0290162601607,hard,20.9841592485608
172.698889520073,50.5861477682167,0.886217843179763,151.26912661059,36.8284874412935,-2.94382478276097,medium,65
169.212696198683,205.269041062292,0.800797312682494,158.717174837011,27.5954633284086,8.05252881663677,soft,33.5861290096795
116.790182037124,196.285922648894,0.83958851046471,161.938387293309,31.5427571507283,-3.24665293397984,soft,27.5100976821071
159.803587811602,30.3937279582091,0.763267352963352,157.722688451612,26.5041343094618,-2.84499170937821,soft,65
180.321147861798,122.568043556132,1.03022605181106,163.4471126396,43.1952888793988,3.07404304172815,medium,60.274395328094
191.221878272019,161.750151144967,0.858298541619153,152.913038534877,46.1974063689872,-0.800547843850637,soft,53.497270509839
101.971734102245,99.9139805190857,0.982254957300414,157.15723231961,46.7853901718598,8.45487237547062,medium,30.7481782769874
72.0333047740811,114.992608481612,0.829748801203322,158.760824180172,38.1014275636699,-2.96013711875825,hard,17.3788170859899
208.336395534524,152.650112903391,1.00604009600508,163.712777096284,54.5530411298009,4.36792735301961,hard,58.6115115934903
141.066707723635,92.5900238607492,0.90010272058871,161.214516220054,25.601561630301,-2.4565685815248,medium,58.1184748353184
149.23894599673,169.449482454895,1.04581761270943,158.638205836254,50.7886616885862,-4.4302308703722,hard,49.5735431756016
80.0551750776085,132.628442237675,1.03129396614816,160.193531549811,36.1472397015188,-4.24318527742931,soft,28.6401713647823
151.581121340108,128.648401430602,0.76339904178105,154.485915147333,42.7985950574387,7.20660696623255,soft,36.1770488761383
180.052470724332,39.8757143998834,0.827027050669519,162.131755928122,43.7081089534289,-3.32122228186645,medium,65
201.923529819245,100.852106616358,0.870230541203693,151.900278672206,35.9891134523902,3.38071752434493,hard,59.2442831814381
80.6719622454499,219.610372028186,0.839117528615349,152.042956842626,24.9639508064828,-2.24902141930053,soft,18.2706634522119
180.007169863297,175.872151394155,0.962701638412094,159.959552109939,51.0931752041415,-3.96909418860569,hard,52.1705923711719
85.8095887418024,103.539182176872,0.967045475214041,161.32350777086,35.0061754175725,1.16947049363711,soft,26.5720838926641
111.883659700831,206.839808477513,0.769740364464914,160.267841894497,28.5429756442326,8.41771099803896,hard,6.40314717923341
197.357539117163,29.3331333269639,0.942806365237699,158.88229733765,48.5417027311555,8.58628566617171,hard,65
115.070653984671,135.501309541746,0.841158121088799,163.993718793001,46.9217949352767,7.53037356601593,soft,28.08133977972
109.918950055263,86.0754510323429,0.924331001383573,157.277451388027,41.2266866014671,-4.45858398653143,hard,47.1946350835642
194.310681541966,39.5736519419081,0.800613721173679,157.117359636592,46.265334077964,1.48225310757386,medium,65
71.4004457575062,57.6260004049215,0.75276863400124,156.306799769516,46.6999180880796,7.01880336911477,soft,17.7529519210289
121.119449742056,71.8221197458349,0.937151745149517,164.558101204702,26.1781146355292,2.89228157251574,soft,55.3682606543932
149.241620046515,114.621769836245,0.8388186313926,161.502313419951,27.0122858098482,0.499025703921552,soft,48.0965578559881
193.765795017313,83.0893030332204,0.942453639702157,153.697325516973,46.8706570784893,0.74388436310891,soft,65
182.928706051597,197.563292216937,0.880660251139083,161.358024883865,48.5517236829204,5.23032942611991,soft,43.718493108296
182.802341082642,31.2865151717724,0.961203493834469,150.710661414581,34.098619834302,4.25324040081815,medium,65
191.098242319503,56.9973020046356,0.98988243261057,158.857364317428,41.2574337321339,0.513360100497235,soft,65
131.263741255978,29.6670060690353,0.947587498189573,159.417600124318,47.2428079142594,-4.03583418282004,soft,65
173.953512381056,75.4798999656735,0.93253996442843,152.68297632963,54.8587024191925,-3.40573143796093,soft,65
76.5003605750501,142.318937337011,0.80253695751662,154.374901303223,47.3107908066401,0.847071262788798,medium,14.1041035685596
143.878228646856,146.540238640868,0.909584716539007,158.349480357252,44.0371020972666,5.41349647541137,medium,38.7104280050583
152.398151219783,126.600624593643,0.800354547213975,155.357662429539,25.8011943938939,9.91439979998099,soft,37.8853094457418
97.3849052037715,208.491901403807,0.8005448032916,159.795964499062,26.438982908904,-4.65204775285426,hard,19.7764349607111
92.4979488083937,147.114929209789,0.956907060560494,150.640831508936,33.808948843646,-0.878372183262205,medium,26.2701621722625
123.7355170384,96.6810952653479,0.998528173962089,162.966343553655,20.5438042396263,1.01446107444786,hard,46.634547484558
164.690866764189,86.8635428933057,0.849122636545103,163.428133906385,38.1634725821115,-0.639470772590379,medium,54.6847623017984
173.038497960787,51.0295162830644,1.04047247846161,155.757378440284,20.8349579506507,8.11013174027777,hard,65
147.727326724525,165.227847735081,0.958323510656479,153.521271835146,27.2064331243481,3.79641690589397,medium,40.3705527169705
152.137251697922,213.121821777758,0.808949929593166,150.932779087142,36.757369582908,0.150183298560355,medium,31.8017977214541
187.633302390269,36.3962419220703,0.863722753588109,163.944513182034,41.6772322696548,2.30077353065837,hard,63.8845016372401
177.524051043818,205.504810316706,0.884010098868436,151.560603453226,43.4239821238597,-3.61836808913116,medium,51.4432664304814
137.368690929567,115.160179982337,0.960003927734355,151.566753333025,26.8416480406112,5.79550318799369,hard,43.3325804625361
99.0848154161623,210.749855911133,0.998953064343657,159.538320215539,21.4694732080522,-4.68836703931207,soft,27.5154435345004
160.398909358631,124.481221018041,0.901764038983237,152.933980224347,26.0120344153741,0.369155849827425,soft,54.4627033673407
76.7561310924286,82.0782053359797,1.03565224800407,158.498081797975,39.8075721615902,-1.0153192258767,soft,33.1720693863613
92.2222351056344,64.0171228516956,0.966673112918582,159.980780998381,20.6563253240035,5.84137982826997,medium,38.5080393058467
139.717035582464,44.4703577733292,0.849185514505038,163.930438652818,39.2431853404237,4.23952518883646,hard,56.3146736841279
175.331135371144,240.241637289991,0.858679423950948,161.064771290892,39.935922075572,3.50290744615278,soft,36.474963301251
138.331472426012,27.2258758042978,0.798431173451549,164.884595409798,20.773189295682,0.757636507550066,soft,61.3888005440227
203.47300768138,185.794037359593,0.8472958944945,156.358816684413,45.6080195604987,8.53197676605332,soft,48.1172239645096
169.271270134232,113.683007203188,0.961674777562156,162.995245485375,34.1336588434005,3.69196715920738,medium,56.5983571331071
157.788762511175,63.7117833950483,0.984260062233401,164.096975938754,36.693067883776,4.92334382088654,medium,65
116.23559182291,170.680326154099,0.878362721544454,158.46329184295,20.3336632824981,-4.43894915699905,soft,31.6914268611818
114.493256261829,117.515673244173,0.913371289215457,162.458420807524,44.6916126288682,0.015493582506779,hard,38.6971903987024
64.4939352673643,148.234762432492,0.959008494384644,159.737578892843,53.1351632425619,8.19876311547043,medium,1.33087157133781
188.49329288889,92.737217687284,0.944153832427491,152.806363593699,36.877976891571,4.44534417698111,hard,58.1234615471309
119.301460263676,147.355865741426,0.789256061145041,156.014169287221,33.8959300183958,-0.733762968429994,hard,27.0459000772582
95.6658618408574,164.252095652124,0.849750774862599,158.549917962301,33.3456659622246,-1.44095770260551,hard,20.2975881269553
73.4623385397617,158.612110876906,0.893476831163797,163.589977836408,48.3314850764939,-0.463192943114554,medium,13.6146274065203
151.530937256909,197.539419222622,1.03537421032316,157.665758512506,39.3848956481221,4.97784150953956,soft,42.5663843743673
122.767711779604,134.13105332945,0.961807012251106,163.110919323957,52.3948636561435,6.78607776045541,hard,27.0937458367365
91.7995911645272,248.410584587426,0.921950686602436,161.650817707117,35.9537423437039,1.66563690188757,soft,12.0986455594722
105.315226069947,45.2088619445702,1.03105847387278,156.639557753357,33.3455831281172,-0.8543970847097,soft,65
124.755203331916,207.033241580983,0.763315755860558,153.089847008739,52.7338229444517,-4.04728517838783,medium,29.0518687082872
181.710999362268,145.838698114705,0.960579562843554,150.901762637039,32.2098440172704,2.76551735261809,hard,52.3349664960041
85.5543525757293,76.7632239598936,0.842637788396892,150.475701616074,20.950686672238,3.40349867887191,medium,28.919834785085
68.3061768758145,243.459981844684,0.819939891563627,160.639885719429,30.3034808193246,2.16537846665232,soft,3.75172481993078
118.586447013597,107.105858956106,1.00621500853485,163.618633863428,50.8070926774095,3.87884227396962,soft,47.5850210992269
147.410195354082,184.643882855938,0.829156435229185,152.664780720093,39.3940366199492,-0.158101329554327,hard,35.5020189156577
160.316833069028,21.8983311439239,0.971450549365464,155.774547705893,37.6574404053472,4.83176864079916,hard,65
115.524782121486,136.494067189427,1.02058026395076,163.047836067887,47.966147439823,1.28854997109236,hard,38.0567851261705
146.038492186345,211.070566966767,0.815293291225377,158.786296030099,26.8122076589497,-4.6164996580871,hard,35.203553115932
66.6740004343052,177.37214204745,0.785626251621708,158.986619578675,52.6276998533065,8.72264788834424,hard,0.516200880341211
165.786399203265,109.814725914262,0.911498021856922,158.85424246832,43.0073827059533,-1.34911207084934,medium,60.4455583161449
80.9079355428416,204.580697496493,1.04547360459069,156.70558811274,38.6057160135582,2.92584753355172,medium,10.4074860485108
67.018759930094,148.246334084584,0.807163686247334,162.110303382561,37.5713784836391,-1.40111891346401,hard,8.16370909229499
71.0686240771035,216.33586324433,1.00664362619098,163.258993209326,51.3372330415796,2.86997443287408,hard,3.21431066723129
181.582356780997,96.4741635334404,0.791416952914248,164.160547613213,34.8200238394184,-4.75163062612482,hard,57.4495508049663
84.6396372764773,109.870601190768,0.891633671061591,158.105744913618,48.1722125974001,-1.79326680403936,soft,23.8640594468887
60.0678924300321,21.555004312469,0.843647065605252,156.202011781756,39.5764743941603,7.05362128811286,medium,36.1724547663569
207.290169272251,110.604600467256,0.920477694826368,154.501272283583,29.1468042185947,-3.61541841489433,soft,65
93.3279975377681,136.375160922634,0.86652042297099,163.372612492014,33.2913146646445,-2.53034629830224,hard,21.8953087636714
94.3042004558302,186.599159961617,0.926952837450556,164.511814044683,29.0957075462024,1.04351183860389,medium,20.6057459243291
98.720979376861,229.589671770158,0.796294849373321,157.900506768937,49.6103603665484,-2.50700778030978,hard,15.8592441366038
133.823693192486,127.150440052799,0.979415718495655,156.541926906825,36.9754575214176,4.87059040818844,hard,38.2085520407818
75.3272913650447,176.583073635234,0.908004788944692,159.324301727407,41.7807606459494,-1.60123724423805,medium,16.5980487554089
150.222992009485,143.929270358238,1.01116389822469,151.533003871598,23.8415319011654,-4.84705938175968,soft,60.4395701724957
113.02648350992,165.141678540414,0.818120590080839,151.37301826904,31.2660223202298,4.6568204524412,hard,22.2012555704877
168.76459860605,26.274232597755,0.837182556025807,160.35535761835,45.9493668241209,-2.18009046983885,medium,65
148.756714075766,179.61162714716,0.774502208798377,162.839589692821,34.1254416743755,5.88920733459951,soft,29.4917247883455
154.799645969683,142.686572354951,1.01310431591544,156.925231564469,22.5652517679665,8.19442566620689,soft,44.4304058212375
115.940398130508,240.483282256688,0.956342021693241,160.97168124008,36.8921893473145,7.3929673776525,soft,15.1894277173792
80.4711438042972,45.6676830085855,0.927528371460785,161.1795300211,52.16577868982,7.87868943132284,soft,40.8346971062657
197.792085954456,73.9193299466842,0.882369211794832,150.493635351055,32.5529728207336,0.402781916902605,medium,65
180.525958588728,148.028025924307,0.764684077279676,161.451386303861,34.0053854438335,9.4036036585071,hard,32.0523515166677
190.636284678038,163.119961304964,1.00447646222658,155.707807924542,26.2435898269482,-1.30491704538258,soft,62.5855050069465
204.814838705744,120.421535738233,0.927710289313843,150.288252040946,23.8245809748716,-0.0383185504732513,soft,65
117.687221429757,92.5784433472801,0.901712830249764,162.62045848473,22.1786181073883,0.227544519289594,medium,46.0725147893943
101.759866715446,101.925627413391,0.994788583194722,150.523477550791,38.699677327063,4.5536567680247,hard,37.0949414190016
107.6901396024,96.1323172737718,0.860502246684734,159.329132390324,42.8190578391115,-3.80817135621811,medium,41.5811257277742
153.237409052269,241.237856503534,1.01976676091713,163.118730735224,42.5093479145143,-1.15835814097797,soft,41.8987796497196
129.285693003179,249.740036474589,0.820749688071305,159.239224737607,20.5330025617709,2.46924035160382,hard,22.188923111871
75.2617552700677,35.7628970641579,1.00276168843564,157.489201052592,41.051183433722,1.85514509711212,soft,50.705752913101
154.156347425287,94.6832817327889,0.790469541921107,155.208162237361,33.7521673967825,2.88123921450183,soft,47.7939273006748
169.054140682725,72.7670378013052,0.843176953069909,150.513571283927,37.0479035326548,-3.09931915209171,medium,64.4068937884931
68.5845899288612,99.0246792836468,0.825800763784124,154.113112521362,31.7118786764738,3.44207058865822,soft,16.8722048843683
129.274949035301,73.426359514027,1.00550731790885,164.28595539359,51.0697508504716,9.0197876420565,medium,50.5595819355055
102.762897895413,156.459697167577,0.859670611261209,150.797068913106,27.4675951580432,9.6977327457956,soft,18.187014879053
208.581089802632,189.27398103816,0.946348189332257,164.834893922758,52.0753367029811,7.91934793121902,soft,51.6585694054071
79.8262983478817,45.8705839815391,1.00413292234983,153.447391887067,51.4073604918738,2.8721093213495,soft,46.2078296538539
119.940589816436,45.7672005459803,0.963051426394592,158.406621189121,54.6677956768734,1.58279099407775,soft,65
78.3544735809954,96.2132064584589,0.865088014486859,151.269015894853,22.873040533753,4.99801833642397,soft,20.3608602101096
125.330760563748,34.1774045723206,0.999265420223953,151.76798209369,35.8573898680313,-3.75710221397074,medium,65
87.5064444156322,206.362642291372,1.04557717400679,160.385661270593,32.6785910414202,7.70489399885449,soft,5.4609686262036
141.496195381403,235.536322498617,0.885815127160794,152.377938032049,30.3740912312198,0.568642334090317,medium,26.7620943043251
202.872784870188,89.7033134781741,1.00800315798058,163.914858534004,41.0502646475706,-4.8856453785347,soft,65
166.531995116856,73.4989461399354,0.763781739539566,158.127092000865,25.9084116148882,-0.546820611355539,hard,54.6705748303261
129.526587664822,70.6225611446731,0.987203603832415,154.187531581039,32.5545752227643,-0.655515866651666,soft,64.9322180700821
108.030130943876,68.1567802174839,0.896026587022453,160.91324965872,52.4621015263806,5.27097303375249,medium,41.9057155434949
62.4595034296672,31.5712072775743,1.04269408037164,159.550822744214,47.4570227750566,3.54348925600253,medium,39.5144579576958
165.908494845984,147.562477531892,0.951228949566891,162.380382503406,31.0275200457152,-0.230487160592432,soft,56.6955004124407
157.849168772559,243.674736159468,1.0285270059351,152.201701022432,51.2003075753744,1.99852298727281,medium,40.0351092672785
154.047090517964,115.691073637973,0.920496660997178,158.729277280394,48.5330134704859,0.98566653960786,soft,55.6224936247765
111.063558410765,151.702365211611,0.841280627694258,152.164473224911,31.2228476020286,2.35034387939323,medium,24.3983987149834
202.406076902342,138.008306101799,0.892600137917383,150.158612831646,24.6854323405221,7.04112241268473,medium,51.9562709487705
127.79736677661,173.258854302594,0.95329527551324,161.500585645939,22.7391099495861,9.0822341260016,hard,21.9137862100378
153.743980284541,129.352705744717,0.795845008467489,150.57493701627,26.6199092809671,0.338601752727813,soft,45.7361515395452
99.0104693159682,203.45392530287,0.809311654115197,155.11570865897,48.8302246932467,2.52426554362086,hard,16.4173682764873
147.551764290575,217.051974568729,0.755043621668189,159.319325543702,28.134534309804,-1.50259393589219,hard,32.9689030473847
173.283690138464,123.908750614909,0.92198084099951,158.687134818854,23.5992740167891,-3.63273577465073,hard,62.7292494319919
103.927297538491,54.3702970599495,0.831667799682716,164.240394164382,27.3752334981602,-1.60824422530751,hard,47.6674168332034
185.964278469495,35.7370366477398,0.942417389269809,154.055321671377,39.3161203270259,9.76454390312564,medium,65
134.066776883816,187.82222924856,1.04472463758036,161.216606592184,44.4181762032112,-2.15901452566593,soft,44.2255490295782
65.3353456604445,193.283808908075,0.855436896476104,156.234095875191,28.4775619600923,2.60946061216703,medium,6.91960335480874
99.5213762098106,28.8327189800142,0.782143293273388,161.634698090209,43.3100078453269,2.55880407382656,hard,50.8862416548213
63.0127931984091,244.777170365419,0.805468931509959,156.0575798904,23.6870612304777,7.14404173679284,hard,0
199.690987930038,227.699603674459,0.993460708188382,162.292128478615,39.0149766568697,7.3571803672247,hard,45.9151267240736
112.037300985446,55.0719589764882,0.980998720976082,163.128629729163,41.9107407883161,-1.5209632281768,medium,62.4697234406978
142.464463565339,47.3197307358211,0.769989739748019,159.12876904651,21.4475510596777,6.48807101709405,soft,56.4392013646619
171.415821346416,35.3574284873043,0.815682728110542,158.060185653542,40.1574628597628,-3.56119133547055,soft,65
92.3800017109222,78.9236331706176,1.00743102812063,163.110288755781,43.8049225090092,-3.76474757665989,soft,47.9938736771923
162.653366829854,36.5515840965375,0.827539488300284,151.357675573194,23.2735068104679,5.36965037458232,medium,56.9720447132862
170.452557998829,99.1105070060858,0.939516286004598,153.028524808012,41.1812261536741,7.79532033066698,soft,60.9274879149518
157.53844437423,145.725885609899,0.940310732069821,161.66852485943,36.4870408408903,-3.74517689969452,soft,53.0344009225148
193.485103488996,163.815350836661,0.791348127835732,158.775929734417,20.5133061551865,-4.41467296326882,medium,53.168307623279
106.238161058538,190.510106808756,1.03889001643739,159.151157566234,23.4712164257763,4.99459818679865,hard,21.3766918178692
185.652755002064,233.01370300338,0.938596133995148,153.446190350762,38.019849711068,1.89762661217629,soft,43.636545851612
151.716700972799,196.320063873713,0.759951550293389,162.59972378606,29.2367990394482,5.88065965529989,soft,25.8085679509838
131.410947714897,145.989271439616,0.798033118622521,163.852752197606,20.5072952107342,-2.13841675728,medium,36.9004502340508
188.945547984088,41.5330119779341,0.984531488722322,160.874506210635,53.9301563315956,-0.411236700037273,hard,65
192.643604229506,170.525735527648,1.04410405898384,150.54653893685,52.4360544385917,8.56001260224121,soft,57.2503024908869
71.8132402329332,129.924741439643,1.02477286433325,152.158243865512,38.1332632074226,2.42826239925679,medium,15.2755023912858
65.5760585136295,45.1736004525003,0.929580886313125,156.063150931659,29.9228815840349,3.56337042786313,medium,31.7666615245628
78.5879645335442,21.9188205354564,1.02937020432584,151.989527731279,24.6467185734603,-1.65092255581876,soft,65
159.154192525116,214.056811899902,0.818028295514496,154.042645894244,34.2508318938353,2.03042713260899,soft,36.3031866289016
163.108298419811,245.969105295247,0.912318429851321,153.347303698675,35.2210422252863,5.76436316543381,soft,31.3849631081113
146.925908893291,87.0027842455774,0.832745302338361,154.409427971431,38.9332810654788,6.3613978903111,medium,43.8525028398055
179.783065266731,119.256093108164,0.90118987020764,164.441169664207,31.9399103540656,2.09723189571212,soft,60.2735959510702
153.082545967971,224.080549100532,1.01626256506575,161.639525140512,35.6585496258839,4.929938698487,medium,32.6977381781609
100.658613571628,134.23017853538,1.03656380450336,152.833562257466,37.1878864242184,1.58789050552303,medium,33.2559033817262
137.998739783406,218.747968456469,0.967611797922129,151.811948097029,22.5641641360326,-2.37822697472997,soft,39.889587174458
119.96869080376,189.966505030361,0.956990314255149,157.264801356189,40.2120551554591,3.63050698220463,hard,22.4168659832223
198.758585154857,226.829656215156,0.852614416774862,161.072659894885,29.823842232304,-1.84304017350573,hard,46.6440952951614
108.956063347353,39.570363032907,1.04772358194744,157.516654637892,22.8397233913874,7.42555911772594,medium,61.0159065780019
98.1376004395378,135.123596956895,0.785902814868938,150.268470692521,22.3247620363499,2.17976449108512,medium,20.5281213882893
96.0423456923868,54.802250991966,0.76991153989474,151.454881926042,52.3669991948011,9.14909682305737,medium,33.1561963448384
132.108644663811,184.766203946271,0.769704864834442,162.958816193543,34.7999576198135,7.55742223826143,soft,21.3317189194789
109.524187456837,45.8040439876337,0.800849311124634,156.154392936581,51.5401931007369,9.80281981006421,soft,45.6234402021296
150.295573352009,137.778239430231,0.835742584882392,156.12799192166,41.7367176946851,8.82623788128069,soft,37.9367439583778
60.5160703159158,107.791238334099,1.03589154865083,158.366054738929,35.095397279535,6.05679637467517,medium,6.11764369949478
174.285560309515,80.9687271443252,0.919346869713624,154.779538080842,48.7899109523442,9.27020797299874,soft,58.7974930782764
140.642496760972,214.197941333553,0.776885347112494,157.337447683499,32.3809810375788,5.16292885854939,soft,21.2343347283295
140.85607329675,154.714906047054,0.91087934480167,162.453855749287,24.727375546244,1.57125825872835,medium,39.5857720280787
184.628145636801,76.7522382855756,1.04076630080778,157.277590882834,24.5164585765112,-1.64084846001643,soft,65
121.741189495826,102.846780549213,0.794911052256458,162.752577051188,28.6258580105639,6.48275464024462,medium,35.1324427112143
104.365658121537,71.6556732092313,1.0296550136101,154.126618293174,23.2827607026995,5.68347184428449,medium,44.7548095192018
111.14279102202,100.956604240325,0.765980609627682,164.879403929166,38.9643967504018,5.32277316350813,hard,26.483700177101
141.64970620206,91.7750855909389,0.750824541545866,152.278395192028,40.2055261211017,8.49524855288894,hard,37.5937129405638
137.815474104551,136.37588999271,0.854413739090807,159.663224888223,21.1621036472446,-3.14807759679432,hard,42.4990861545439
162.535895603373,221.965542784763,0.903868808758497,153.323258617147,23.737517467847,-3.23132921624991,hard,43.9912443076225
150.320532308899,168.335088940487,0.771901378712553,155.765892450608,43.9647886586746,1.25155494684163,hard,28.6754639738912
70.5505556730765,65.0352086975768,0.921982504798607,159.528502322399,48.1077984003079,8.91536110830958,hard,18.9656376958984
173.565151440818,42.4019616752154,1.03452337297209,154.688612303293,42.623956701203,6.05639545446302,soft,65
76.8037300622646,44.7679281397834,0.779912754849591,151.330276980388,45.4363895300623,3.98023099867789,hard,32.1624844113595
180.905950598198,164.230966407423,0.91500941119985,161.754026545231,30.9332765079328,0.943847005301087,soft,51.2559491561468
179.337178536787,245.909356053307,1.04055780258136,161.455366385792,34.7147724305421,2.6064895666455,medium,47.1013392237198
162.312048568745,77.8392835565153,0.797288668167843,159.552614721649,21.867479662407,-3.24981273993365,soft,62.8798197582159
188.591751983232,137.231205753961,0.98185699542904,157.196348561317,24.3826171827058,6.06691267524459,soft,56.3803131527504
79.0961769630266,190.359826481942,0.948879926554219,162.851528968829,40.5120241678592,9.21746772482425,soft,3.23915807883178
154.988768308772,69.5409850692268,0.825206946189277,158.591380578433,25.9477263039928,-2.75796462798587,hard,56.1486122618102
154.994112749271,28.8582192559774,0.790873422651898,154.055668864958,46.1134072414824,2.68375638549109,soft,65
154.59551964388,206.55094248698,0.89237986310119,155.124073431691,31.0250680607633,0.316205764465009,medium,34.904146008435
198.585882964571,162.811694010228,0.807791881718654,154.262109471204,28.6299010264061,-4.85993882258338,hard,53.1897963519825
188.248891041884,116.736350700811,0.921741082099697,156.609320868594,27.1711487708205,-0.295100665890311,hard,57.1840644379508
160.298182211658,248.054128188606,0.839113501687667,153.493558278661,44.6619691434442,1.81850607679728,hard,29.7145376067366
120.921651842655,229.545772788952,0.858926374580877,160.34601568576,25.3300156117381,-2.56145648748315,hard,24.2418466746671
146.89373382299,43.8843380632948,1.04961206451935,158.751067410736,23.8383224527912,-3.37596576013056,hard,65
173.186690242071,201.311012592666,0.972159191361904,162.488129793062,52.4760226325393,6.66898045674472,hard,40.1516912160138
192.818687095408,200.285639224323,0.786518510678312,158.083136610149,36.5817593279,-4.5571373850246,soft,49.5035041373937
141.466314958358,229.316840061457,1.02630048629959,157.574440027463,53.4709156343457,9.65170653719767,hard,24.0449226307758
61.0785310686929,125.20108873609,0.852839240254131,156.670427221442,25.268654995452,7.4627995322728,hard,3.9436002763064
185.382421672759,191.407164201903,0.924561893257189,154.98683599902,29.3154692741047,5.33944366182264,soft,49.8823368805924
157.999647482891,133.216437996454,0.815850761840646,152.48535584738,40.3488060119805,-4.51521005964946,hard,47.7269225034276
63.7679694348649,74.0160322748652,1.02449318240327,160.979099933305,53.8768370613694,-0.542511594762405,soft,26.335603029353
185.081996683618,249.354875798295,0.777569217034313,159.737725108778,35.7960029733375,6.40319181224393,medium,30.1293052019226
187.450139544418,99.5381529437723,0.88728550113466,160.596645793961,24.9724616266035,-3.37390758734463,soft,65
109.783340613623,78.67632291501,0.906633742722959,164.316759225735,26.1360933326282,-3.9186872605611,hard,48.4288114701553
142.696858943806,71.7787993030095,0.89032992799285,151.202819770247,23.925867871016,-3.7025532639607,hard,60.3634579345418
135.542608811025,160.782196476158,0.998792056386525,151.768545324898,30.2963895629471,8.92702738406127,medium,35.2511565817067
67.4809220905665,57.4892040424568,0.980567762066087,153.955344147817,34.9494617723456,4.3671739065449,hard,26.3015444064461
77.0845532878703,158.779100016283,0.79300410851634,157.118330932609,23.2578341584524,1.00690564338495,soft,9.71240197707641
152.930111931043,222.757227090443,0.767028819398162,154.429958321887,45.8679736742405,2.38160248192804,soft,30.1757289375833
64.5128485018646,94.2008448438667,0.764795852066777,153.074200165606,52.2829205394238,3.13760562695473,hard,12.1157644669879
72.4865843160541,65.32439940524,0.839715373667969,159.755744811413,41.8352936321716,9.37151312489158,hard,14.6719726141275
138.334170495822,196.66823209351,0.843222780455457,152.82749186969,33.7981929978548,4.31485671516375,soft,29.6553745994187
84.498422991107,141.023932247389,0.878456654319334,154.301719076357,42.4217138828424,2.35488746334128,hard,17.5055436888525
156.306312973221,99.5748222988212,0.975583321715073,164.792093297005,52.2772375614274,5.71007270628885,hard,51.7689926772383
153.630056483294,58.5648727520902,0.980538141455673,154.693401969201,25.6244668230162,0.616229686480051,medium,65
136.690470452749,179.311591900066,0.905438361066566,151.228550777673,35.4418807325012,-2.68779492596272,soft,43.8263188602248
83.2035961323708,93.4572446989302,1.00296866660196,158.328256346621,20.4820340600437,-2.40249623356944,hard,34.0980705236726
127.034925157022,23.7265920211794,0.765083322424968,155.307293834185,51.4367983192157,9.02991916121969,hard,48.8493580187704
174.229252679072,64.2791741416858,0.882903528927122,157.767420357496,37.2110634492005,0.452091002067039,soft,65
149.638783966902,147.167381617129,0.927384109336711,155.671270768468,25.6397791276204,2.77006252433667,hard,43.8978568779015
178.880098188272,195.524619430493,1.0116937337688,164.678711075495,45.9572572781688,1.34347408793977,hard,47.0001551205938
104.029831356073,114.982406894916,1.03859209498401,151.438459772637,53.2376898433359,6.71866329192479,hard,28.8593707363004
198.303794191809,184.545155790164,0.771827232886634,151.408483802011,25.4574365318201,0.770661440080233,medium,45.3591429401805
162.780542662525,244.047341258298,0.958640160999352,160.939499842147,31.1414830989219,7.07137415753462,soft,30.7651753086852
151.684580156028,46.5859083160109,0.996035933075304,159.407099899884,40.9401688578292,-4.66537111224295,soft,65
165.414637664651,111.834985214772,0.789475574181068,152.98828827891,35.3502900777075,7.55910128906516,medium,41.7631657081523
134.173292419316,98.4420310738179,0.924461743675045,161.557034375337,44.2354561945401,2.39500364888755,medium,45.3265372028326
133.350649722511,171.728841616376,0.880256357897487,157.74800916091,34.751187019826,-4.84073063923965,hard,38.7586519888478
145.563413159737,169.191718822843,0.867036048704186,151.036267140991,53.7024906847373,8.10660439144916,soft,29.8626901773951
105.609903242046,234.266391474657,0.834351258894392,155.128403345735,31.06470322629,-2.51714183518926,soft,17.6687039707832
205.52760510553,190.997139855581,1.02065435634888,163.231912395911,48.8442688574495,-3.33588657647404,hard,62.5108412607547
66.0550280854064,231.860986746023,0.929883601913056,155.232048074201,23.4646156155384,6.79813737537506,soft,1.95064081828114
208.241807984437,190.059551269016,0.802909323016486,163.561079875447,37.9499859402445,-0.126978091924878,hard,47.1361247297497
95.7695591369108,140.915914252527,0.938307828775949,152.17160074759,26.6182944415356,0.282221302556759,soft,23.6594022592694
99.1812686680328,174.831513665385,1.0445040923681,151.525613355971,39.8299749489454,8.35086307082721,hard,17.9597624631327
74.0799518813691,96.1541079694223,0.760817995982415,158.01619283607,41.5859296313923,5.79658115819812,hard,14.597330015268
194.948477807324,159.046236393342,0.909064162789331,155.204014853706,44.8665553188442,1.55813765393584,hard,51.3166678398132
150.067598257282,210.379923561376,0.790385137162509,162.378920446039,20.7945791692404,-4.402373292975,soft,39.2192115858044
184.37155987412,61.8159173318562,0.868804536009129,153.905723565592,31.3484207257243,2.67657304485376,medium,63.6368242770883
119.325820184103,191.874644027694,0.951624306078453,156.350379649079,45.1723161125187,-3.03204318045155,soft,32.7047078983715
103.018949559466,211.14409911665,0.796254519136899,152.623811578607,33.2725728014667,-2.94147814337865,soft,22.5194116669692
194.874736008261,71.5970822278344,0.972614854942885,159.399288690368,36.5023917103912,4.46841749306137,hard,65
71.5684530143505,164.806611026468,0.932552068606312,161.061926819104,23.6647973314628,0.117361994832312,medium,13.4620255542729
194.682679194917,129.162555173215,0.842899293113208,163.996359138923,21.9091876425542,-4.63297219053832,soft,64.3138709834599
81.6483806363155,114.751179552793,0.754625223088473,157.490771302306,23.6108437369105,5.86162963931976,medium,12.7799077822305
65.4556289350611,98.0935639099348,0.826307266935436,155.258802743854,53.3531444193251,4.44749119509698,medium,12.4713999015119
90.3819953458741,248.634813347934,0.835629551584879,160.134016603003,38.1602201389323,-3.67638606977137,soft,17.881350568319
75.1599085602274,233.373689662811,0.831919503092987,160.815643218946,48.0309542088974,5.95009443440071,hard,6.37534343286344
66.8329390860827,210.436218526009,0.914013686859239,151.84772959498,23.7948115422367,6.6463255676432,hard,0.058901825134118
191.20473968822,183.419501289584,0.900612677247604,155.545480655252,52.7718316467595,2.57016618573412,soft,51.8875655118515
131.567206805127,141.524940537672,0.999440814552926,155.745911888181,22.7545444602752,2.58445559085363,soft,46.2666865708795
162.156594597262,190.488550322989,0.78596633615745,150.330717432745,54.0995605053183,7.31568148517612,medium,31.629703009601
180.948332054427,22.3915362720463,1.02481670989608,156.035456678232,37.8049061338868,-2.02086193617243,hard,65
151.854007732819,104.996819683635,0.82093009199692,151.427384132359,42.2761239925316,-3.24488319681187,medium,50.2285532713509
66.7986589699996,88.6329924682418,0.915918967318611,158.291575821828,40.2842029547242,1.40729783008889,medium,20.4796757199939
198.729989305449,206.630397111841,0.807636650182285,164.619327741955,37.6419630059265,-2.79737726035806,hard,44.3250019940699
113.42393017744,127.358834267796,0.991589974806568,151.938129304421,42.2015300370683,8.68587925743068,soft,35.0137719748173
194.119013974756,124.137153551565,0.904874373930234,151.447383869635,40.0668061383723,9.47599529444288,hard,47.7403764685964
146.72816132574,217.972741880031,0.870400679640311,158.31536480916,46.2662270913627,-4.28254355341785,hard,37.2516341714802
189.78477717102,30.3210333634716,1.02317564127477,160.134702169249,33.2006970027242,5.89843403492375,medium,65
167.623180914432,49.9842399402386,0.956795258977656,160.620520629217,54.380024681773,4.87610071806908,soft,65
120.677411526034,23.2967288221405,0.901500556709553,164.500774029059,47.7301541804333,6.11771428877688,hard,62.0025831442318
152.899560529369,124.083983502356,0.806054542510224,153.780388549671,39.3129064450427,-2.34313610873185,medium,49.8298226332337
190.450697118113,193.376697741224,0.891480154398402,162.34354154199,46.3036403144605,7.62745004138761,medium,44.7835013015993
169.060817978324,117.678660413513,0.782528629089121,152.234220487835,40.2085483246342,3.35332264028366,soft,47.3696750753046
139.780643337949,186.142363259877,0.877535637848253,162.254017187604,21.0294402153656,9.89354259267467,hard,25.5271892175371
184.75938538656,249.719896980494,0.880565759692688,162.040735465863,44.3303712963691,-4.72373131883991,medium,49.4468403106012
206.134591100889,149.92819326941,0.930561246421364,163.539066204199,53.6322324141962,7.16488299112785,medium,54.2852703356231
209.168199155401,111.420870408221,0.876628404786454,160.132611933061,20.1804445442698,4.21136634139687,medium,57.0907188083091
68.5991691609249,24.9260044182103,0.821846747822179,151.950930596631,31.6913439792523,-1.93842195787733,hard,46.3817555997393
181.191660037264,147.141331935627,0.959411754583239,155.043160447766,21.6865339008122,5.64369641912596,soft,54.5886236696598
126.048943453279,98.0858154778114,1.04543183454245,153.544409761214,24.8491322826979,3.86930149621202,medium,50.4517591596923
153.320183127312,236.580608650189,0.824342428371121,156.449270132948,39.5408121041085,3.70725345317891,hard,27.7268284039677
80.1436216016404,212.926340084861,0.894034150392309,162.314743603816,24.8366935760457,-4.19328105124531,hard,15.4591910720693
92.5957833448824,41.7106557565729,0.757380246321202,151.83261548772,44.7985923646875,-4.10954294787929,soft,51.8660373214688
67.3820818498656,88.3217961919238,0.883700447072092,151.989348680883,42.9163123188307,6.0301706999758,medium,15.6711067180794
172.127028750665,159.773206256179,0.847974244517418,155.275574025784,30.6696653353783,-2.485642204907,hard,45.9906827070155
68.665904410668,63.5125337667827,0.799624409569725,162.587940068308,23.7369825075515,0.24352525921593,soft,25.3893964939088
101.045317626542,248.60942934727,0.953451504477273,160.343310123521,31.3744741452639,6.75304189078217,hard,7.00933991361184
92.8386135665439,192.437129016181,0.909545245843713,158.486965756173,43.2585126498825,3.95896857619667,medium,11.5777184648375
200.244386955473,193.275379442468,0.855319078984729,161.293152503789,44.9048384303744,9.7321324488321,hard,38.9544198848348
150.855010178815,38.2423029168949,0.895309863750174,161.293945889895,54.378475416539,1.10568452057513,soft,65
201.548861107614,216.617742718155,0.883014701109446,161.587276534925,37.6716861067461,-1.85868179357044,hard,52.7937820592111
202.828879763887,151.502337086184,0.935432518158714,159.394523489678,33.1541418543474,-2.60755055595759,hard,58.2178025647806
165.851886169617,145.4384039627,0.949482418730174,153.438576370256,33.0479031741969,-0.159245830978374,soft,55.084361315861
144.054788941326,147.209890221324,0.847019116963189,161.450072425294,22.0580258546834,2.24527711286224,hard,40.4777083742853
188.913868007153,37.2137263455388,0.750557303144907,161.739993932982,24.7400219699541,6.95000271730473,medium,53.7583756601933
99.0968258287588,126.260671351144,0.78948188719763,162.73186469726,33.697971763219,3.76912517903163,hard,19.8514207654174
117.275326053605,93.2986447618587,0.882747498506623,155.001372988404,51.5418755041812,3.21531238814952,hard,37.0733394961741
195.524264050333,181.788588128598,0.870337720102319,150.147063418931,24.1889354871551,0.708852967309563,soft,53.0191651667409
172.775079655846,95.0678963006616,0.985308768911253,164.623887983491,33.9596823533343,-3.58005032699379,medium,65
150.113374709372,79.1875430123547,0.912539522793486,159.764100085462,29.177790678949,8.91000063780561,soft,57.7396541007207
67.411536122261,25.3714555320067,0.900876931176531,160.767203110782,39.4812338731186,0.577800118701554,soft,53.0104657701724
188.039261357229,156.621689671416,0.919330409127742,163.296864746846,51.9711910218657,0.703744749038517,soft,55.1390808450266
123.051249311523,215.22588530766,0.970532800797609,160.389267205369,38.0049513626128,-2.04456946939418,soft,29.4667667265961
167.654088333547,155.271145593126,1.03671255609605,155.178869830899,52.0461046774356,6.37387752420097,soft,50.1543581311533
161.827097098483,195.934511663905,0.948825427304896,150.915721716279,45.642416451845,8.69559400985742,hard,34.887862263969
72.9073940043331,198.498180411664,0.920238809358817,154.052343362477,30.571776951466,1.32374269872255,hard,4.19169959387649
70.6829758694674,104.149454901097,0.834681224348896,154.124967706333,32.7298546907772,9.20123253530203,medium,6.11435500270844
95.4463756182581,46.9468985641136,0.926921721080604,160.757173765467,42.3367628247061,-2.61438234370047,soft,58.4863056762028
127.256645579034,73.9980986029069,0.990943185794551,153.856657235605,33.3078092962368,-3.41779408791122,medium,65
122.479196133886,96.4407308889452,0.783760499648064,160.221073113967,27.1447217206834,7.98920953141733,soft,34.0845645304688
188.152292748424,175.35942101634,0.826762540011477,157.901636790093,42.9110977211751,3.31909692842068,medium,41.8399279378594
81.7948937814026,245.756284668596,1.04179742927569,153.752789235513,54.2204442073248,-3.5403379583688,soft,16.5117699482013
153.256151779792,124.560664237383,0.820615895001522,163.509135228788,34.304645857582,-1.23017540479997,medium,46.2425409940106
179.581104644284,68.7361121685841,0.975179975532986,158.122171524116,28.6264096281472,8.85990373145357,medium,65
124.377996852226,244.226997934945,0.976598755335599,152.724927592755,53.2540455560981,8.07713726356473,soft,17.230914178941
98.2259419155426,187.463313727256,0.88646558638983,156.966634760023,20.9020383186141,2.33689604066072,medium,16.5758518651817
148.435005454139,70.8166691566543,0.862151730851054,160.859870597618,20.4900198510598,2.19254150410739,soft,57.452114055828
208.764749360426,97.9905760392538,0.868085811679684,156.839369987344,51.4415562234811,2.30388407255892,medium,65
194.082927268589,173.956088996394,0.793472737077038,156.234319347046,41.9711959233343,6.56370498508336,soft,44.8391919651779
126.988124220503,77.7899779059191,0.927583594571701,156.16970057506,29.8124969072596,3.1584861497043,hard,47.5472623344643
162.292086226281,26.8312980519854,0.852391435177589,164.574724616005,34.8873207281295,-3.02165398865164,medium,65
75.2974868579118,24.5229387317637,0.946655995108183,151.096211990925,21.1978845729087,-4.36491932432161,soft,61.5849084370765
176.265860708519,198.473000661198,0.767532421631747,156.0436782998,27.2733409606633,0.680245232997721,hard,40.8154390388393
60.2091761736193,109.360588790164,0.992860901088813,151.861449025076,25.5402133661997,0.187205957567339,hard,13.9861558684891
209.853412871585,114.411180445881,0.825521783363762,161.963541342432,40.1923523005338,7.03807430620099,hard,49.0571935873104
71.8066052162613,119.262585372454,1.02180369944398,162.280191457318,39.1451862754247,1.00476625028165,hard,16.5469986749312
131.459406828875,151.342536666646,1.03128727889644,152.364394963693,41.4790399985196,0.289840457141644,hard,41.0641468190982
153.434553466396,145.881007495175,0.812529981808648,157.292942191604,40.9551220088971,4.48171416713853,soft,39.6772683188927
120.605758453731,187.684686638383,0.759352390191373,151.091523655779,47.8982966623854,3.57449461323247,soft,21.5941801822729
199.157558658552,225.189154553175,1.04061892183387,161.796815650632,51.926207739005,7.65207538364665,medium,48.9199633423165
100.317323476229,245.19929108074,0.75650950070242,156.087181875017,53.1114926157326,7.88845129739919,soft,1.66698061176535
119.635834236637,120.775364551796,0.800895000171049,153.610008053719,47.6933494970165,0.461522920991123,hard,34.1945690925637
153.367161814801,23.9156203698931,0.86210964345232,154.24144655045,25.4019107805333,3.05386437426207,hard,65
186.956092950197,244.741212697563,0.966452894962216,161.191416309614,34.9118891421194,1.56522697745645,medium,47.9311981911468
180.852189352638,44.3775132356829,0.9595648611513,153.911011040646,53.3878930584619,2.06745893613893,medium,65
132.703037971534,191.442536614909,0.812506883893219,152.445905314313,21.1222384391747,0.799154817933644,medium,27.3003258164294
139.457549953808,231.315478423894,0.757192990637325,159.023496639405,49.635630873974,3.65891613395644,medium,22.313258713502
185.577636391317,88.0847351733859,0.90722372992246,159.86434269504,54.5097323569444,-4.27784517691613,hard,65
118.546776355471,65.6785452538005,0.962805655975802,159.955172698106,27.0977810098882,9.94527516884902,medium,52.9428188032209
64.4787865387375,131.933871616415,0.934380819888126,152.822192596401,20.893414814113,6.73969099494735,soft,5.69502305595064
101.129668535207,170.723211617453,0.890270670983882,153.137960215664,28.8356645748326,-1.65258893284499,medium,22.2659361299751
89.6382014420125,166.926456175792,0.876153128441592,158.875060975169,36.0574702116001,-1.19345552124127,medium,19.7331766459473
133.238827330257,124.22130293046,0.863286578500813,157.400505136657,38.9596051006612,-1.49791999207679,hard,43.0268484867331
152.456062199254,58.5367925528513,0.87190869018009,159.987627872846,47.2858909453082,0.80266336323072,medium,64.9139661384554
99.4677848611228,165.781942479854,0.989242035436649,158.547354599674,37.9706609590103,0.157507774819848,soft,20.2381978166857
142.714469613305,195.426498817231,0.823907105849722,161.830839225148,35.9868513568758,3.16674758542978,hard,27.2976349373791
80.5101535760742,43.3871025126288,0.957319942162836,155.72172783671,50.0884819972189,8.33116603509749,soft,40.8277203461904
106.091097251835,187.134939239738,1.0416966968583,162.702649615697,46.3470998789663,2.49585774515818,medium,25.8840675630713
135.461124949967,47.4838161277755,0.929575736661603,159.169839373462,24.9419814907318,3.24955668622019,hard,59.9039411647591
156.185557703337,64.0854296568164,0.89588179637499,164.610922697374,37.9233354787721,-0.136806561180681,hard,62.2189881498214
65.4946328070616,189.516242870682,0.89554150932123,157.639677222293,34.3995330531064,1.21848934798782,medium,11.1424326432367
82.7948314698679,33.7911172746981,0.772082743202744,156.048130860374,39.150291075558,0.534366960767915,medium,45.4643879658353
70.2816365249413,143.344992314652,0.992528103521468,156.273037468271,42.6372754519892,9.98885203284918,medium,2.85539982633915
93.7540154903549,180.278142397614,0.909076949356162,151.373441591256,52.6363999515073,3.2857996433753,soft,17.3113602539813
201.870688201473,178.868598308135,1.04191141361138,163.04094047168,42.7346520892201,-1.75529648661482,hard,62.5659869680767
155.177973774196,236.550011046448,0.794999478041656,155.405596296052,36.0438909469762,2.30860246594067,medium,30.3192973631461
189.798589220951,158.918031799198,0.777264371678939,157.410509703804,48.8679031259231,6.33044504216352,soft,41.1591767784512
152.956634272196,227.618304937748,0.812486718038489,161.740470131276,29.173778394687,2.01058269390268,hard,26.7463994191643
141.769716287353,205.503159037547,0.924006004389434,151.513401164924,40.5113973683793,9.00267229573206,hard,23.3486508220542
64.5004995965726,187.834302915092,1.04327546629484,160.383216602808,40.6555437040383,9.90239560474346,medium,0
202.612634690481,232.410931440842,0.75938840733529,156.677781159559,49.2178088430609,-0.937607369191464,soft,44.4888532362389
139.618551624687,206.135098417882,0.952034214717779,150.969334878725,39.3144193749255,9.95668771210432,soft,27.1053155428815
76.355198485844,49.577436210438,0.913719419377466,157.158649289759,38.9046853633613,8.99262181020827,soft,33.050902514978
206.81321155501,131.256909647646,0.820389121141286,158.132944643837,33.1906627264884,2.75800661204292,medium,49.5056298722138
178.814799454484,52.9911556926311,0.754070859202168,150.892520080489,52.2168548267172,3.83117337592555,hard,48.8306933805458
82.2459512852395,143.7775298038,0.91259478609871,155.748008387469,44.3605281328986,9.58362425352486,soft,6.75166959636557
85.7565461693709,69.4535915672157,0.933511114862636,164.857764916985,30.187468706877,-2.22424227847122,soft,40.681785459705
201.676096764543,27.1500763863568,0.906970934182038,152.652695886846,50.1249430994868,-4.77984780652557,medium,65
127.972938022152,79.3036508562767,0.811544052570522,151.751656252262,27.5991568886307,-0.475981806343391,soft,50.7782198305605
71.7380812905757,125.890915369901,0.910600904977888,164.828316233795,42.0773149673578,-2.94687935104433,hard,17.1072640963212
107.105727823783,211.164996824534,0.883647064688067,154.074169829546,21.0961000972076,7.28182447657759,medium,14.3983602825074
172.843594999788,79.1463141997821,0.971124755723682,160.005828317991,35.0559787255791,0.606094010162856,medium,65
128.670937506016,88.4565682947515,0.998512811192387,158.476865005268,40.4614900584981,-1.0943524076325,soft,62.3108060198385
128.482594798355,36.6854051362248,0.816287468786204,156.489336002439,31.3672019740582,-4.08928728650277,hard,62.9076960002454
117.313695889268,219.563895422771,0.928607204442127,153.827315522666,46.2710147217269,7.28395490279222,soft,13.0068684348466
197.296451877927,85.6745267882332,0.987591529456056,155.342264160368,44.9344465614894,4.77009715177498,soft,65
93.0659047611402,185.382338186697,0.781570041076048,156.933665336437,49.3750027080464,6.79183131955325,medium,9.480452929681
79.4756886580872,228.085738014173,0.9444320534749,162.136611931579,36.767239678742,7.51494059822567,soft,6.93744200494712
192.661402434416,114.718175113787,0.836751400858654,157.084170123365,35.9105135876805,5.03817398255392,medium,53.0893603542515
145.784647706006,169.817001926758,0.813070064883294,153.996341164232,52.3597269352411,8.1028193447666,soft,27.4708778112996
185.967869039674,166.995918628301,0.867324288455508,150.6227723773,30.724981551834,2.45277243777299,medium,47.1179594306047
178.247091655248,215.424812855458,1.03095931336629,158.963085334126,34.89089657623,7.19343937919084,hard,44.0528968059431
84.0442401851044,170.751719706182,0.793856750472902,151.081037740416,34.3352553396153,3.26612151214737,medium,8.21066328426336
203.176514956814,174.552171320196,0.853419331926911,160.73215156482,39.7055788304227,0.0078227724423785,soft,56.7199528991211
105.275053474765,144.636422208288,0.774862074944352,154.545990773719,46.6254673061856,-0.938508874222826,hard,21.3744027110647
91.958772714987,245.079064028527,1.04160272319367,164.318478300724,42.4646446320776,5.01384264023027,medium,11.2755555416825
118.224205804712,53.0449944724233,0.933335935035146,156.725790272842,48.6892734464924,4.2496344187305,soft,62.4915397996273
114.11455141666,64.0910300758496,0.892598169887241,153.797151437004,33.097214293788,1.66439247845477,hard,47.0199811870263
161.623363750778,159.909981235489,0.934128744979998,161.587584172971,21.575859784101,1.25005242539689,medium,44.7472806771856
130.639980314736,59.5500601923974,0.93495990073464,164.505802521046,42.9899552680483,4.77137306516498,hard,56.1411956279089
198.683662422996,141.832740288621,0.908844365532144,153.320244319514,49.388880810939,4.22556996061979,medium,54.510067951137
162.623861541788,145.532329425926,0.952920829649661,161.313851593373,53.5388230091757,4.89497292323381,medium,50.9692562840454
80.5853225381915,29.9614162928453,0.857118960756153,154.705539473009,37.5321473084116,-0.171441124150042,hard,49.5399603528758
154.841920244719,101.301058460488,0.81221818398094,153.484703401341,54.3360640559648,2.82271411938136,hard,46.1037914285416
65.5478193104526,72.3471495901268,0.795323045624434,163.595391022766,27.0080927926262,6.58377038077026,hard,14.2981682330063
198.041979964865,79.8866730165972,0.763899524216803,151.423021917587,31.2757923861059,5.35553561456424,soft,53.7760934562395
165.510983197927,51.3225608307705,0.764910586501523,153.795221384533,35.4745597139068,-4.78427517129271,medium,61.4764862431369
172.907847132154,48.3232367214457,0.835368219674222,161.213033924725,25.1093019177867,4.42731949914398,soft,60.5756127757151
100.727819274823,193.451137617079,0.920159307128853,150.772217806208,29.3593487432784,-2.67173471740281,hard,22.1328208607645
83.5793054164452,116.596779647675,1.04664874098538,163.859020648117,33.1903121912538,6.28217442377691,hard,19.0152689078317
184.144435276857,223.293014978245,0.893538674189975,162.315019308743,20.5513471414005,8.16676671092888,hard,34.3773699843219
163.821872123761,244.482679780119,0.911458607054612,153.650823059054,45.2651289991651,5.44754261232798,soft,34.9240823288757
128.19578401509,191.102973717919,0.99934018676633,155.70710920073,31.8877856418316,5.90739904815895,hard,26.8959179541758
79.178738672499,195.514252971219,0.954273869639373,161.425628915262,29.5411800894223,5.95035385337566,soft,6.85444537151814
135.698106924322,244.528801474842,0.968642493689671,150.74666069927,48.1965305045864,2.56313397084954,medium,27.7438899775696
148.602039078514,58.1425146214491,0.979529585591055,160.045500953951,30.4524669482844,3.46939326359821,soft,65
121.120685735303,168.043388683896,0.836327765862741,158.670915878755,31.4005548945896,6.64320491831596,soft,23.2275658183855
123.343917176025,135.84329253625,1.00754391997962,163.03023234506,23.6991880431112,-0.679123905467541,medium,44.9556914395543
206.467107005458,50.6270309248633,0.781583220693973,157.091581234363,49.1836365648148,-0.91334696062779,soft,65
132.118546641702,38.7648494857531,0.791376601406814,163.375537299854,31.7101311582661,-3.51462440536908,medium,63.0557995526405
177.727217094557,63.7972918065069,0.913768982650998,158.517235071209,29.3127810293704,4.17743211597217,hard,62.8312159674358
125.694661198651,100.890974657257,0.81112714513895,157.892900915431,20.4537917034821,-3.33434625272443,medium,44.7356645076321
100.482215916506,95.6733718237516,1.00293116714408,155.822524745921,31.1525172698047,-3.56964606143075,hard,40.2704375346816
197.175996515905,181.73600640596,0.86281988284031,156.082779237707,33.9520517159579,5.7324369153756,medium,48.622173075225
166.25483130333,71.1190514426819,0.902019074125977,159.701166143844,31.7970767884821,0.542182113719355,soft,65
206.092513112317,169.273152028939,0.974451008193253,159.242753579277,43.4533644746691,4.51242831491615,hard,53.4716138110639
130.209776695371,41.7464620965317,0.798401101605348,158.997656116745,30.3068849376938,2.06920672367756,hard,56.5374334468177
165.549889549474,48.7429119185726,1.03786510546056,159.171689362774,30.5078342847162,3.54362914249998,hard,65
132.853177619223,226.898297126385,0.782177031008534,152.357691989414,40.1971874650625,5.40577704878263,hard,14.9650751619258
205.363431593503,193.33402859256,0.838761900129181,156.804536343275,54.2155424812175,-0.515953054410703,soft,50.5640519444479
114.14236037749,43.0606699813086,0.803815461086435,161.648709247553,35.7256129032348,-3.54718494203884,soft,61.2515169991264
203.177968214386,161.699368726809,1.0028504234945,151.871157426052,28.7775563037138,-3.39691787830066,hard,65
61.7563362377265,227.599867788475,0.986322286742288,159.484738316161,41.7950403775962,3.94586971446343,hard,0.53598244068389
91.8955251933738,113.393535983676,0.973832382508151,159.069001834744,23.2435164266875,-2.37283007284052,hard,30.0945677339662
123.718226765949,172.523364665305,0.883926212756138,156.95194560835,21.3611066094615,2.6627595799307,soft,32.0582173845004
209.155056234768,108.847930766199,0.861070377224651,157.555018639356,30.4467967962154,3.9151600617156,medium,59.0049584382838
183.034964680154,127.015650892654,0.790148137893922,151.228984177756,32.8097788800657,1.5431512900469,hard,48.0060225565311
165.707219183596,145.119462556024,0.792596744237006,164.845746561239,23.3624274067746,-2.24888268049729,medium,47.6353326723902
61.8163537018257,231.908961350161,0.801147664078662,160.647044291251,51.3077309741048,1.15213085175622,medium,3.67007875873147
100.520979435698,215.318738944988,0.832619339221209,154.9182139497,25.1647629241411,0.941128799465763,soft,17.2970011328202
82.1296601628613,174.680804958169,0.918870854322641,161.504335926169,21.4437562771741,4.21726351729828,hard,14.0700345315612
179.969308298198,175.594373464555,0.820015690403766,157.633100285518,36.684717680149,6.60132152717988,hard,35.8688232791789
161.228818597926,224.236811950743,1.02054121065012,159.585153876069,33.2823286194837,1.37648149740404,hard,38.2388097264693
139.873255305176,98.7463213617573,0.894888680825896,161.689588754409,54.3113890257768,9.02586609925292,medium,44.1056664816416
178.501068285859,109.378333705618,0.896409628058238,159.671048951352,41.5976441811036,-2.78039972034206,medium,64.381853595892
79.3492736492305,218.255338989878,1.04797861147349,159.870118086349,30.4454608481294,1.23825329741269,hard,15.8939202560095
157.787641551303,73.2540149346135,1.02357825596893,153.088062785956,50.7137712746544,5.51148294551095,soft,65
97.8475384783547,24.6390143245492,0.956677360236705,163.091755085241,41.4525886169232,-3.72555702358725,soft,65
79.0403206353046,117.167800087858,0.865824283575386,160.627178761765,26.6773792442362,3.09129214973002,medium,17.1506022204632
78.9813233272488,160.82022216506,0.886508780849039,153.19616021047,31.0633153080193,1.03526058829765,medium,12.9995355455531
113.660032452682,30.6514055912089,1.03827494720363,164.720257351297,23.0970305811211,-4.08403796287461,soft,65
140.240089667524,146.323535890635,0.988310163000428,156.639854540141,49.4794837715793,5.73091189110391,hard,39.3607071692728
89.9160526378144,233.525109473858,0.807800704794655,162.175821416215,30.6080101507157,-0.551061988388083,hard,12.4171623650715
170.590335677337,135.54754865137,0.970505916609286,150.122813448724,42.4552433688886,-4.08089212310215,soft,61.5588745147249
80.2194424969268,86.5914434996558,0.802537400171511,160.02531394782,45.0012239938918,0.827555402556923,medium,25.7488636841885
92.2667677249523,148.016302817517,0.7846078058612,162.160372916412,41.7338116120133,8.04680737909985,hard,7.21980366494035
121.10916985774,136.083859037997,0.838554101769471,150.306668556608,47.13203109777,4.89482767339715,soft,29.8096490659908
127.254477150576,229.452336068563,0.923052202810138,158.596047579002,42.7998566783155,-2.80573334259159,hard,27.3505983640983
80.1198811722549,63.0904458141943,0.863960944985666,154.42054822144,47.6910847999798,4.91029356502275,soft,28.938716930584
206.047740156864,213.730656671876,0.962040756558073,162.520040625538,48.0718510467621,2.94590688628085,soft,56.3325679149623
67.2199243161262,192.864825653415,0.819716964216832,161.677583268055,26.7002356760438,9.35150408643547,medium,1.75142920783719
138.777617856005,106.102656153603,0.885563149565348,154.486887877682,33.107885134793,-4.91728219137823,hard,51.4352913063438
65.492097144423,171.482557761496,0.782556627929788,156.463729567094,35.4267655014201,4.52365413774225,soft,2.28918698129447
153.056837764206,50.494071378042,0.86887701070275,150.987126667455,24.4783054358302,7.52127280594849,hard,54.1759452180954
127.315940223257,223.734256532043,0.788183600433279,154.218163465601,54.1434625845977,1.78867445310826,soft,20.1957498702712
133.399741690516,199.886950211035,0.794264284627003,156.970605561513,28.5828982732021,-2.05049249826099,medium,31.1109830140187
70.505422770334,124.309207627383,0.885210006556814,152.214770754744,45.9592509849805,-1.16740588063448,hard,17.1045867045958
83.4470301306627,245.964241084729,0.848099831356308,162.704765515006,20.1596998680685,7.33590862355158,medium,3.76534618901176
78.1795469896061,149.737365565942,0.839650378040948,163.067718763418,21.2705589066961,6.04755581959071,soft,10.292252874187
108.956455512607,235.531419358408,0.845306006691802,153.794070906142,22.5543953492248,-2.75537907580811,medium,21.2929738179027
62.0941891666871,162.938349947795,0.827621702427896,157.38373792487,20.5932262382828,-4.46416855831726,hard,13.0780076445764
118.067779746255,233.11189983737,0.947756357269502,156.659637600993,23.3181448916553,-3.87516103819133,soft,32.282979796405
73.8401424123873,75.5850587063686,0.995617943140979,150.601903742316,42.2717716999751,9.13138029217992,soft,22.3963848879935
105.438960063351,178.200388675929,0.85904047098013,163.05476673855,33.4468103219424,-0.417866042537471,hard,23.9277051862402
133.59087165168,23.2241984202987,0.967728846761634,161.106879025717,39.4863232318289,8.16657416885374,soft,65
76.3873150454941,59.8414254583982,0.913720577580457,158.316617952451,53.2823113300771,-1.54374224314091,hard,34.7519935247196
153.342937525332,99.8614630540857,0.77811005880697,156.148594389239,22.8848996121342,6.42507970676825,medium,44.9655414634134
197.239442995814,149.716449820951,0.964677340982611,157.821773650374,48.3025627290635,9.07626177857304,medium,47.4338996777161
102.399139793069,167.348895526528,0.788523341414948,162.839876420835,40.2170637804872,7.70374851094071,hard,14.5726951842702
150.749665298906,203.934007535123,0.972347821430645,151.835182295635,41.2467608916981,3.46631075928654,soft,40.7414761871451
129.808999564342,164.190206450226,0.759774584280876,156.563062929028,31.7124519619511,-4.29238391557595,medium,36.5754261074742
167.392575263703,37.6283762448552,0.761811475417176,152.175360449117,23.2138646677191,3.23056844314954,soft,59.7899712812233
170.562926281739,87.2582701348165,0.955170773748237,151.933420896064,35.3689294050601,-2.25133746464763,hard,65
65.1207311685919,204.404016519472,1.01838808441034,158.903591108948,21.9565810320947,8.01935681956305,hard,0
86.809384951867,141.48920837144,0.805868270061497,162.041767994178,51.6031995241432,8.80404046206249,medium,11.9880414365654
192.626923300998,61.9483818316384,0.782560276029005,160.081938488903,36.3238514543237,3.38891980017614,medium,56.8736128240828
134.268547920362,136.92223473121,0.83422166684153,153.36067865699,42.2105906562732,-4.00488501528932,hard,42.0001945290985
125.918390054569,147.780143837236,0.895389780457684,164.915959069544,37.9710077303632,-4.34359216908084,medium,39.8133819330822
69.2338123728883,78.4740737927779,0.974992185309729,156.663418504434,30.8543426076256,2.65464862459938,soft,23.1449100659783
191.275072449297,136.597378456621,0.755654296701792,157.505450495041,22.3252828386042,3.3550911701904,soft,49.0575218877496
152.727646796109,41.5922648523117,0.961877496076049,162.263977182788,43.0100886572373,4.29888268982863,medium,65
146.973954418531,121.35156542908,0.945695520067314,160.269746050045,53.5578389967614,0.382208246175106,soft,56.475187728557
79.0274671721824,105.245478310532,0.810299053429699,159.827270169268,21.6885748933289,8.14350461230897,soft,13.1153641714011
63.7713592999442,157.222959907932,0.812053002979104,152.694102114563,39.3442989256966,9.30729258199011,soft,0
148.970634895305,140.407955829917,0.832258994474936,160.416457866051,24.6772896832033,5.17478792154335,soft,42.455737317003
97.9148590379789,118.97016948807,0.800727554677568,155.01781214834,40.8406511713292,0.195967733033951,soft,30.1076633004946
190.974342717571,30.5467308016899,0.906457076141285,150.985116857288,53.2159421224776,0.13135565653428,medium,65
114.045663431871,196.244547966093,0.980724680167369,152.672309983084,54.4951288892481,1.07892655079375,soft,26.9102509158978
180.144968007879,114.481491866019,0.765384052228946,154.606005111321,50.279082953772,-3.02755923402241,hard,52.8710859811854
168.347683878231,73.6869184133928,0.810599258908143,156.333402103016,53.537006895895,3.3402891522902,hard,55.9232584322141
173.539303052441,135.748224671563,0.977210517339895,160.674890347492,28.653717283576,5.11065118232953,hard,53.0569311954201
186.865790185621,131.643787063574,0.87821269278517,158.73682838683,45.934598471714,-1.17539956194992,medium,56.7095678319311
168.182308819555,126.546941608518,0.978854409634498,158.826098106895,52.0057036373018,1.0525562873853,soft,59.1108656120094
155.425126539592,21.5497440578553,0.93214225858803,154.085256329547,34.151154889871,3.93230891032876,hard,65
134.359566332534,152.847757947697,0.846372604252039,153.33097637871,46.0138207022673,6.08683699686792,medium,26.8416660471647
163.911167946912,217.183480695264,0.893745309811137,163.523965677979,41.6593975348187,-2.77812790666226,medium,41.5280237419424
152.343725360001,28.8821545019747,0.814379322631761,152.365771767528,25.2531640987376,0.209868874113355,soft,65
153.884642557272,174.774246745652,0.798186577339603,155.586713102584,23.2380812480387,7.10682174543838,medium,29.1143034889659
118.545725275637,94.2272980151103,0.839716231438086,164.396016426048,32.9044147597425,3.31310803507285,medium,42.5171692954866
145.576214911242,228.912282928595,0.911327490725054,157.69126723578,20.634708056735,8.304771344003,medium,23.0539749101994
123.460624833518,104.258767575548,0.905597909242058,163.174783966391,27.9200122661603,9.70162713657182,soft,37.9545363403027
201.156704385565,28.0554870127396,0.841742567546665,164.839285368824,33.4728500870454,8.12752999448638,hard,61.4696072780944
61.672588806144,141.701951015629,0.779667834682371,152.289253423396,30.5763676613342,-0.999210434819814,soft,10.2156885511402
88.0283616906563,171.035592851088,0.867349879115377,160.8471315802,29.7967283502589,9.42059546011504,medium,7.31241605529887
115.092264328303,246.633778455765,1.01471736472315,155.608320811345,25.0422521147665,5.84369397686841,hard,19.2103829965635
171.067028868609,221.840820272956,0.912903289717076,162.760807534689,46.3164477964262,3.21496324875089,hard,35.1287078072561
178.442162664457,151.387312934301,0.860975092231695,150.249853409304,54.431664860355,-1.45040599659047,medium,51.4255813705429
158.179376307637,43.8752179386458,0.962147093669653,160.994155166056,52.8008261747846,4.06945345009771,medium,65
104.975302143085,94.7120950003667,0.770038429432424,156.915601646999,44.6334016933012,7.07466798003247,medium,22.7764412832071
161.434135367646,184.795289395279,1.01184088417534,158.599597695955,35.8042898930777,9.26120914688176,medium,36.5469847781462
126.184226464763,116.311686038104,0.8225778791756,157.786243990083,31.3387734357924,-0.534950914351723,medium,39.0436410267203
123.362071315344,167.937559696784,0.877458909692105,156.15580696537,40.3627026208238,9.30078983557797,soft,21.7502462557921
190.736303381582,156.579240203277,0.770310732172949,164.78534544918,54.6194510404323,1.02366523601724,medium,46.6479294202487
74.5574901334071,103.871396660225,0.87038420014945,151.998837097179,21.8107761192261,1.81295953935738,medium,18.1952523667188
199.612843164531,70.8292694352898,0.975147208260214,152.804913071597,38.914230444046,-2.76138602882077,soft,65
93.9612336278017,242.66070756014,0.857459398729855,154.502318358353,40.1830023612069,7.23464588835933,soft,6.74676998146654
113.624175454697,140.309110383811,0.951471672159647,153.810491696651,31.2633789615993,-4.36440986565857,soft,43.1494731342442
157.525192647703,173.78650103735,0.915584955562746,163.097181571314,54.2237331760042,-4.93824595921701,medium,50.4432630533849
96.1838772641827,85.3177896931558,1.01848639384926,155.091145620172,27.4264545987982,4.44232973891076,soft,40.4748943349882
130.443871966345,66.0267197420264,0.94572876096753,164.562288022387,29.3514129451436,1.67813069713219,soft,58.1089888813354
180.51217427296,136.099048866755,0.870624464995225,160.180328565145,41.6668902308716,-4.91971353782167,hard,59.6800350701468
86.7176604184248,194.240909357821,0.965416991052828,150.206699626476,33.7747600609219,9.16293822780063,soft,11.8074425468145
174.539175227309,188.937299078508,1.01016810156043,152.57165634943,33.2060564810512,9.79695389855786,medium,46.7859863479755
141.738432012295,161.352419799236,0.805976397318001,157.439607093727,54.5770950016328,0.843569342050133,hard,33.113332523891
164.206270918377,61.8777353012363,0.8113584871728,150.153974229189,49.1783376237624,9.34092382878408,medium,51.1872834377796
81.3918943595792,28.6472741664399,0.896975839737618,154.192708224786,33.4171510090429,3.54909550935946,hard,48.9172956401856
149.669779243868,45.1592242056179,0.835493555032053,161.200106309897,39.5087266224787,-3.36613962174383,medium,65
95.025533063446,113.103756272161,0.990195055814739,156.613826678782,23.0612242881547,-3.94602238798334,soft,38.4792520065355
180.583930712995,33.3718140876127,0.850371267492652,164.05907406765,43.3303729124009,2.32992566854827,hard,61.8030078212224
100.540963723656,126.601513819145,0.979377667379876,162.143790358219,48.0030208881448,5.49374090363245,medium,26.3749591617449
96.741025145875,234.321194859362,0.766615888227119,159.726650463499,31.8067856883233,1.23718672830595,medium,10.8071618873498
110.050793544966,126.099035214737,0.775918748880267,161.593120343087,27.4957100356513,-2.236851494285,hard,29.2251213475478
192.31840275057,161.937729860299,1.02659182466397,161.483512888931,24.9610752680912,5.96644224849303,medium,54.8206500857074
146.259211488173,34.7572058642766,0.881390440787557,162.503652021178,53.1967019111454,3.00651086178866,hard,63.4878120576171
96.9261595348492,232.981791374685,0.78405580585478,163.434896699359,33.8315608578686,7.92551454872502,hard,4.43826521682941
147.601484861628,51.9708792401098,0.89085705736653,161.843806648218,38.2411878574674,-2.02152027664055,soft,65
152.889769073118,167.598783961384,0.923971018977383,163.733529294995,42.5288625477182,-4.60338830033922,medium,49.7562716146373
91.2669281212615,193.375370574705,0.969172903926473,158.895629354498,26.9948133192659,3.17374140869679,hard,11.645279034301
122.046911875676,124.962618936372,0.832844751042129,162.81562468721,33.8861588019314,7.96568003333008,soft,26.3767209786529
174.963852917406,155.683951126227,0.863119124733166,154.300482852346,39.3348917514859,7.42112284959147,hard,39.6041954782521
118.588380846324,74.7955083670842,0.909253704687276,150.504498676086,41.4484567596006,-0.410985244401115,soft,49.8997133357854
65.0258827461673,215.862273588121,0.964701539617166,162.301139256608,53.5382219358603,-2.88884328238174,medium,11.6593870036321
159.094626206848,218.823044256059,0.890054450826952,150.032453038512,25.9066693999235,4.04180754327584,medium,33.2494300258415
73.5514137540136,159.631461584331,0.783990714668392,156.782843800332,43.7884138489512,6.98949193027047,medium,4.04306460094563
203.800474744112,164.960707548402,0.981782477120768,156.164348368632,34.0919577783282,-1.58700647074836,hard,62.4005771487214
75.0857593978011,195.061537090465,0.991419838976979,153.561855358725,54.7549064605797,-1.04704629389093,medium,13.5523937417225
109.466562006504,225.074887870184,0.912242607512968,151.390774871377,25.8799272229275,-4.14684849801625,medium,22.8480727903494
178.255914170684,174.026873390835,1.02013451145778,153.857721958302,40.953621138161,-1.69836932785006,soft,58.2317009029887
95.8436962531764,182.889304407906,0.857965512943119,159.229015559494,21.1331029348832,-3.04028448853816,medium,24.644551502311
68.0269323942518,176.01945638802,0.95105525563394,155.333677681173,30.3096273942702,4.77873368489996,medium,8.99786154601119
205.073094648803,25.5247096610172,0.985517846332693,159.30181389175,27.0685279693631,-2.89790173631365,medium,65
138.226585102598,193.23177482774,0.900189083603507,157.702741427143,27.919354468818,0.319509796145272,soft,37.3008324163244
188.397586803299,39.7917601407747,1.01959747746003,160.973290474052,34.0945479283003,3.32622421975999,medium,65
188.667055546592,26.6610802831103,0.907135402479097,152.846024407639,27.3130843872617,8.28073119297947,soft,65
123.14266781229,61.1535055145333,0.98295321642944,158.766181416084,38.8617239941101,-3.84952686074678,hard,61.4345776540798
190.332594833107,24.2854950854707,0.912251071661711,158.525120110352,26.6627456485066,4.74071275435204,medium,65
129.552004839064,217.964385205968,0.88416546936982,151.081684467366,50.7050711370892,5.92352284795979,medium,19.7080522314104
159.67224452797,231.10884257647,1.03063412415087,158.002214334887,40.8798068564494,4.74116585394752,soft,40.3580621876391
157.443725259391,217.552477245872,0.973959214256996,164.064600328417,36.5956890419308,-0.588665494809839,medium,44.5316235985321
129.073552145286,201.721300795779,0.855956716094911,159.723227861677,47.5899403156703,6.7498205442792,medium,25.6520627465946
187.02146279896,131.726068779746,1.03392135498402,152.111342976831,41.6431478805129,-3.69847888687104,medium,65
111.889504510487,54.1245361205155,0.866203031239536,160.435355878999,36.9516019880423,4.36339670760136,soft,47.5407801416435
104.680968079184,219.231322201327,0.863095203612784,163.962588509284,40.6541548427922,9.41691275690206,soft,10.1946065772676
157.392017997841,125.314025629002,0.760300097339559,164.551363902467,35.1330098242525,-3.54642485996304,soft,47.8186102404268
62.7457076495017,83.644738575453,0.761319988942421,159.871378867521,37.0068407130441,5.06452417284331,hard,10.7526594714702
153.492377239904,249.567587430114,0.814563215751229,156.601138448905,49.8031512305954,1.89078088387198,medium,30.7829899807106
105.00959342686,204.900782028558,0.786786960229391,161.473192375707,41.9579309906771,1.64940347637058,hard,16.4861846032779
169.152927736773,145.924563476886,1.04833549494887,157.269953828249,39.5607004621467,4.00983460050051,medium,54.1191511093155
204.707556767896,203.286027290358,0.912805373627258,151.182091723669,40.1415542974454,9.33464726754535,hard,45.1772868518469
194.16551999222,109.630926368299,0.937391915365651,154.142963722089,29.5911016373319,-0.835595193109485,medium,65
103.903950626317,68.7874056014813,0.979294045392964,163.750324514914,33.5245896221083,3.6497384283442,medium,45.6520444951779
133.694894475106,41.5368301464448,0.922155566438897,152.38893485658,37.2416678116509,-1.93073757018315,soft,65
67.2240476955951,114.612619957181,0.87097580012502,164.179816976795,42.6440318903378,-0.602783079929492,medium,14.2692112548602
140.988211103868,249.14314345313,0.810988646412867,154.298373237704,28.1319745358821,4.64704557009005,hard,20.7393357989946
182.300238505552,184.454002805487,0.838378685907118,160.574034300446,52.7965370215515,6.68971958116762,medium,38.2203944387406
108.095585138911,36.0659370020438,0.846528530303564,163.680366954455,52.2260954385631,5.25530193355963,soft,54.5462976816728
159.799540692567,70.8048898165215,0.813593350079888,162.80612806156,49.8786384612927,2.32506961654812,medium,53.40615922596
64.5830413182094,143.566639704289,0.941897899328289,155.930588663448,32.4379130490679,6.70500460903279,soft,3.44411581924631
97.4620594801862,86.5373966010729,1.00556714724531,155.545252602095,49.4655355249217,-3.23029696931013,soft,42.5542084767329
142.25748513065,23.966682892861,0.828718439032844,158.2332363514,22.1977931284704,2.37042181044654,hard,65
155.187231261165,235.1333531845,0.945605438016765,155.898561299586,46.698758324054,-4.98196070131794,hard,41.6056426695101
93.0317618191126,70.4799624415249,0.965197418287418,161.532307867643,40.1395002424796,7.52650903123534,medium,37.6973887752712
174.067482428505,183.471098149958,0.810732059854105,164.646181321491,32.7650016714415,8.78282626188334,medium,30.8061794423454
125.137325682704,73.7348708527879,0.890446459772408,158.540233452255,32.2391558983659,-2.04458007204236,medium,50.3666908224226
64.1039556003676,120.40345939021,0.913906572446049,163.020729465181,39.4924076690297,1.462319634364,medium,12.8165961306091
133.980039726667,227.828871837019,0.76317124471849,160.074123502346,50.5495834592534,1.85770049935049,medium,24.3171071287591
119.33977850579,31.3407347431677,0.780714945261616,152.509636407753,25.5935309118613,0.947820486158205,soft,61.2320896707588
90.2347183215466,60.4567597924284,0.957629751645098,153.579651039079,21.6353967937725,-0.186404676856449,soft,42.8982954279314
201.303827653562,149.948931417846,0.846181478135143,161.030489528161,34.7715470920426,4.36735976225016,hard,47.3486324545124
98.3981126842655,33.9600790787827,0.75329402487361,160.335636502184,50.7138715671084,6.31371927882239,hard,45.4798361956467
114.384690805901,59.3782975054816,0.771350489103176,160.445841478084,44.7406385236474,1.80298274250743,soft,45.4588622397379
66.879995104093,249.567466633969,0.841334966131061,161.47431640521,34.9698030431112,4.64171625428899,hard,2.98374532137109
136.054804469678,234.846164402402,1.01250689045775,151.408304671809,35.8278655361078,6.38414609596344,soft,27.1886317971866
184.086931446802,54.1499685724341,1.00640053810102,157.453636610821,47.1022140238131,-3.73856751444346,hard,65
172.504066468765,31.8533787771467,1.03506697623069,157.16616399343,52.9959126788333,0.289188217196814,medium,65
134.408525854848,223.256466185469,0.92213066002801,152.396689262413,43.4793871267859,5.32562973321688,hard,23.3493757677169
209.042398632305,63.1164262211875,0.862763016012644,164.057577503844,28.3979124187382,0.995742320486011,hard,59.9634216147334
136.437740292562,173.917476671383,1.03789107045783,156.181809766242,36.448709016604,-1.89084056336534,hard,39.5477075843837
79.3364545402887,208.473789954896,0.868077246752894,164.690294788809,54.1689287651399,5.26825554412813,soft,8.41792826482371
90.2440394406923,82.5704443250109,1.00197809720082,160.188295886815,52.181047565526,-3.85321899635369,soft,46.4469515291673
147.393514644281,239.936446548884,0.983826004946828,157.870441143912,30.4775468317069,-2.70451163495485,medium,39.2237237502262
186.797291377605,182.203662646113,0.899313094931025,153.44014496125,41.3305232077703,3.51500259437855,soft,49.964789302658
116.007298772778,218.714897487841,0.982900373054632,152.615903813393,33.9565276823493,0.928578698045645,soft,26.2798336736367
113.210257613999,182.573883274089,0.79901047400547,153.576517121502,45.4244117178825,9.11595964719209,medium,13.3704401033114
102.483596727615,89.5002111581818,1.01590185578422,162.861319502599,39.3811172773626,7.70524822744774,soft,36.2430420142968
99.0222632385767,153.563573308287,0.840462916069615,159.231839256652,26.565926478546,0.520266423267196,hard,20.104174745701
113.488284045055,78.7953603208543,0.927353225627377,160.043169122757,21.7096037856213,0.114702205429392,soft,52.8881405607693
85.9873680052368,107.851354810819,0.932244219767984,159.712088644715,39.9877769687838,4.43885716106207,soft,20.7435217122402
71.2547550053194,34.6756471648464,0.976188599320599,162.502559342435,23.9585335339396,7.18016210737842,medium,47.0551252580429
209.023506668234,65.4955623577009,0.812709975056797,160.432696758616,36.971583763147,0.5394996834483,medium,63.3076832331601
120.386861778546,51.196600224577,0.958761155009454,156.672860150426,27.4820676279361,8.5076210500442,soft,57.3937923553916
183.9677273775,77.7322266559717,0.995376078459467,159.246034456904,45.7425502943476,2.156590544917,medium,65
86.9498647662258,239.073435491032,0.961139940122947,154.382338856785,33.6368535425563,2.90085274272036,medium,8.67065009885409
174.177526275563,247.416322067756,0.80513256318925,152.340880610318,38.3490760406409,2.91907332424251,soft,34.4173095908174
97.6757668725331,187.187594913369,0.845759509857418,151.705703904878,38.8489177713271,3.75015314684719,soft,15.885996749941
84.5613288299073,114.058859465823,0.773054038116886,152.349095264081,50.4412190593721,6.87749925009305,medium,16.2048780630053
199.334849127852,140.545724347003,1.01824989728644,161.234840321504,40.3113909580901,2.27602483912284,hard,58.4482448564146
105.356447011978,192.536600676995,0.991879896493796,157.425827144971,35.4775149520207,-3.8173961882879,medium,26.4816585270319
65.0562165579692,205.957864870154,1.04035848028568,157.41345517451,38.7867757357727,0.836981771111934,hard,6.65108888321992
175.496130958115,77.1617602618427,0.850444636707482,159.213938142434,29.5252976989271,-2.66270517373143,hard,62.3335622914162
141.119813335555,150.065638719678,0.987814414571632,161.19850319482,41.5302875473713,7.43308006611859,hard,35.4261765957913
131.746830740425,248.76542755645,0.765221295435636,163.200672837013,53.0815469350776,-3.10810560574391,soft,26.0370551645902
152.37686847795,152.135571153731,0.996643377624553,158.146741664166,23.8018134762232,-3.28673217879678,hard,52.5739333619882
167.095494653195,143.103776585065,0.913543541422599,155.371653639359,47.0618580148598,-0.94577243428617,hard,49.2370685774361
138.65258832001,168.45992915889,0.91571221102207,154.686970125737,32.007412937263,5.29573926946043,hard,30.8208650218841
172.481211669043,98.7922105829749,0.971898854941438,157.085432714565,47.7171664373167,-0.946353915708215,hard,65
117.972030315036,71.1000450325731,0.828542618451082,162.834569523132,24.7020380323106,-1.96544511961094,medium,52.5339850460038
102.389836769087,142.59855029885,0.807294319522325,162.468055928188,51.0224064134682,9.9205150010726,medium,16.888742090865
72.988377731566,237.003375070005,1.04013037544008,158.204530715671,27.5896407535168,1.88383171656523,hard,7.16284884547102
200.925419908278,139.797866405629,0.782591629477406,151.249455518602,50.2977023839105,0.864777301884924,medium,53.4148243305093
129.566729081714,28.6678032651273,1.03171255655182,151.696459395647,41.7075611256297,-4.17017102576557,medium,65
174.97566586283,40.4187908446068,0.889912938767386,151.142560907818,32.1791392252617,2.31344769665979,medium,65
65.4381737249124,75.518017728152,0.754490368401579,155.987422435242,43.6824899948295,-2.47698185605389,medium,18.546474488625
203.316626521654,85.5645091970651,0.806790973024034,161.667905469284,27.659471221512,-0.573983147349936,medium,60.3222085685462
119.623337832948,92.3937338788033,0.770158438677222,160.039109465312,31.7492100480838,6.22249745276686,medium,31.3982661233413
99.5006354285158,238.900768660701,0.82331273251789,154.397713364055,24.5864228288252,9.43476357796306,medium,4.49772686143702
145.613067116619,38.8394826771627,1.04079355628127,157.504294077356,35.0974906024308,5.61318329496728,hard,65
208.468836422708,200.135641155041,0.861114262045265,154.506899582522,43.7699540679649,-2.53890585373998,medium,55.0453850597666
138.951453516001,101.245771748717,0.849207848888396,154.167010007944,41.3907500144569,9.6958849260633,hard,35.2869262400011
178.35164025288,206.797251597302,0.932598553440804,154.001805539491,27.4041111807862,5.35452198468977,soft,46.7069990600725
91.096639207235,62.3306783943182,0.951939044405893,153.819343188281,26.5951731936737,-4.35489550153583,soft,49.9861651536884
90.2421357125445,129.334086521616,0.995819345349569,151.588273932912,39.0784390675056,5.970307172181,medium,18.4601230861391
100.927292293204,169.495857532413,0.893373733402442,158.347006749096,50.6774141011275,6.1016501319798,soft,21.6501389372999
191.03063823285,153.986104622151,0.758626504184708,150.672365939673,38.4642737562155,9.58225669749699,hard,33.9685994031891
150.189133701245,110.855192138027,0.809278928209376,157.054382627695,26.8190795368848,-4.73734283345602,hard,50.0977503545291
124.86032955537,48.8839440585173,0.951987933051769,164.421159157594,24.4740868776473,-4.50670536464649,hard,65
72.2601563627381,171.479522558619,0.892932474906945,150.948735604006,32.9056798116205,-2.18049599935299,soft,17.2731681786589
138.693834457208,23.2485239194096,0.971337776875017,158.184563791325,48.2262969489439,8.36264094646981,hard,65
101.426247422513,42.1582942276205,0.837406989855646,156.680324715635,44.9956991749355,-3.78154072894039,soft,57.7371189859851
83.0890643040274,215.482296574296,0.95859064019898,164.78579702532,26.0982490112735,-4.65207597544432,soft,17.864638141465
64.623091619796,63.8487498441245,0.879817896312382,159.96431926079,28.6117440518366,0.389577673231866,hard,24.3271823104258
173.35435076623,37.5083463690475,0.812547466765673,163.430678770274,47.5067425346951,1.22884566464639,medium,64.5629428851769
99.0798090024476,149.113008569656,0.970290119133603,162.921255729917,41.3873408602958,5.31040459695279,medium,19.5533957609699
139.383103285566,102.345010131466,0.878047385869091,163.584735301875,32.8403641617189,8.4669565925917,soft,43.1001603850639
168.449536603587,137.970341716887,0.772109838010446,162.809967327476,44.4060480794314,-1.89840582373838,medium,48.1952032020639
196.148913760908,183.774883240531,0.899542634715581,157.846914227536,26.0721710626845,7.91163286566517,soft,48.4363636050431
190.863282083696,30.858700092447,0.941666143848522,152.835757210061,40.0076030976497,9.80917710279648,medium,65
89.5452461707138,69.0375445767584,0.929420614243773,154.571117179201,44.7912952023835,2.65519498022099,medium,39.8896452063956
90.0571945795384,27.1789578748721,0.764896839969925,152.539880039555,35.5025789639533,3.0324850061707,soft,47.4964779816297
71.6288388043068,215.830929618909,0.943545387825842,157.672935105286,54.4531983624084,7.74578188216108,soft,4.15920785956924
94.3538091914807,237.764520415029,0.952407866740961,161.201267939508,24.3586271619386,0.585293676257431,hard,15.3816931053326
113.036477106637,163.531857257412,0.90164750585913,150.273970557072,46.9632545886541,9.99881239196731,soft,17.6433633350859
78.2433054592327,66.7810494157565,0.968288369717916,164.304611232821,24.3645579599932,8.57578448076426,medium,23.8795101267253
136.387037885264,232.266714952479,0.91460706481972,163.147389282681,54.1055695797034,1.80670669734738,medium,25.4672769970814
181.29456626381,109.048755369295,0.980568482895399,152.53960522697,25.2903653543634,-0.717531623321181,soft,65
95.8388683315842,26.6730262747928,0.960535422251416,159.721453620033,54.7257950492996,3.67986888024716,hard,61.0886353715659
173.391440108079,115.095446367124,0.897168248896228,158.287665162153,42.1585823391602,6.53577578905258,hard,49.5201329317562
102.756342854638,59.0667643371252,0.933376831251695,161.076422136642,43.6510734791212,9.08669589444828,soft,45.2542210173368
135.913181848221,218.76834240138,0.758611143484081,150.034307631774,21.4106757218803,-4.48736645199057,hard,25.246042194999
66.5795038733692,243.882146087339,0.970000975753594,156.278771362454,27.5838493164089,6.24212063664005,hard,0
171.896622043296,245.77739304613,1.02039716928875,161.685582382277,28.5502315565707,9.8554547346434,soft,36.7389549048569
95.4549322715054,42.051047613109,1.02144974826873,150.772040069572,25.4193955009237,-3.27034950435316,hard,61.255483463023
75.9048496004179,35.5133147047856,1.00879895733997,163.329865447771,31.9881014106587,4.38953952938249,hard,48.4313014383135
153.978596196548,70.4954707271361,0.786065422381607,154.379304657946,43.568163168902,7.33886405937154,soft,50.4394306785472
145.255047591823,127.67205362183,0.753106899800037,150.729055389345,34.4335593742823,5.89159240441953,hard,33.2996582013992
98.808604556331,164.833022173627,0.77282500226062,160.559918239248,38.0466085503385,1.34440840023359,medium,19.6999438858102
154.665787866801,124.937767314093,0.855270128897203,157.143149430864,24.9607868208845,-0.231916035559186,medium,49.4598872112249
151.213494943,234.188389238824,0.826365543924652,162.937807635161,20.0804010139643,-4.49146331461764,medium,33.2803646028958
95.4281258412348,113.164275720695,0.941398405769458,156.690048282177,23.7941009935978,2.8533694332179,soft,28.135045197412
178.024797034133,247.460188494614,1.01037153030102,151.723035703669,54.1424564854556,8.64012660759589,medium,37.877785865231
95.0526664858646,20.1238777676032,0.832622093383176,156.115833395961,23.3949306851354,5.16660288473656,soft,59.7857923090897
127.40423952019,162.188402750379,0.999254416735855,151.663999310546,26.4823595069513,7.55138209716933,medium,30.3651954709026
68.5261051559578,76.9137198036258,0.906287383244114,163.528285505033,37.3576804418571,8.74634351867823,hard,14.8095191951402
182.620505738919,146.500188056284,0.780635276798711,157.048229351616,54.5442042608465,2.32773696909128,soft,48.3196378652846
61.1871282180924,154.303127258797,0.905718461767886,151.309268109768,41.6214767894819,5.74491212456963,soft,1.96989629676231
157.071791139547,99.8912410389525,0.757125103301924,156.137949440341,49.6988826705104,1.46603906310164,soft,49.1396425005892
89.1031080583151,33.9764763341424,0.821893023334751,157.232374200661,46.7285659362922,3.38582616127569,medium,45.3562362363145
102.222387387928,156.450212103456,0.868085117629878,160.35493265382,32.1884487209837,2.57469968460589,hard,23.4262978595718
137.347070162157,135.850104298852,0.867341325152671,151.358120369893,50.1418614088361,1.16164848770783,hard,34.6998783638896
181.49609164926,65.0003632088485,0.786780033737894,156.744126954064,51.2341124385834,3.04950835399742,hard,50.2273971364661
69.0950468729,182.568193847756,0.961142331086072,157.84052392953,27.5437258535837,-4.70671063591008,medium,15.3928303829198
102.498620036548,106.986733735753,0.895320694880811,153.041472300127,38.9662494472602,2.95145058405782,medium,29.8243896242445
104.278747172562,153.532298972167,0.751016501291501,158.706928472982,50.8359203740423,0.29262108864425,hard,19.9017750728889
111.928037241103,202.327075399263,0.918168964083904,159.003623616734,41.1824028264612,-2.49247106396336,hard,25.9784215773799
70.1078921927793,112.621334637021,0.883051008590817,161.108842271641,47.5672205796198,-0.0484826341357554,medium,13.90591302478
95.2353923553484,94.3049535194741,0.772786605227918,157.668949849673,26.212308498316,2.31830772462488,soft,30.3573452943758
137.18169822451,59.2102377154148,0.878263386919206,164.19120983211,30.7020522968394,9.39008997291871,soft,56.0438519927468
69.3070972538823,229.591370660025,0.979202289463945,160.565553076934,36.2017977264896,8.04684362687308,soft,0.775866184950828
76.9027664580151,207.413178712905,0.754234454150035,157.01904003667,37.8939604890178,3.18932224883489,soft,7.98380852734186
98.1709682862691,120.470055349813,0.819020259841583,151.451178908619,49.7778240774389,9.35965866185149,soft,19.0103363223163
135.300455243271,115.277686577967,0.780014990422403,153.349139845007,21.3128259393581,4.84641591940362,soft,40.2831646857428
123.262561294414,58.1680631906879,0.859880338450224,156.221202008322,47.4990073366297,-2.48492786771813,soft,61.9134694021221
121.666028149595,37.3430650274332,0.922859727955568,164.540746482115,22.2228324655388,-0.625270087792345,hard,64.0017649672767
163.003633765354,86.7976239491817,1.02284091410686,161.433298895521,38.7212707408555,4.92240706631779,soft,65
82.6536711690453,167.942994467037,0.841549618981833,158.087940280292,50.2423539608394,-2.65198030411346,soft,15.9485023212323
201.058611620978,97.9325944545043,0.82251326270598,153.527403419637,50.989371829952,-0.252176235495349,medium,59.3832163263264
106.677743292689,150.034209754167,0.963443102366608,150.659308285899,51.8150507041939,3.88894200303528,hard,24.0809640248613
162.250963497905,247.092611813774,0.757211121802574,159.018100085041,31.4453113507682,2.46778600009049,medium,29.9178408591604
131.27696118719,239.317427810076,1.03223778855251,164.088282293069,29.6556390864568,1.3713182383439,medium,31.1711371080695
120.89284059471,162.55863147092,0.83728318898597,159.625687576934,50.4263144987613,-3.97347516986748,hard,30.3225146255049
133.347635584846,137.650927738093,0.973852852289162,151.16881802627,34.262238110448,-1.03993871473316,soft,45.698869471102
65.1360458796744,86.5283914641817,0.968969932734463,152.606425547488,45.0997654481477,-0.192294301219825,medium,20.6920800603864
197.75514862746,42.0765703643879,1.03400149593114,152.638133216035,43.1323292284791,-0.799771303294349,soft,65
142.705830047938,208.649874580206,0.985776583619952,157.636388168204,49.0492909990828,7.04611087425631,medium,31.0484798987793
186.519197895738,224.224152666931,0.815249222986699,156.826445900939,46.8932494644779,7.56699608450879,hard,34.9255906271654
160.727080986527,182.329047485319,0.96333417607475,162.990634575086,37.4299732931006,-2.01294175901262,hard,45.6101062026518
184.986433113176,27.580537284776,1.00421886055447,157.951458147458,40.3633505678489,5.45149348349368,hard,65
202.327390833771,138.167572999928,0.766661012081634,161.891220608825,37.8812372881989,-4.48105130410928,soft,59.0308879473839
160.163613896352,160.647119379734,0.778837755770089,159.159096227171,27.9637640849405,4.93961494455308,medium,34.0566932089099
199.705991110541,164.12065429916,1.00265063860903,164.974259237728,30.2895876056732,9.09977191577176,hard,48.0266027457157
152.503698818601,147.948670123699,0.859868374124317,162.713641359688,52.2386842010318,-0.228782448885838,hard,41.8883171447685
201.223080594274,244.36077871182,0.946318105467171,153.464061221871,51.2914981356624,4.91550197089314,soft,48.1653209544137
146.774475911201,32.4209799503043,0.967728422606571,160.606837994259,48.784802607631,1.66441626543937,soft,65
110.934381056847,78.0301541281721,0.988443588012474,163.516821548585,53.5412430329496,-4.46875077696173,hard,54.9481039112042
164.833409095481,86.2099597874544,0.816499500289486,159.887131173443,43.2387803521647,8.54264358745479,medium,47.9501705064554
73.5439419104475,187.376000922697,0.79218199851673,151.480969562498,20.9329351655212,8.38120431525273,hard,2.04062837593442
129.52627066109,31.814144929059,0.814569023229375,153.760382173861,46.2891454855457,5.70109692276416,soft,55.3463484772835
140.662905176816,212.462666805956,1.03743010679088,160.036857171911,53.4191692384114,5.8139184698187,hard,29.8007404126518
177.914478842688,54.7679754523416,0.981314006673733,157.267073797891,42.6237695291952,4.35178100570474,hard,65
63.5306670580559,123.697359522304,0.96371062381092,161.956670995887,49.7178862863454,-3.46132813356452,hard,16.9273571855898
104.504279827406,171.810256575555,0.845817336580781,156.389246324133,25.1152966439789,3.45362511812568,hard,22.6355757523418
60.7525312790103,139.026671163738,0.883846098351657,156.4422833108,41.7042426401937,-4.27535514671769,soft,14.5018818846092
177.389479615018,52.316170554458,0.803522997110263,161.882338771918,51.2459138887024,3.05689832347584,medium,61.4738027646267
72.0110504660262,58.0029834902641,1.039336208737,154.967910859618,42.4123431846183,8.82484310240705,medium,27.5813296024779
84.4971274237119,140.338315245083,0.978423749790905,154.176296585597,34.5734314337094,4.12243690381806,medium,19.0126249875094
203.668439467216,114.522847833793,0.867723318097375,156.791321424306,54.6140293098592,-3.15981089480257,hard,63.9901736407921
158.737173658809,230.04781124436,0.941873618332706,158.523509648268,23.2144764079601,5.95506903888443,medium,32.7860060040786
115.415255114657,190.556194144543,0.97514310220287,151.61998799701,41.3160176025673,-1.57503479967948,hard,26.1933387098919
184.985246934157,36.182749272646,0.848167150270187,160.61708559296,20.3491568653986,1.01348560000359,medium,64.797246401066
81.0999011408509,44.9640989129384,0.753849776885288,162.985491602912,31.416225865517,5.60402766950163,soft,29.8518845502883
202.72083680569,113.345798519495,0.95188190519878,152.087312023085,41.0277124662448,-4.6677739366646,medium,65
71.9615525851448,245.45605532995,0.906518620611188,161.242806103286,37.4603174884322,-0.0566439207220153,medium,7.44803087201579
132.644750193141,117.566914616014,0.814710904418149,157.129939491044,42.1966751320773,-1.00801812719702,soft,41.1389517943574
182.027643298202,146.182413056855,0.870384618278342,154.891651275349,50.1735765349026,-4.16028446863794,soft,57.8271171162137
142.447970421652,157.435966328583,1.04271095899765,152.123565484392,30.1709954491044,-4.35883883353923,hard,47.400981427412
129.522451608016,25.8207987013685,0.956329297308798,156.755143190599,23.1725711354936,1.86521957479177,hard,65
108.857149906465,183.870305538446,0.945785418484507,163.649522401651,28.9510653505345,-2.30805820799887,medium,24.8294709419286
61.2440141715493,190.166779435341,0.975699394575763,164.513807207558,42.2570178758665,-4.37606167557758,medium,13.8681953841388
154.771708191871,34.2674633959192,0.769673322828411,164.450865248679,25.0953442789855,-1.85803694359421,medium,65
167.860821652973,141.966356809932,0.888061418206471,162.40129628189,46.3205641739187,7.77211720064856,soft,46.5049052796752
108.367346051734,50.9633852277652,0.837939898166689,162.226789386039,53.5638338526176,2.40343419864278,soft,53.0477193972225
132.811365721048,118.927657507245,0.890423619018217,152.754666505682,50.4304554399984,-0.610671496710956,medium,46.2055553714568
104.041612975996,20.3596750765375,0.987725464639539,153.587094028064,50.7771882094065,-0.730521923776721,soft,65
147.773585750497,90.5266824549011,0.925171411349268,156.146874520179,45.14488721483,3.87209541682515,soft,57.1688037937647
121.758606587681,87.7508412333528,0.853164619330885,153.412242758742,29.2061196420739,7.1397615777309,hard,36.0317046715676
171.280872809619,114.255014894149,1.03943460385874,152.480065323119,40.706007635765,9.59499998164915,medium,56.6975727806397
151.563874049151,166.833988959881,0.761454512054346,151.249590764285,41.2977202284336,0.169050524112896,hard,34.9921976414308
78.6674987384122,34.7258495714541,0.963398543295379,160.524927612663,37.6187401537657,-3.51562161925524,hard,51.067432467016
191.085173011694,73.851100493765,0.957547800356093,164.689776616435,27.2159682805975,5.92744438376711,hard,60.4857402646568
205.991479348967,48.1838680915719,0.888919255457616,163.29117185751,53.2636394748166,2.51819642935965,hard,65
143.843421907638,75.4117091668924,0.829450748581256,156.233296793493,29.3467571286906,5.60111958460333,hard,49.7113605800887
134.789102443837,243.736605182177,0.941446611071122,151.61963135222,23.1045779609052,-3.39112949575187,medium,28.7212251816636
146.079551099625,200.630191850245,0.976824799584662,155.202193435199,25.0503532881659,-2.40697892964691,hard,39.7247856653758
134.131406516259,163.545075754025,0.871064475600735,160.518611417916,40.2594393131107,-4.28569648209121,soft,45.3629791462138
170.662592602159,141.744668448852,0.856959989589084,161.831250998176,49.6766070975186,-4.03864843923721,hard,49.52813635865
98.3752834419383,243.251213813154,0.949138714431415,154.359466234281,22.4166300477173,2.53987710975146,hard,13.2970068305367
171.423549159362,79.785018935149,0.970123447386224,159.964027259122,38.9725472229801,-0.139859023079818,soft,65
82.4292545423513,26.7841800519741,0.979361942003723,150.644165833177,53.1315515957238,-3.53054149550231,hard,64.9669183058263
129.789542214708,69.5187438663283,0.754943086511632,155.732039961166,48.4488741900736,6.66017145484263,medium,39.1523346577644
156.748179355792,75.8517019764042,0.906331322680659,160.156303974581,41.5304870507399,2.7925426654715,hard,57.9361019295085
161.317501499685,193.165227024705,0.842856819445639,152.74865803812,26.6027161095724,-2.19076271897017,soft,40.173540305687
141.688433024395,197.199213100712,0.958229565889394,160.423557090178,54.7758244532127,2.73526199079985,soft,31.4550530467306
118.207254650056,240.038553534822,0.86851947112711,162.257293958331,37.7940104082287,3.3215886101356,hard,18.2977945131841
153.209292742742,166.665619882628,1.02034423281742,161.142609203788,48.2903253100558,1.76316120729708,soft,49.7926718025399
199.223451198808,146.460328779266,0.760731888065421,152.1853200604,45.9493263826672,5.57260684023403,medium,41.7270492234762
172.064586034475,214.924091740309,0.763775433796284,163.95611395344,29.6019977777933,4.41353500734314,medium,30.8624355951811
186.121351554046,79.7363832152233,0.83436110454884,150.119879465861,22.0926576457268,0.390639590477186,soft,65
114.355489797985,226.090212613337,0.994841274385046,160.429968823899,48.9004273448651,-3.36982144222566,soft,32.731770604634
122.337998959603,119.237088519644,0.94492042208227,153.094910462755,46.8312251698301,6.73850554820294,medium,34.5536648164587
157.554720890586,76.5297392025259,1.04371256526743,153.514448408561,51.8056047249624,9.4864228777711,soft,65
124.962465611623,137.854259045863,0.852663327456188,162.969477470619,36.1840795776972,-2.7285790591613,hard,37.9683234956385
70.5158943241144,129.760533547611,0.959451554650974,162.009548347173,39.6966542181502,4.47521920807782,hard,11.3619875938976
172.729787125144,166.60815160253,0.959253229896115,150.494158195213,35.6248791293897,4.3084706570369,medium,46.6552218052746
86.7831830085047,117.38921510308,0.822683497592367,152.578029349032,25.1448078196033,4.1520321463006,hard,17.3299635573957
134.768612635581,84.0598946568721,0.852150791716464,159.825358822355,40.2368640820371,6.35789100038978,medium,44.905665429087
174.364326229326,197.802417710906,0.849192758571191,155.138411661645,52.9119093641419,-3.59798605612465,hard,43.4376496688076
205.804246324956,131.487279835455,0.819135602369765,163.902058324031,35.2600235522412,9.59513503242474,hard,42.0240365535121
93.6284102089862,146.613854985125,0.920190370681609,161.335305409916,51.174641371101,6.13902254029822,medium,16.8519436982283
157.252881256804,152.361604236641,0.871409860399565,150.231996310754,38.6614538587801,8.68837994227618,soft,41.2377208162032
135.604802736173,168.475691866103,0.817531427180717,162.298619675192,34.5666391413836,0.595477032988904,soft,38.4857428967167
184.151952322955,86.9940421107891,0.83466928324943,164.620855809022,47.1695951625058,8.76943119484052,medium,51.3450979837331
173.54139504779,218.455093374376,0.770272218708357,156.95244809213,54.0296143138887,-2.85557499069547,hard,35.8080087346068
187.597621466185,160.845907471164,0.949429231644563,161.769924347342,32.1625699585038,5.54888489766867,hard,47.6307411135227
119.881769338939,157.295292755182,0.999141262515161,157.271178161814,44.0251077972696,-0.341974547541827,hard,27.9189746700641
123.192304920285,84.2827745228794,0.802415863552095,159.741592954608,49.5529010858492,-2.47076392974135,medium,46.4019280412652
179.039693083271,237.057636887063,0.970401256442602,161.113813185251,36.5600386296114,-1.46902798939889,medium,48.6689744636668
201.12786112679,232.342199909778,0.913207022940338,161.825393060458,25.7693617568044,5.40142152656552,medium,42.4225244651906
171.068559627251,33.8213346256696,0.866090500317692,159.09179011523,31.2229135064779,-0.910774942854143,medium,65
205.607704306632,68.0352972758442,0.96359576870225,162.685741130499,32.729998347291,0.356416932798439,hard,65
84.3100937073206,156.42509829294,0.967592983057919,158.772570041327,47.6764886713673,-1.74780549659036,hard,23.8721776196993
110.206021074186,73.6993658387674,0.818776953516787,161.849827273539,31.7528310945809,0.539491990747325,hard,39.0786964465789
92.07731986103,113.084390022975,0.827837671132849,155.685442288654,25.7226152610354,1.72781877250881,hard,24.9600213863967
196.867902568429,124.811962238704,0.783517719493797,164.814863139995,51.7131994142017,6.17761422503972,soft,48.9065262881466
100.357147230013,53.8387535232753,0.772809264242711,155.327728363547,45.133956794126,-3.469740059222,medium,49.8923417429286
198.529298109682,163.573990496567,0.930576313613367,163.62689650716,21.2239214153698,-3.11379297123559,medium,61.1327398169648
66.1778088664175,239.883954840616,0.992995445296289,164.052692301104,37.1013992755345,-4.85543578112289,medium,11.7254037108148
160.43361460191,245.904830472881,0.826237811756711,164.475695494637,47.2707250005119,3.4795404998813,medium,31.6314254751581
151.591885557164,213.00891976509,1.02871837576774,160.332098751867,43.7811107164516,2.01924864560229,medium,39.12963096525
124.497486794299,144.877839748209,0.79979432826592,160.069086691383,30.6537776685004,8.86702197812503,hard,22.8388164579938
176.628265659983,47.6213270659035,0.916860352267249,158.698777456267,50.0576337866671,7.41257399526939,soft,65
65.8776344220837,50.4923769468392,0.867633786337395,160.323366481914,25.4812019472587,-3.90808525278171,soft,33.8757152597927
117.129430557985,85.7370231281989,0.761670331870415,153.23155105167,44.2500037978845,-4.88405547222848,medium,41.1532371816922
65.3014426165701,51.0143070440496,0.976194833922936,160.065880653958,42.0864908978406,1.13123789930394,medium,32.3870505702441
188.812465069013,86.983532028659,0.831969985601136,158.932966047418,33.4498411419459,-4.21175726373759,hard,60.9968604752676
88.9616895551124,155.090713251385,0.768649410014488,158.379314442052,27.1626689046411,8.39780038834085,medium,6.01567913287654
89.3941828299638,103.841873463229,0.8376689922303,150.525412423619,31.6440751200973,0.261052673924096,soft,28.7757817380134
107.96762838953,45.7127979000081,0.965443430358007,159.233325120125,25.0269224521084,4.39918764766646,medium,53.3811029256012
152.393179268686,188.507452842854,0.922259858405439,161.109640559558,50.5498265888074,-0.802697867405827,soft,41.5559427740772
150.99177797007,111.070124566659,0.993379814020742,162.413639356285,54.9663271903774,-4.85887369344036,soft,65
188.833068526075,157.700321350472,1.01274736910332,154.424551116936,24.3497781385495,9.02368745425832,medium,53.5519902632906
156.80498446113,67.8935755824266,0.874028020295453,156.099012249276,51.1962422308034,-4.56501476545152,hard,60.7668777388043
123.054240186852,143.779643314929,0.863694471075137,150.641853147322,40.927219975267,9.02671072002115,hard,25.7123090234415
184.922735501324,24.3075336910938,0.913579598424635,160.94742325292,21.3351738920309,-3.39884883883796,hard,65
141.73904723427,199.002490913469,0.790652742741181,159.188332587006,35.2231133027705,5.17001456982227,hard,23.485970351313
168.415017955545,94.5071973513963,1.03881963723967,150.572916381964,35.0111645345503,6.26390540631919,hard,61.1572396213034
79.0582588691042,148.445648800928,1.02748243757222,153.231870166158,25.8068680202914,3.42195430699838,medium,17.2720462089791
115.335149199246,62.9891316525583,0.989904042405572,152.906634298956,25.6514804842147,2.82177049392161,hard,53.2055511029116
123.193512403371,212.779219820943,0.885890833433358,164.499887955868,47.1582162472169,-4.38908057620022,medium,32.6571101184443
60.998800103451,206.578691674214,0.993618373323052,159.411596013274,27.1795263922039,8.2848158453469,soft,1.90734773561331
78.1531571856168,50.2423680455731,0.954494223335693,152.011927950521,46.652270595468,-2.2142294186959,medium,46.8092925714457
206.235908993826,155.808131362189,0.796243724502542,157.012583157127,40.2179859098436,8.17724622501068,medium,48.4309640710123
192.764425773548,230.483444318266,0.959444099625121,164.952023080594,52.3677537821972,4.83797173937811,hard,46.2196706753379
62.9789142560087,45.1889883072947,0.916806587545756,154.443577081567,50.3044827674512,8.80588429785277,hard,22.641125927623
116.131113171567,142.885045137537,1.02060117460761,152.723840568919,32.7243826011851,9.21739446839221,medium,25.4669455596484
118.550625098453,104.110298184651,0.940410517614857,158.610700753703,42.4772531744477,0.637887111956427,hard,42.1150427926604
134.128923585824,25.0758844123303,0.795819315265415,155.52826990376,44.2378159484507,4.67136383251568,medium,58.052261468703
118.980869125751,25.6219010934661,0.859700695681151,161.690953271845,51.4423048802243,6.69918758591856,soft,61.9602399409522
190.948026341131,72.2073861562633,1.03437433571659,159.365911851074,48.4319909288725,-4.97776286455356,medium,65
105.36066326409,161.346549310571,0.82345092592733,163.935767773002,20.4707467662734,0.374136155555997,medium,22.4095393004306
135.080712659107,104.33004451723,0.947430786858625,157.80610801858,39.7412995978164,-0.631102185940464,medium,47.5812427910832
171.871878048032,212.423395527358,0.815564938539132,155.817420628058,46.1240117306518,6.40731040869526,hard,29.0068940352534
160.099124289443,141.153566571451,0.982613287416733,163.130196332773,49.7693004329587,-3.0712162014318,soft,57.7425728773833
159.128322942522,137.029717357759,0.756448992429645,153.524376667136,20.6016972490403,4.75135474715705,hard,32.1677424126839
88.7420012691046,212.541101790358,1.04347415715944,150.702266661668,27.0419372629228,3.24374704308367,soft,12.7619231856897
120.358981885178,217.392254497052,1.03866543112763,164.382875993717,44.3924101605248,9.92856092882392,soft,20.0069696308447
142.340827341336,245.760892115211,0.895263634344685,154.876802977558,28.611144344224,4.99319318400778,hard,24.8700657315065
174.387474612525,85.9388370393064,0.862276454539019,156.308862420472,44.1286277790557,8.39323270911461,hard,52.5020994086502
96.2761653577637,29.4039951010525,0.758495060255783,153.698003644985,40.9811005559771,8.49253240311602,hard,41.251671082117
158.911969688988,44.7296064914906,0.990351481479819,155.730707760141,26.4933356956942,1.50469470554021,medium,65
177.65269059338,91.506868435003,0.790167122598819,159.381339711508,22.2583965583561,6.4575849617947,soft,48.9657024517783
151.161477019851,99.0486458111785,0.790707176603492,161.965251847232,44.6953173874659,5.27741933893891,medium,42.8562286639469
180.150752212391,98.4451280850757,0.975263764839725,156.744212981079,47.0875477235375,-3.73636058661013,medium,65
79.7314220684049,53.963291637372,0.978601115256351,157.563110848616,20.9693450250822,3.61451394457941,medium,40.6376123997171
96.7543977605706,167.588624397275,0.998792712580179,150.749996794611,45.1508059502247,7.42664019699904,medium,16.8432414200592
110.805560877501,21.520916331858,0.938345103875765,161.853872655824,46.7518963779543,3.69825824526274,hard,65
127.487556349255,88.6101579772302,0.882673957608061,150.075417288566,41.5300514822126,-0.14467676532806,medium,47.7146385331893
126.133667917144,184.090463800034,0.953130881752784,158.28324117062,49.0444753139211,-2.93533874581266,soft,38.2322235817033
121.573405000169,41.2951654046058,0.798439716189828,155.664919920343,39.1367543988583,9.50469491286091,hard,46.3807276403822
151.034696612902,166.229284888177,0.752729959682048,160.100947593651,23.0243704699071,-2.49012882864553,hard,36.1775104023251
64.6862139445222,171.37295906058,0.891480141717063,161.827166919528,42.3118404545697,3.90456266653897,medium,0.00989577740967995
174.662724976493,217.467533090841,0.835844704843592,161.21190483495,37.7823279055846,7.17697485991821,hard,30.8669599036329
69.7872962202235,115.319207387027,0.896269132323147,161.43112308765,37.1879020872509,8.07651133135819,medium,9.79485002015823
204.672547006818,70.7673764865868,0.85295445196102,156.070332102718,34.2789141878404,5.07414770369642,medium,65
125.473851226341,77.9876614496074,0.970110321078799,163.456379293566,24.5069408819624,-4.07882852712046,hard,56.6806240628007
117.883340178403,43.5716497492921,0.774306553151817,155.331022528704,46.7748180426613,8.4893916670728,medium,44.2107063549743
82.8943629242908,65.2777627099883,0.971817168117283,160.97327673717,25.4070712354679,-4.87279595199502,hard,40.5174337550349
62.2083150872958,227.621087910078,0.824681354078664,164.587272970521,53.2931418691952,-1.32562403949055,medium,7.19718568173827
147.675552806799,139.384264771355,0.880312292239282,150.442051611531,26.8019534174218,1.94357471035445,medium,45.0742707123392
158.041182458735,225.5519378784,0.997116259556303,154.975149112876,24.1720743296078,-2.06173270535308,soft,43.2549873158455
90.1684023167182,143.424040654722,0.950011947457747,161.242652392174,42.9046581573887,3.0557252732334,soft,21.1632461405862
140.829755404064,83.418568400038,0.888788333935055,161.636569431665,23.5927346222419,-2.973308621598,soft,61.8996327857435
95.9688857536189,95.8465939933547,0.776084305190645,154.819883154356,51.6156959747611,1.4426222942009,hard,25.0411856381161
120.481651160361,230.170611331176,1.03953670617083,150.714969490726,42.3228774736906,9.01535397098425,medium,16.1133056875167
205.039531630281,196.053976316908,0.836369070485678,152.523938318945,49.7426824065148,4.09100177674537,soft,43.5541991826403
183.5999182536,119.144315521512,0.917386878054706,161.559202454654,50.1739658438098,9.5509311690974,soft,51.5132408289852
116.705223047398,95.8499017040508,0.914794650068041,157.960876337491,30.7516551140541,8.15364084581893,hard,33.4263664075844
113.068998518019,77.2684568804056,0.887808864179122,164.852009583165,43.6920514695495,8.41088805821784,hard,35.3780755979738
141.185363642691,95.2177575867964,0.858030947942394,164.232635973592,53.840827211722,-4.06003736879839,soft,56.3921030398771
110.874525592094,152.450605458235,0.850122216068391,155.176720677353,53.6841321589969,3.67986149528825,medium,23.6943230779641
71.5361279982347,229.448166919849,0.84554427959398,162.132139577753,43.2488879339067,6.40545658181942,medium,1.4783482376772
166.910728380086,88.1553937203418,0.753630263502893,154.105648251911,50.6266151650722,-0.241814430950965,hard,50.568410121031
101.945237061662,176.733731267189,0.791161697477063,150.988573560873,25.7240413300674,3.57203749594763,soft,16.8850357620569
112.11033532431,140.471807736039,0.927276058467642,163.041065888234,27.9408010512016,3.74090704060756,soft,28.1282229516673
172.25532282352,135.152442628013,0.99868074031759,158.184403608838,21.7974693599115,0.312662834586865,medium,60.3830426877392
99.8717667954553,207.061551270567,0.780047033407461,154.180827556366,27.4558999591871,2.6343782819274,hard,14.3558060195768
132.197076030982,96.692092696732,0.841399246128419,157.816318004931,23.4350043300153,-4.52874368969915,soft,53.8896255926795
167.682660924332,189.329065199216,1.00090745289925,153.209506087235,34.7559869916341,5.26648713023245,medium,46.0243704750103
105.786570204042,154.062233099018,0.993924964369192,152.694250655394,27.1636389847546,1.63516038483922,soft,30.4632089100135
180.617555772764,159.091069645928,0.766235659026559,152.830609028542,52.1525568771556,2.8795745687474,medium,42.1376876128948
120.608094213863,83.5128762089629,0.821303949046661,153.819499319826,30.6042048750946,9.47928732325271,medium,33.826641743058
195.201386686598,20.6434919623542,0.901749376335684,163.10504824641,35.3289195438205,3.53694409074871,hard,65
134.043451231284,198.131779943822,1.00294873516027,155.922564068852,31.504126777393,-0.255925495028171,hard,32.1033858533462
182.608178197638,189.901264428796,0.751360283028868,160.006785338756,21.7017815868871,5.40415776126665,soft,36.191633264208
184.09277167368,210.979951283776,1.0486061306102,162.416305969799,20.7278611155601,7.3831596847466,soft,49.3944601015961
110.492259112574,202.22553050719,0.983733905310706,161.378650961814,31.5033009187698,7.43283525916888,soft,18.1373795268538
189.152679415489,237.506958934575,0.773429849415813,161.279713140552,22.7577507313469,8.98034803031537,soft,28.0141576919638
78.058418426258,156.426027104593,1.01642884522112,163.73413151611,54.2497187723583,6.11272712795473,soft,12.3459116630901
111.223788606415,154.581792551146,0.881317114138798,158.599948658973,29.2970597387025,8.95427363826171,medium,19.1731377636765
135.73417264192,222.69150525305,1.02001928462822,159.61244704281,27.917263414982,3.75720106164868,medium,26.0026220552135
145.623898052754,135.782566528251,0.992765757893089,150.577063926153,26.5049898006536,0.222215494719436,medium,51.7131397172469
170.594936951174,219.75987463974,1.04251880316487,160.707022680936,31.9751328284722,3.65803990382854,soft,49.3898146529369
155.031581168392,78.5734732305713,0.788472037642006,161.131861023329,41.8035508526311,9.85719078970973,soft,45.2945283304735
99.3664818538197,216.097960969689,0.971609635188192,155.608343424308,39.0856999568276,3.56868939511109,medium,16.9173376179668
66.5503921475789,64.2450052290052,1.01644107841661,160.410747688588,49.503472831206,1.01637589451021,soft,29.6947461316531
131.55483300767,75.8242078224356,1.01612245651093,154.493163980012,54.5677142402153,-4.00631382603087,hard,61.1547976332852
159.683088219226,63.2074661940162,0.758572691743594,150.797645909107,54.8724451155345,-4.39241166058992,hard,57.6350323532958
88.5609879421924,94.9900431689434,1.00554899428092,162.401984001978,22.8796934894854,5.22099128785211,hard,26.0020790581087
206.706454339367,51.2653185751354,0.838315925875726,163.773151382767,31.0573198371099,5.37872593134772,hard,61.3214842419447
135.660177861186,23.9481166547387,0.850831555415372,152.936948611222,27.6591665125226,7.60893508270879,medium,60.3331138780581
132.983384357506,168.126918554364,0.886861652572462,161.432960057317,35.9506024179498,3.07068801925532,medium,27.2406595822562
92.436121239579,196.475636252,0.837018086645772,164.303068322147,32.251044740122,1.51129407355476,soft,20.0559678468226
126.34025588003,60.3444951807733,0.80429246379985,164.413386386257,26.788778963311,5.18221515574057,soft,51.7782481089972
176.824317731483,90.2397143850672,1.0092161953022,156.343297357965,51.7247366346541,0.929080840961238,soft,65
91.5421810291202,51.4161609660679,0.950559209295405,163.319189599726,35.6913471738915,3.94322653775419,hard,43.3826945936372
90.4197613291635,82.8315962091507,0.895871208114178,153.483013895664,41.4802608254399,-0.414402050565254,soft,38.2324243773412
149.383840797865,156.211252594878,0.868874164407715,160.44327551626,52.2923117927176,7.49148855109679,hard,32.2509251040783
199.348931526219,190.636419637228,0.977153059252796,159.883102101179,20.9319615013907,0.595297407123049,hard,50.9098237608112
123.511197194987,214.78160011904,0.892216666300709,159.33058893535,35.9393831187173,-1.63099258482782,hard,26.9692806827761
125.13186364938,30.3014344283597,0.933216921961448,158.528902059846,24.289809512485,7.59543801534755,hard,58.3728197404663
136.676434514233,125.266567511704,0.841687912140476,162.028875909207,30.5494749795639,-3.12854125488237,soft,47.8685295589624
141.229859298557,47.4482722677846,0.759655360858593,158.876803566221,25.0367970530132,-4.62387080926698,soft,63.4161973267493
82.0651676249591,246.976399855271,0.987581226244954,164.870958090188,37.4612712501573,8.91403449187841,medium,5.38371738042537
195.85051583759,195.081110684623,0.928315570160091,158.847529975864,33.7305463415271,3.34060629948031,medium,46.2624445710355
81.5018958342011,98.0418725320238,0.83474298409162,150.142375062628,51.6786468700652,9.15020833835749,medium,14.3614226837826
86.6848140386622,193.261212941509,0.954678410407639,162.675640385071,31.9566733720512,2.46141004100616,soft,15.554876238614
115.519415930922,149.075359638246,0.825180844608076,150.027465251582,41.9668145793337,5.41800994184447,medium,21.119149437267
178.602325405926,155.701710295428,0.972338168603888,156.67898774513,49.5991232431334,8.54781044269485,soft,52.8772998551754
130.004284813123,22.875154770261,0.907000263646801,158.639054955543,49.0499688161665,-1.41263338337353,soft,65
125.999887855724,90.6993542779052,0.919126910369619,160.361789640364,49.2331006083561,-3.99523594253107,soft,56.5830293025986
146.736997599929,40.0073564051121,0.799068869532325,155.244656714866,33.8443566342774,3.06770014869981,medium,57.1602550565546
90.7683118766168,136.282411422299,0.765313005253793,159.303392118446,39.3443639731745,-3.11391203492316,soft,17.2519543494016
78.2622006807549,100.891943683437,1.03392956433783,152.770160964453,38.2826889633586,-2.72066109153342,soft,30.8186975459705
116.933741390365,146.82925049708,0.955144389658864,159.192280713029,54.5620851535532,8.4410996741769,soft,25.2802954847312
206.342115040961,170.313424462396,1.02402427558293,160.152687949972,27.2100295715266,9.01388462076297,hard,51.2200857033693
158.784721895826,136.359595364312,0.849264166770844,158.728803394278,20.120343893052,2.20462977302209,soft,45.9694563088153
77.3616912407791,111.798258839531,0.872694158461709,159.818051942234,41.0005349126828,-3.59825563299217,soft,23.2442717052656
71.5233160813914,147.003040400557,0.797418607541554,154.896059292058,52.6188080265473,1.03317005858434,hard,15.5143745652216
64.6430684916574,180.034231732492,0.799086541394415,160.496464288126,48.5341329476722,-3.54072891611557,hard,12.7430001882104
129.116942399865,122.904277685448,0.8801491934904,160.60270303188,36.4026518021165,1.83039886431412,medium,39.5787030633091
114.098803240642,151.815548127218,0.925290875264016,158.741352913675,30.7299265689957,-2.06323378342214,hard,32.8024143480133
75.0851462450978,168.89273535352,1.00209944430277,163.773994900359,29.6417955802041,-2.39895631673479,soft,14.3271065952772
83.964601972371,49.7449796338486,1.01208214555539,160.612071375041,27.1333109728566,6.68932548848472,soft,48.3867666726833
67.315669535836,136.03294745878,0.960991969432185,154.36826626876,54.7066958004334,7.42563234513473,hard,4.27349728473776
203.018840180455,75.172696626605,0.925130210831261,162.903865195997,54.7406661496014,-4.99842754315577,medium,65
136.640950613967,94.1424252792081,1.04784186756719,164.079784415068,42.5462763832842,6.89447734330186,hard,50.652300928869
143.407232210162,100.860387411335,0.833968423371989,163.241590556683,53.3546599718039,6.42031515434247,medium,42.3787552676079
149.160918759604,163.967965851664,0.8735394650156,150.210295851706,45.1675185463589,9.03165884089585,medium,35.4315411137472
70.3641397620079,130.8287259841,0.997101397910989,164.372481602173,48.4207219661614,0.248398097546822,hard,15.2781548840419
60.8346486846113,125.892769704628,0.912492558881583,153.100401814068,21.0716999609451,-4.23586788288777,hard,14.9607328415614
153.215201795459,225.570071866841,0.885120931867438,153.799226219584,23.586503279894,1.78043853596657,hard,33.4254154833667
132.41537902173,223.698369744514,1.02819892734693,163.408501981156,41.2816052799519,-0.818494461802659,soft,36.9152334961262
91.0232244315573,232.154422707012,0.971576623419232,161.966390228552,28.9274109394369,-2.64212706670852,hard,18.0562231088521
129.306150345095,36.1097186143141,0.872720645361791,156.69203356349,46.4767114003147,1.36617876819323,medium,63.5192466903938
112.792328603084,24.0562449593784,0.918880252241065,164.672856989369,24.0231072184424,-4.40208457462894,soft,65
159.312890166404,78.56217219052,0.813965236416089,151.928516806378,49.1968042681371,9.04271519701844,medium,46.9716259689209
121.350133584102,167.663421425065,1.03565692078277,157.777554989989,28.354266238928,8.78061662871368,medium,27.7346580723466
193.229440409931,223.931043106096,0.775704994160781,154.43568626972,29.7569301005935,3.60683137373109,hard,32.7293091467764
157.222236036119,192.221744785502,0.811664345106032,150.24710634105,26.5003550974674,5.7563362319601,hard,29.4349338905294
133.10382992889,244.786304413961,0.876059061790874,161.09830242593,37.9371496374169,8.12020460258848,hard,16.4624075520641
191.497265749979,89.0401421620392,0.972723257399663,160.994096862203,54.521471626413,0.900982384322148,medium,65
106.926594038965,138.208384038945,0.883313556124467,150.572056265062,41.4995656863616,3.88547695135256,medium,26.7928525447077
188.144357254867,111.900752113334,0.898135047660566,150.02893387661,43.0204648118128,-3.37851719945409,medium,63.6559064693403
89.2640778957906,139.013833383123,0.864820788522075,152.949517849009,51.6313659188052,-4.78914481491236,medium,26.5508740237301
178.82027846437,228.250476911031,0.867222531751489,153.544318640289,20.2990605230333,1.71621077370566,hard,41.8215740314444
132.597382147351,130.322804214209,0.765603397126701,152.197242408297,41.206892600611,-0.460838266511362,medium,33.289245159406
106.597973906627,231.823617486679,1.04713432829067,161.964596672152,38.4791555866385,-4.47225648288499,soft,28.3173111059772
176.193434784783,171.146793473403,0.92863559396668,162.05905689904,43.1160129072159,1.45111914207329,medium,46.9925283570198
118.856910824879,200.704680622205,0.768496753492402,156.425260368761,38.785191665581,2.60572550714446,soft,22.9574777707799
207.559612035792,128.567366357354,0.982350914558521,153.325496435993,28.3776927175768,-1.57820578457223,soft,65
76.505715643203,221.627914871225,0.76955542360657,164.894056484993,39.4536150519674,6.70076612903839,soft,0.911883285914195
114.260169539006,137.016388140284,1.01691309207827,161.65812730105,50.2825807468917,1.96187917542918,soft,40.6651447344033
184.005003476117,189.412117843165,0.865396169445181,154.418914935384,51.1232763875155,4.83883482956146,hard,40.6261259045546
95.8457716982992,45.1349141963799,1.01325668485556,164.532186082114,33.6650391285978,-4.69944161363068,medium,60.3627997287931
86.0667067988197,148.836918196694,0.793709756964211,159.871134389514,33.1501344292565,2.66709620557169,hard,12.0267394126611
76.5438271066889,142.654393352888,0.899628750019981,156.046047306223,37.7915030632023,-4.57540144675565,soft,18.6947157187545
65.2775921984948,140.68655320796,1.02347996550501,164.622574603732,36.2832007580911,6.51396338474424,soft,7.93760576969301
84.4141729324711,129.41719948868,1.03903161253251,160.561786066118,24.8703784869423,7.97563341484647,hard,15.34726460997
97.7616781283297,178.283367901331,0.983226844135741,150.754221845149,25.5833061569226,1.9343314072147,medium,21.2858720402325
206.918709951456,99.2175514223406,0.869268073125392,158.712474840974,28.1189063105905,-1.77603675825797,hard,62.5840736578933
70.5936121419158,208.149959489473,1.03703535187597,150.188798338005,50.3187494018866,-4.19445802516754,hard,13.9750479572455
95.6677675228092,160.271337194213,0.912685084425977,151.721742639734,50.3977772549999,-4.25704270762686,soft,26.0459211390981
118.867448045579,155.735620400759,0.916161395295131,152.490010074517,44.1076363979659,-3.36265467998633,medium,33.1792744567269
147.416854638688,239.039397981539,0.981939370789152,155.619262597039,43.4324199812269,3.16945152868008,soft,33.7304490774946
107.335932513382,141.797906600169,1.00802477801242,159.042748013721,21.1669992372619,1.79065744553837,medium,33.4034304730795
87.0664974082738,225.005479155718,0.981663076719329,158.361129973141,24.4716011695727,6.39455320585075,hard,10.6502820715993
206.548020763314,241.303673498782,1.02526833503902,151.592397317066,20.7393062232626,8.58465473004575,hard,46.7387435674734
124.204669003393,57.1094074806396,0.87775600107715,159.775272233,50.5972293116763,-4.91808214996088,medium,62.3246736017352
192.727084276296,101.14512328697,0.797422269113905,150.313104389938,27.5748651130791,5.42448418349706,medium,54.8493438956802
117.016445431077,215.899845346537,0.846024260830899,163.12480607289,37.0831339886407,-4.11161556365429,soft,30.3018105429802
208.413572854289,57.7061557278753,0.944109383862911,155.198774612656,49.2027212298999,-0.417815945559618,soft,65
91.2088687916142,223.697069960209,0.837003887047564,152.515262161828,38.6262206533187,5.16385076672991,medium,8.45386696815532
192.263424329207,87.7973400121608,0.920967211102032,160.870752812916,20.2667825350853,8.65931925110236,medium,57.1471759131632
143.678784663302,163.434500436429,0.98259041929445,164.676207329045,47.466880105134,5.49519664388147,hard,37.3468217367811
179.90216747408,34.2575473408963,0.940235592409296,151.701750319031,45.5692313467378,5.20446613373678,medium,65
172.581392588646,195.925003070458,1.04278532878728,158.015754672091,48.4140258076908,-2.93179370183434,hard,55.451080969675
70.5741005717318,215.686624196775,0.855775607367576,164.347889561587,24.6136926891522,4.53042174962951,hard,4.13278082831851
202.917401476785,67.1171302902723,0.880270842406184,157.356484894604,42.0826281090026,-0.544382779870684,hard,65
63.3974610523697,169.686167152401,0.989903778210977,159.79747482175,25.7524788661132,9.61560189497652,medium,2.9955915412226
117.812624694242,231.021207146321,0.796844805063367,162.140373500296,38.2951078905995,-4.04085171926404,hard,19.5722752942538
139.344120598674,114.728448865056,0.772574995606628,155.595524724145,36.8262232985968,0.888473531712353,soft,44.2466270526553
63.7861656554065,203.500516516907,0.806432621915479,158.809704419202,23.4657635591607,-0.0261533331809458,soft,4.4836940495781
165.219288609269,91.601808660525,0.961603664242673,158.908077551372,25.1499327075291,2.24911643440474,soft,62.9998569442156
69.5651790870153,74.7372338792108,0.857318052620035,156.897414290201,29.6563219602969,8.60012765196742,soft,17.6812805070264
186.647980146714,195.317244547278,0.931887557124419,151.644743995793,37.4352285857016,-0.902469545605506,medium,51.1062154114891
148.969863163022,175.172308982544,0.910288024240942,159.088310397526,23.3042808728015,5.13445507131108,medium,37.1322530619335
161.42805420406,25.9436213966247,0.777262183351121,154.853802885264,49.4228616597836,2.29437928253556,soft,65
65.9945986647344,91.1554212541141,0.980507543993506,156.595707542681,23.9167677439069,0.673577933668557,hard,19.8698635943782
116.160542268654,130.15702868411,0.754769839923769,150.670747856427,29.3281125676888,4.99628412511922,medium,24.5963112863768
105.775134484529,215.625497952511,0.978847776886639,153.974461918944,50.6435429675383,7.11125339773624,medium,15.6494629009898
188.698223127325,182.610266959818,1.04726158255869,151.231980331309,35.713929915598,5.91715476998275,soft,57.8994047999365
117.069584845455,86.6703315081595,0.909780170151053,157.767038257386,21.9579209617289,6.15812018354606,soft,39.5409491077556
122.705651075927,148.426531663463,0.912109900366128,161.957214002243,53.2244004744687,2.94163948676613,hard,33.2849237578056
167.198540617609,134.788515253094,0.853026124990297,164.96334262023,42.8560874938122,5.4799164047649,hard,42.5505525869551
61.4322835769206,42.8739854091985,1.04423911427195,159.907162356207,26.9624782074754,1.46498898085424,medium,31.8023774523102
75.2284891143536,190.071058886543,1.03683970001616,158.196964841799,28.3624156485224,7.92949582124008,hard,5.0451120619071
152.929706609877,26.4759138602191,0.958439488330003,159.565203869153,22.6349846444168,6.24118718261205,medium,65
92.8401231593662,75.9199791404084,0.933379572346079,160.951376045789,41.663990783109,1.75382267831727,medium,38.1639241300161
207.267677081699,205.583157866218,0.865472767642083,152.973757031058,39.4598440855961,0.949024522884564,hard,47.2976396778241
97.83830157673,234.066778044108,0.78484289144667,162.583809302318,22.4051507734767,9.51746647442197,soft,5.12614354746237
116.22980799157,53.9699904081386,1.03602524330866,163.448672877229,27.1184457145663,-1.05081240666067,hard,64.045419484052
129.186820296824,60.8436686162315,0.898002467400173,155.930514503153,51.2351795793255,7.13896188268269,medium,49.2352055132669
160.39870728278,200.980189174307,0.831514427410111,151.356237489385,38.9429716559587,6.56038132111708,soft,35.4760293632826
116.007740739715,174.048523632265,0.759011658881385,154.87128207319,41.1573614016441,-2.35352192416081,medium,24.8674497413638
99.0305625619349,103.048992502872,0.930017444088343,163.605759420552,29.593642619245,5.24047735184774,hard,28.8089028859337
85.6752734473862,191.025079029825,0.788903216073968,160.223648325059,29.5615469134498,2.55664181405927,medium,9.82751136855918
177.839006166514,147.7971579509,0.777594521126058,153.666633501155,43.3713281616407,4.90159133521439,hard,41.2563132075835
203.739587932893,112.935156571551,0.764344102435825,151.19267305141,45.8757614388955,-1.96104382430014,medium,57.0222894666903
178.916039782134,206.629131774434,0.807809891276741,152.355442560247,43.3136872340404,3.87602354126863,hard,32.9584629165226
186.745168372965,66.4358901677728,1.04661253387495,162.878243642921,30.5922112778756,2.26614010969148,hard,65
70.2255602530703,214.54136455331,0.859708507218182,153.127499538179,41.113487891958,9.11923160184001,medium,0
149.137439266704,38.7583442837731,0.965431141023946,153.170320149828,23.2760436449529,-2.78510358893977,soft,65
190.923400811459,76.0016614316325,0.761213080596268,155.095029058617,28.0310944472508,4.23215479257223,medium,51.2720946468743
165.254872974632,83.739453608959,0.946140791151578,164.091285534029,42.1333493869718,8.0109095070133,hard,55.4978570253628
160.562022288523,181.244518982312,0.789909016260419,155.83194646248,49.5547196950649,-1.02398155535184,medium,43.838655064685
202.666911039923,194.60965484227,0.84115388208213,153.153414583773,53.8625890985105,5.46990916574043,medium,42.4988666926144
146.229331940049,41.496387832499,1.02699353836725,163.52529190294,46.3307320191548,7.7825207970507,hard,65
133.129698695689,49.3942756785615,0.868833766762537,151.850431943314,22.2685392444643,6.04198841568967,hard,46.5175184163939
134.482132984572,241.162590887181,0.857485169494046,151.31676023133,21.8041733140655,-2.34389605839189,hard,31.483368856882
179.851531393344,132.941234615843,0.837606439621366,161.596573176694,26.2695301652272,7.7491143132532,medium,44.6435928668787
192.082145352002,239.162127144981,1.00553222864262,163.298152260601,23.9635928283956,3.12067379764761,medium,47.8250393584821
185.968146552909,232.505513973843,1.01457892058548,153.536254568879,41.3079098761107,9.03742105512128,medium,43.5194974926406
183.557853423194,157.12042934792,0.889987892903832,156.673646025706,44.6293860613523,-4.80324015193402,soft,63.2118864234857
98.9562617717594,194.453055298884,1.03560762790385,153.110526168355,41.9884824478005,1.1166682228521,hard,20.2835717056735
81.5879086185031,38.2327753575311,0.780126245899733,151.172572108382,48.6875253870812,-1.2118650856616,soft,47.8667954520221
129.214123949379,209.09470055339,0.950590887804673,157.47537072823,30.076589666162,6.40583227057661,medium,24.392385672468
100.929894208923,152.454893053836,0.926511059762074,151.631060050122,27.6758826601957,3.05363823832871,hard,23.9508383767594
189.179831733414,69.4597557742996,0.941377982385377,150.992812077814,21.4623885054849,7.65423552455656,soft,65
155.302527584522,62.9193077007896,0.803670118995196,154.736042825675,34.0544845348675,6.87227700443034,medium,50.9430229805058
77.9017346180249,40.8168924371569,1.04306319569588,153.477142524303,22.0141857096028,0.734106929487103,soft,53.8586330709833
183.383828575577,237.601392176246,1.02602016838616,156.07277762423,45.7780726906598,-1.3660217401511,hard,51.3522345487518
115.658695572326,106.441056358411,0.897598854923319,155.493984745071,46.3723610230602,7.96673672853296,medium,31.4726260928356
154.025967442079,128.281411997752,0.890541176835068,150.448871489946,37.6720866340582,2.12318838138146,hard,45.4226053455516
151.918945041786,217.850449870744,0.991479244670262,151.610779772808,33.7742326900611,8.80672915807156,medium,31.8022597951255
132.688086664899,116.733737578114,0.790293436037538,157.711988461442,46.6114404829455,7.69497541470151,hard,27.2919735521675
136.838191832584,208.347790226243,0.877142992682354,152.054478719406,50.7590763469054,8.43128588413,medium,22.4517518224163
163.6524458464,73.1901627749065,0.843814070184081,152.22799570809,49.4924441596732,8.97201418035306,hard,50.8266333559204
104.584457511011,106.38266440024,0.884525560566387,153.167961577524,39.4107422618818,-0.0114508088741321,medium,33.5382674649748
147.381042093985,228.556254997673,0.83264639389658,153.764511797102,47.3586698973099,0.811895703249765,medium,30.2968924008663
151.967129573321,114.91633519188,0.792228300658836,163.011745866017,39.4450701142882,0.540411139410714,hard,42.0509880522177
156.840228428117,190.653559695114,1.00100756088888,163.865553879968,31.559527191785,1.50744003382983,soft,45.2860514669505
122.510816288448,36.3591950652671,0.929035398296311,157.103309257361,27.3496248994489,-4.93096504958573,soft,65
102.920108770767,150.157878747724,1.02088056470684,156.606787499787,50.2006373812875,8.52770330933036,soft,25.0590537530875
106.727317766003,92.241751851202,0.956859550204289,150.733437197622,54.5501682153594,3.82558282832973,hard,34.8396538811027
149.25728746981,245.728082297691,0.892535240362249,153.178274282642,41.7252279744657,-4.63376520799846,hard,36.3949875403088
149.545125171078,46.2485988566476,0.997764356553232,157.829009839831,40.1677505675179,-2.34064815460626,medium,65
135.17382897969,77.5902569156574,0.773451833008199,163.650322178533,41.007965287019,4.6485432079046,hard,36.3812185048717
115.300144258794,83.9158900377684,1.049750068079,161.75846829866,38.0777065627442,5.89576732417241,soft,47.5517858671389
164.113468848107,248.29002313367,0.9447439767139,153.837129453258,33.1703234909348,0.0902440228422972,hard,34.3560725452367
63.0508229177577,125.530251657836,0.909537393538386,162.324077918145,36.541478782573,3.52104901744168,soft,11.3284108817711
86.6532287956431,196.819956190267,0.945725162074395,162.36017952166,23.8071979804383,3.90923490623115,soft,14.2494174364238
68.6675981067088,249.153323508475,1.01379025415329,155.293545015147,29.5670096334923,-3.70596145557472,hard,13.9224049977659
143.751105909144,42.2904177471047,0.774172281834748,155.339626283507,21.9605912102619,4.77185169170748,hard,49.436920272274
200.731031321898,47.6434694370749,0.875266191882531,163.941621318979,50.8844294442795,-0.908376630280928,medium,65
167.799865662929,199.437556501972,0.878432642046382,155.051505224591,33.5717806615125,6.67750607115543,hard,36.027913736207
118.946255407721,187.535714972057,1.02521077844015,153.114275337154,32.6091824263572,-0.245862979685999,medium,34.0792826726645
118.500652826926,58.1691312822435,0.852549030081077,157.290027349236,21.6823120948287,-4.51913170770625,medium,60.5602720999617
77.387751344055,241.223083419204,0.863655521032572,158.465394244751,22.0589605555041,6.09572265745582,hard,3.09086275113111
112.170812395257,189.683610460742,0.89407000587423,153.536988548749,51.4205594714412,-2.99211009753195,hard,25.7243523534212
175.245574159278,78.2571392636057,0.876120911718479,157.012131215076,21.6135182627511,6.94995526662177,soft,60.1916173748487
85.1941549826241,222.342143799064,0.933506845174284,160.032116332109,35.3669410515579,7.91180742502105,soft,5.02845435844539
121.398987886332,222.339119561522,0.864558508473607,163.604050912206,30.9525720222916,-3.5790039835337,soft,28.4516492285083
169.017102047269,81.2869489513691,1.01873759618434,152.882788913509,34.0359613954596,5.25144053382576,medium,65
183.815195741622,150.159418016365,0.969890294054891,151.456142168691,36.6615938532248,4.10931354059456,soft,55.6479489480471
68.9649952571006,237.42975771579,0.817896023512726,159.45209130457,50.4571608692683,3.35844768342154,medium,6.7395185181227
88.6745853599239,53.9344092304254,0.827144459103521,163.180231033646,28.2698378200084,4.90141437952111,soft,36.3250490371805
187.486236629162,49.944233103534,0.928070692840574,152.305296386492,20.6237755743769,-4.4186629169666,hard,65
80.7946839420785,60.6602096614762,1.02947727158755,160.387661395727,24.6727269060043,1.84476286876073,medium,41.3913223202638
168.890983449007,246.323152167708,1.02274415482018,163.320451176165,27.4844285995247,-0.714926489581132,medium,44.7468468860577
197.478217650027,224.79741636267,1.01115239010462,153.728507470965,38.8054250185661,-1.23931836203059,medium,58.039317365217
84.2427526683547,245.434994891735,1.00755451348015,150.877729161496,26.131429736868,3.80118032300123,medium,10.7647738277014
89.8490678398779,25.0887638730771,0.985564014026805,162.606404756611,44.9610242530092,6.88916054220469,soft,63.0567535708669
157.365110965281,185.166876595586,0.983555860837547,152.584433269132,54.7171204382507,-1.65121120040977,soft,54.4028723543247
140.866367182783,25.9796367981879,0.84933581685805,153.577042733994,27.2542361950802,-3.50719026739704,medium,65
208.685402081009,241.032366300146,0.963905351241655,150.212336422323,37.0140342742546,-2.11342233172087,hard,49.1146211911579
83.1411228855333,227.680283479211,0.830903587246538,150.971170014136,20.565244444448,-0.759540812527798,medium,15.3650486494659
99.2853063161541,220.654130190022,0.947997870646626,151.249710278684,31.6762160072261,1.73513165024686,hard,14.2853542465611
93.2824989717354,139.895676253829,0.938873547328266,150.432319898246,53.0255001461841,0.730780815779796,soft,23.238565950892
93.0485494777381,47.2233396045013,0.750268889493785,158.618470476044,51.0750195035435,7.51289358339398,medium,30.9969442063344
67.1442828734979,139.371708357491,0.971564416079352,161.858018571442,28.9049375149498,-4.99774774911195,soft,17.906840872828
155.025863122679,119.855082272933,0.833763972597959,157.951247830024,42.8480496750568,-2.12129138262022,soft,49.9997755976171
85.1993888175876,153.153107173589,0.810775891809296,164.427120225909,49.9107360689286,0.952640065258461,medium,18.1557466219263
143.284282530117,217.748644049646,0.882714051412797,162.273753003436,34.826375788913,-0.143040664867157,soft,33.3055034292225
184.130437530722,121.864869362774,0.889473787797296,160.579879031796,42.1417817912913,9.22835082766568,soft,49.9708351245284
141.656096793656,143.822783230245,0.843408034508388,164.992477314513,45.1452118962961,-0.513761653382239,soft,42.2392642526452
168.787009132012,140.299771715463,0.794098332992492,155.63030495249,32.8427485334311,-3.73908094412678,soft,48.8840003964928
165.984587169266,142.278617718099,0.899940375851908,157.99381173683,35.7449772520734,7.73289126883987,hard,41.4053013199376
149.310193048879,240.232015289534,0.959762171136014,163.388743952387,28.0890558819441,7.69460697873878,hard,28.289711348998
160.717589365406,100.26138663467,1.00533975742662,164.754792409452,41.4727495046199,-0.792796921379922,medium,65
66.2478126084117,131.767699222281,1.01560211729663,157.877200284658,20.087601375769,0.844979627293789,soft,16.2985706990135
146.335957594734,235.426431904782,0.829689196573658,154.259533312718,43.5229149123592,6.91456372521892,hard,19.9686129942818
132.402958977205,184.776526898024,1.02206437459053,160.453949113488,40.048903411731,8.93507474653046,medium,28.9135647668046
202.47334265729,102.385562967798,0.840974399989408,151.373611308528,43.116648132105,-1.74346882471978,hard,62.5898316109953
185.601483418996,123.03918931782,0.830059011449907,154.513477600715,34.6475299773424,4.40155333299019,soft,49.8931957569275
78.452236604942,207.698652556539,0.939218740612546,152.521151674888,53.8804563294489,-3.55557112247235,hard,13.1807366665696
92.8382998923588,31.4483565153321,0.833615632991396,157.605824003918,53.5937659340869,-4.42039453328929,hard,56.1867611559447
152.017252708477,187.37923478883,1.01956951223732,154.596795857141,26.9237740270984,1.16551465377932,medium,40.3752562012951
89.0055938394175,30.7030028666705,1.01943400916623,163.455725333788,29.6605037653861,-2.19380803094033,hard,65
126.162427558314,46.6281037628336,0.93354618569437,161.871608941895,33.981284143717,-1.04961050809149,soft,64.333867728327
71.1055042489572,37.2067409565176,0.822940739326989,154.030511760751,48.8994603579446,6.04959897728665,medium,29.8102280789324
105.69823406219,207.220348028382,0.761904673931549,164.918347860329,42.0412244023263,0.754845914240947,soft,20.863535644165
181.236655970693,70.2083686406997,0.923733570581301,158.730475036563,40.8341712073136,5.1686815407265,soft,65
129.337895545029,177.311529365064,0.913916480256966,163.162730349665,44.6609094138159,8.65189569471312,hard,25.9159721226579
168.631507489262,177.957897626645,1.04488597915428,158.977239071426,23.3622953335634,8.99029807543595,hard,40.52809855615
69.7277530289679,58.6460711632889,0.829079225459224,158.934720833762,36.5912875014532,6.89200594276056,soft,17.9552080748181
67.7225127527375,48.6253646006754,0.772277826110197,151.665605363286,51.5974808166413,-2.21124537868078,hard,31.3217385340196
63.2244293628269,187.671051429267,1.03364760576684,152.867658087868,20.4358132643504,-1.12697275105776,soft,12.7995261926178
60.8654991026324,230.000281448747,0.991983697661378,155.870880586343,54.137119563089,9.82175477725377,medium,0
139.21065797436,216.765951313179,0.907564161670265,151.724474881552,50.6962128222794,-2.221598498793,soft,35.147878629284
124.464532463798,103.658567752068,0.819648688942573,163.11748926654,24.8722150337678,6.89296497201285,hard,34.5210063791373
134.089603426466,218.827347951343,0.934659200211824,156.106747256974,32.8391386768247,4.5527205612917,medium,27.0573217564071
206.910243053835,72.6938472660061,0.916985171065404,155.393867083198,21.118627231511,3.2892068728975,medium,65
207.407857609929,103.673399051338,0.861342581942241,163.457032941022,28.0009922869764,5.92826005169216,medium,53.9258952154819
147.680508227036,170.740806580057,1.01876037056313,163.710496679745,33.4479244022024,3.83023517282638,soft,47.0190605278626
161.721091479763,205.182618385198,0.934895131774891,161.945037528467,30.8241855664534,3.91183621903588,medium,39.7362969257982
197.0180355939,215.860443846849,0.862919030234352,153.230414482837,45.8366143849245,5.69234404810319,soft,45.5015105253263
120.28271690708,226.756886090527,1.00226195294801,160.954597336,22.8606546203411,3.91854264377642,hard,19.6610321220952
118.047120429132,213.576049742763,0.972261713566065,163.715458901203,27.5946543475982,1.78221981942328,hard,22.153244193594
129.681212200772,98.4524833664127,0.931098588067888,150.494641140096,25.1846930095665,7.72202118498521,hard,41.5625026560868
127.930908291801,220.550675510705,0.93455225273123,157.841300645485,44.5109443403629,-0.692824877790433,hard,27.3591936240321
95.2142760689282,119.77211009823,0.801287149229497,154.579834612065,50.8565070819809,0.444522683669847,hard,24.8763782059066
198.248635059397,70.6048764709255,1.00536178348139,155.318554082469,23.5959142597811,-4.95202760205764,soft,65
175.484070449653,125.359679772381,0.926334248687476,159.493816151688,22.8830354425018,-1.73149940955872,hard,58.0851650977246
76.9088842164966,191.773021394807,0.929694647921102,153.542818051674,52.5020189302024,2.82328696528391,medium,14.428110094276
61.9332896462732,230.850892671018,0.933353566448967,152.301958621465,51.3209580362517,-0.725219177306805,soft,8.16409047087634
101.330820372533,153.852155989345,0.798933924976795,155.328963648955,22.6380896985668,0.762218587474596,soft,26.9002642940024
66.0108929077123,232.294630799076,0.850224196366326,156.168780915822,28.1620522842603,5.40078496424572,soft,0.397387491052784
178.466886617999,165.338102433402,1.03735309150828,156.968307726398,22.5665316276332,-0.612106943384239,medium,63.7840201390859
63.6860897003154,105.231264227119,0.860757472962703,164.163318162676,39.6770019899788,-4.389716774781,medium,16.7656229485205
77.5849529104033,100.653132198476,0.863225708559775,154.903988603735,22.4260420152071,5.27369167412576,soft,16.0899134075232
198.170715288923,57.6439051984138,0.770177273007951,162.364651438158,34.083384903185,8.12767260947687,hard,49.5863501512748
167.155721925209,100.619079446003,0.899114046886678,161.591488393469,33.1511792622614,9.99630191042414,soft,52.5241256991295
136.291687659713,114.359749331361,1.04330164625065,152.129773163054,20.2906885747282,-2.61945666981755,soft,60.2110919578262
73.075901590792,24.647605566833,0.945901010338716,162.841383574303,22.348167206978,7.43635931002245,hard,44.4370929297943
162.234988776206,213.461223052019,1.0319981298414,161.249569661363,28.8017196869985,8.43495056482077,medium,38.059158479088
144.870020718107,58.1488154689133,0.805676801505346,164.345413478369,30.1270446793044,-2.79123713423136,soft,59.632094196175
124.901602612201,156.996135310626,1.04089202251405,156.474650279053,52.4837492097117,7.31796941026576,soft,32.774376958533
197.252361799459,151.628578879305,1.01687060229153,153.072764811816,24.4553486142307,2.30145657706439,hard,64.8431764249183
121.047234743447,36.9078597406903,0.902817253614676,158.877878861254,49.2535167439035,2.82645692586584,soft,65
107.796303572606,181.287958273824,0.796871595214789,150.041622245382,35.9248392815529,3.56607227687064,hard,16.1303537036793
150.085750531759,128.436332726114,0.915252698989699,154.828204950037,42.150628707358,2.63227775033692,medium,46.5897617987383
196.659397831013,74.763884043659,0.85608163700295,160.618546068406,45.764206278646,-2.08551510522023,soft,65
82.469306439225,241.564004048199,0.97008944034533,164.729959846179,43.5892637124964,4.15946154255153,medium,9.41421763764174
199.628848113685,246.623739732452,1.04155596712632,156.296623214337,25.7578556950475,-2.65138817352271,medium,55.2857293049026
93.1996219101985,203.758341396053,0.881037952592584,164.588532636963,30.4035726854236,1.14106246917949,medium,20.044192769396
177.696249693917,213.289271225371,0.787525500495566,158.594410539435,54.9818935132975,0.499315102722393,soft,38.9954477819388
168.293960074177,145.878090943124,0.986079757011695,152.856267577696,54.5836080247986,4.58546796031084,medium,47.3823785498811
165.209278001781,180.929575418798,1.0317772323499,155.073051952333,35.4817485004666,-4.41090401829001,soft,57.6430796709263
199.85069384628,239.013075777773,0.983623507070372,153.450382992435,27.1902784503132,3.68078829447659,hard,44.1371535997425
77.6618074018037,29.1352779139011,0.858562789563752,159.451609784819,36.9900125729947,4.82699646543799,medium,46.7337875491898
178.790683958882,121.177065702327,0.994408815520591,163.823457534218,51.4451762911244,0.494081434522563,medium,65
92.7149713887573,186.274071741197,0.792102119568633,150.96715782375,54.1240334570571,-2.52429831650122,soft,19.9817842773009
209.889418227261,55.9212741304331,0.94708493728546,157.060305678282,36.6410474875437,7.79623344039567,medium,65
153.503755280719,144.408089431371,0.937096582024349,163.003971391897,28.4285338153982,9.66426269676771,soft,39.8857417592741
158.029302241794,148.973291564064,0.79668792515352,163.939459021204,33.9059327691051,2.3405050697837,medium,42.4143902227087
125.969587127379,126.705487318736,0.98557570094445,151.644711641956,36.9503878415656,7.63489751725879,soft,40.1790311587763
136.262703276216,88.6671330356568,0.802698467667513,153.582974780971,51.5996669365007,6.32948511275275,soft,40.794674761067
97.5215061138185,223.400056630216,0.770388758140072,159.407781961463,47.7090137985839,7.33451086188194,soft,8.62248743780387
67.3296393567623,106.387039061676,0.869960876534093,155.603433098574,27.6577908285101,6.52710334551469,medium,8.64254872780106
107.79748713881,27.3541581296141,0.968196107113532,151.734848073217,41.4311977418308,8.55349700928213,hard,58.7407590267531
141.677805891396,110.651509832851,0.838657632641813,162.913319811427,45.6049629064517,2.27017954668123,soft,44.7777712828845
207.828999489502,39.4245783865155,0.864411659782712,161.298343479977,53.1494204508324,1.2133723005525,hard,63.3354530910128
62.9208502226701,109.546769720425,0.971564461900088,150.470129771553,36.6287325273462,-3.30633964273013,hard,18.7570727525696
127.36381665721,160.763841246998,0.787829449611282,161.63914445179,51.769919784228,-1.4850142324706,soft,34.7794285943619
176.898866836791,32.9978530920215,0.81135617499782,154.564358772663,25.2232784704926,-3.04128810888455,soft,65
171.961543011458,157.400373650071,0.779081585977802,160.615374103699,28.7280721443682,8.64786981377726,medium,33.8411378978718
70.0290798271816,103.199015583844,1.00987876744064,159.278062538498,30.0681625247392,2.07999698586353,hard,14.4921374315365
206.631576354195,128.860615624738,0.99290278402161,163.747052005522,42.7613040450355,8.74134502047685,medium,57.7175775144417
151.337111072748,139.114216231148,0.917422770586557,154.21345988359,54.6569668314596,4.09888029094336,soft,45.2362841033171
119.036058570911,83.8554084807677,0.782170733700333,155.765490320207,23.4236795121415,-2.74991227636383,soft,48.3068699319713
76.1924350540683,141.354792219381,0.886325384397956,152.404739320337,25.9066898598521,-4.86483961412571,soft,24.4570867665406
203.433763709155,185.83234700638,0.850014445362222,159.215942650843,54.4642042612292,-4.49917622177903,medium,54.1338604486284
66.1448116302709,170.12133613164,0.823799992355079,164.171877302785,20.8550491176206,5.76448547109069,soft,0
208.220440007596,52.8113388355828,0.992621511589741,155.189617278835,52.572193353924,-0.656494537785354,medium,65
165.202698101105,224.235339297836,0.919766369458086,164.194926695479,26.9025702202676,7.72604706666354,medium,34.2116140947879
189.757518027228,46.8689726040734,0.976463679325839,150.01474305708,20.0927112410765,0.449324844458917,hard,65
111.969234010034,164.512526641328,0.787746267991993,164.092148154597,48.4291338229411,3.07485225269081,medium,20.0643163431212
84.7094384239797,215.434907797518,0.836487387245914,159.809711521598,31.8332716714938,7.94173784709767,medium,7.20075595281012
163.03202003598,226.669653768032,0.968950365089609,162.143401564282,49.5383630025972,5.383690632845,soft,38.0745517545272
84.0942950993228,178.51470614245,1.02833029387834,153.142847082751,39.6032252867476,0.511296710877414,medium,15.7061773873851
204.827070641933,177.115141477513,0.855518638311525,159.462024683085,53.1666210608292,2.71100076585019,medium,48.5940206788057
162.599936128187,248.921924451609,0.922704201332895,160.729048478501,40.9802789804767,4.75373347664149,hard,30.1571215919145
83.4520295852948,115.465832613114,0.775456847370541,155.091179914183,51.763310384339,8.08169971716961,medium,10.3527755448354
173.216543267341,124.750128727471,1.03186712071168,159.805675856528,22.7641867199443,7.57515447983701,medium,56.0318333802492
122.892861704631,174.51165473735,0.779947980462928,157.070052081557,44.721738933595,3.88727746620169,hard,18.7179625989503
145.423457471515,107.91511083676,0.88631115897118,154.878650914544,22.3449537508273,7.77678835709714,soft,45.6516238436167
78.0613123562167,193.678369770929,0.853112749356908,155.19232001519,39.1952710760239,5.80444187718879,soft,13.414617242846
105.175777893488,99.5219993759493,0.841449742290817,163.380280364425,48.4098733698875,-0.493729897591438,soft,40.8675952965889
192.819255036358,235.36703589075,0.985973550819348,150.11706909257,40.445281934376,-3.29562879374188,medium,53.1955727176579
118.673465246039,145.667523285065,0.799524002253,154.098743181981,35.1314622040713,-4.55677022028131,soft,39.2849099415489
177.130007129799,74.8813978935161,0.821332799685657,163.405470368449,52.8504448647837,0.587938354131502,hard,57.1439847279205
84.778263613299,21.7009177721634,0.823768111308141,156.314585058602,37.6701385034448,-4.37024706395882,medium,61.7521752366896
174.955517956402,235.388795627879,0.97483982553816,150.923151813356,32.2164014240123,9.71457099782386,hard,31.193275459384
171.39074091682,208.221601807851,0.860214646425556,157.934392216826,36.2850468596884,-1.46040477044117,soft,43.8397454369309
96.1779517492553,127.994602875085,0.93862881718138,153.595353029169,37.8101438031618,-0.404087812382519,hard,27.0077542763979
91.4262669693389,203.656585397079,0.809690562252589,161.337557657129,41.10875343595,8.70499482607475,soft,8.44141660826556
184.248043334653,185.753279658211,0.884788436702179,164.466880760649,34.1823147492879,-1.4091935285705,hard,47.2205629115577
186.594308324426,58.3118015913068,1.00499015471835,154.832178238153,39.384627032288,7.4232462284877,medium,65
194.988820058034,207.388287234506,0.876330084626603,157.698132917899,40.0549441667321,-1.07322429335974,medium,52.5529009383037
78.3673268483354,223.033906403395,0.961114346177112,159.885128757666,36.7232705419841,7.61938048335303,medium,4.56152636148596
186.291119364931,178.283765129387,0.918932826392563,161.513394605142,46.250099872374,-2.39492706539416,soft,58.5649744460711
113.907732218831,179.546887868214,0.92129818463542,163.886451119542,21.4795049693618,3.60188998010953,soft,26.4868110713889
199.925454939472,118.820698558701,1.02660934559176,162.241628240096,40.3682890802533,-0.763618344618654,medium,65
193.209743288648,87.4319513108035,0.930511878896478,150.802020054647,51.8013516359072,1.48860512533072,medium,65
149.338640892658,141.292293951303,1.02590064390601,159.447633507718,42.6668662805329,5.87379471921743,medium,45.3036667799135
130.797141274224,56.1078108338351,0.778611490474099,153.556866125302,50.6330839946062,-0.686465340896518,hard,47.8954791612872
72.1857592617579,52.1110426746899,0.898702360851027,162.543077518705,26.7394333314741,6.96037836232872,hard,23.4906698710936
